Gender,Age,AnnualIncome,DeviceType,TimeSpentOnSite,PagesViewed,PreviousPurchases,DiscountOffered,EmailOpened,AdClicked,MembershipType,Purchase
Male,57,38551.72,Mobile,21.33,7,2,Yes,No,No,Basic,Yes
Female,24,16672.11,Desktop,2.3,3,0,No,Yes,No,No Membership,No
Female,49,35375.77,Mobile,1.05,3,3,No,Yes,Yes,No Membership,No
Female,36,52439.53,Mobile,4.29,6,0,No,Yes,Yes,No Membership,Yes
Male,23,82264.86,Desktop,2.94,4,1,Yes,Yes,No,No Membership,Yes
Male,37,62392.14,Mobile,1.04,7,3,No,No,No,Basic,Yes
Male,44,59191.49,Mobile,13.17,5,4,No,Yes,No,Premium,Yes
Female,60,34568.12,Mobile,28.08,4,2,No,No,No,Basic,Yes
Female,54,40159.26,Mobile,5.04,3,3,No,Yes,Yes,Premium,Yes
Female,24,41555.3,Mobile,8.94,3,2,Yes,No,No,Premium,Yes
Male,22,42289.68,Desktop,11.76,6,0,No,Yes,No,Basic,Yes
Female,28,48672.34,Desktop,7.24,4,1,No,No,No,No Membership,Yes
Female,32,50031.8,Desktop,0.27,3,1,No,Yes,No,Basic,No
Male,20,48896.59,Mobile,1.03,7,3,No,No,No,No Membership,No
Male,22,42916.16,Tablet,0.44,2,0,Yes,No,No,Basic,Yes
Male,40,57430.96,Desktop,0.06,7,1,No,Yes,No,Premium,Yes
Male,54,49340.53,Mobile,2.19,3,3,Yes,Yes,No,No Membership,Yes
Female,26,26279.79,Desktop,2.99,6,1,Yes,No,No,No Membership,Yes
Male,32,55618.87,Desktop,1.65,5,4,No,No,No,Premium,Yes
Male,20,52898.25,Desktop,0.4,4,3,No,Yes,Yes,Premium,Yes
Female,46,26566.71,Mobile,4.53,3,2,No,No,Yes,Premium,Yes
Male,23,44356.57,Mobile,1.92,4,3,No,No,No,No Membership,No
Male,34,65747.31,Desktop,9.54,6,1,Yes,No,No,Basic,Yes
Male,43,34543.9,Mobile,0.05,6,1,Yes,No,No,Basic,No
Male,38,32640.78,Desktop,11.09,3,1,No,Yes,No,Premium,No
Female,25,49152.09,Desktop,18.57,3,3,No,Yes,Yes,Premium,Yes
Male,38,66212.78,Desktop,7.56,4,1,No,Yes,Yes,Basic,Yes
Female,28,87585.9,Mobile,7.94,7,0,No,Yes,No,Premium,Yes
Female,55,66860.84,Desktop,16.27,5,2,Yes,No,No,Basic,Yes
Male,25,74526.9,Mobile,1.41,6,2,No,No,No,Basic,Yes
Female,59,61240.56,Desktop,31.29,4,2,No,No,No,No Membership,Yes
Male,41,42667.91,Desktop,8.91,2,1,Yes,No,Yes,Premium,No
Male,52,66730.8,Mobile,7.78,4,1,No,Yes,No,Basic,No
Female,31,53459.06,Desktop,2.69,6,3,Yes,Yes,No,No Membership,Yes
Female,31,61786.61,Mobile,4.74,6,1,No,Yes,Yes,Basic,No
Female,27,37971.46,Mobile,6.37,7,3,Yes,No,Yes,Basic,Yes
Male,29,63396.02,Mobile,5.81,6,1,Yes,No,No,No Membership,Yes
Male,55,52830.85,Mobile,7.32,2,1,Yes,Yes,Yes,Basic,Yes
Female,61,59162.64,Mobile,0.52,6,1,No,Yes,Yes,No Membership,No
Male,63,53468.68,Mobile,2.64,5,1,No,Yes,No,No Membership,Yes
Male,51,50010.34,Desktop,3.41,3,1,No,No,No,Premium,Yes
Male,58,63724.43,Desktop,1.81,6,1,No,Yes,No,Premium,No
Male,27,47690.36,Desktop,1.14,6,0,No,No,No,Premium,No
Female,34,26403.61,Mobile,0.9,11,0,Yes,Yes,No,No Membership,No
Male,34,21268.54,Tablet,2.74,5,0,Yes,No,No,Basic,No
Female,20,58319.5,Desktop,4.08,7,0,Yes,No,No,No Membership,Yes
Male,48,46950.08,Mobile,0.39,5,1,Yes,Yes,Yes,No Membership,Yes
Female,18,23876.21,Desktop,17.56,4,1,No,Yes,Yes,Premium,Yes
Female,29,56917.63,Mobile,8.7,1,1,Yes,Yes,Yes,Basic,Yes
Male,56,53310.26,Desktop,7.87,7,3,No,Yes,No,Basic,Yes
Female,21,46006.96,Mobile,1.14,5,2,No,No,Yes,Basic,No
Female,59,59442.57,Mobile,5.56,4,2,No,Yes,No,Basic,Yes
Female,30,78671.69,Desktop,4.53,6,1,No,No,No,Basic,No
Female,51,78122.63,Mobile,24.26,1,1,No,No,No,No Membership,Yes
Female,59,57587.76,Mobile,8.26,3,1,No,Yes,No,Premium,No
Female,38,53475.21,Tablet,5.14,5,2,No,No,Yes,No Membership,Yes
Male,39,57839.23,Tablet,11.42,8,2,No,No,No,Premium,Yes
Male,21,60562.12,Desktop,1.01,5,0,No,Yes,No,Basic,No
Male,35,50170.63,Mobile,0.09,2,1,Yes,Yes,No,Basic,No
Male,22,58141.78,Mobile,7.03,11,4,Yes,Yes,Yes,No Membership,Yes
Male,36,26674.67,Desktop,0.62,8,1,Yes,Yes,No,No Membership,No
Male,19,56464.28,Mobile,0.74,3,3,Yes,Yes,Yes,No Membership,Yes
Female,29,63582.64,Mobile,8.19,7,1,Yes,No,Yes,Basic,No
Male,34,46182.85,Mobile,1.89,5,2,No,Yes,Yes,No Membership,Yes
Male,27,53281.49,Mobile,5.94,3,2,Yes,No,No,Basic,Yes
Female,51,34992.9,Mobile,14.96,10,1,Yes,No,No,Basic,Yes
Male,23,32494.36,Mobile,2.28,6,0,Yes,Yes,No,No Membership,No
Female,25,58794.67,Mobile,1.47,7,3,No,Yes,No,No Membership,No
Male,28,41867.87,Mobile,0.68,2,1,No,Yes,No,Premium,No
Female,29,23017.14,Mobile,0.84,4,3,No,Yes,No,Basic,Yes
Female,26,34987.99,Mobile,0.39,8,0,No,No,Yes,Basic,No
Male,19,37605.18,Desktop,0.55,6,3,Yes,Yes,No,Basic,Yes
Male,25,68942.45,Desktop,3.39,4,3,Yes,Yes,Yes,No Membership,Yes
Female,28,58224.05,Mobile,2.32,7,1,Yes,No,No,No Membership,No
Female,53,39311.16,Mobile,7.36,5,0,Yes,No,No,No Membership,No
Female,27,44420.21,Mobile,12.25,5,2,No,No,Yes,No Membership,Yes
Female,38,78617.52,Mobile,9.22,4,2,Yes,No,No,Basic,Yes
Male,37,71849.84,Mobile,4.54,7,3,Yes,Yes,Yes,No Membership,Yes
Male,25,34874.91,Mobile,0.65,7,1,No,Yes,No,Basic,Yes
Male,53,75943.47,Desktop,7.42,5,0,Yes,Yes,No,Premium,No
Female,46,53548.68,Desktop,2.7,2,0,No,No,No,No Membership,No
Female,59,69393.01,Mobile,0.54,5,0,No,No,No,No Membership,No
Male,29,52060.46,Mobile,11.09,1,3,No,No,No,Basic,Yes
Male,31,76344.93,Desktop,2.48,3,0,Yes,No,Yes,Premium,Yes
Male,38,34126.83,Mobile,1.48,11,2,Yes,No,No,No Membership,Yes
Male,39,50401.89,Desktop,12.31,4,3,Yes,Yes,No,No Membership,Yes
Female,38,76896.28,Mobile,13.94,6,0,Yes,Yes,No,Basic,Yes
Female,61,12000.0,Desktop,2.48,5,2,Yes,No,No,Premium,Yes
Female,47,54170.89,Tablet,2.63,11,2,Yes,No,No,Basic,Yes
Male,56,47916.17,Tablet,5.2,5,1,No,No,No,No Membership,Yes
Male,37,67323.9,Mobile,7.93,7,1,Yes,Yes,Yes,No Membership,Yes
Female,41,74258.44,Mobile,0.39,6,1,No,No,Yes,Basic,No
Female,40,68145.11,Mobile,5.4,6,0,No,No,No,Premium,No
Female,24,59338.0,Tablet,18.32,7,3,No,No,No,No Membership,Yes
Female,26,55730.16,Mobile,1.82,6,1,No,Yes,No,Basic,No
Male,18,48831.21,Mobile,14.37,5,1,Yes,Yes,Yes,No Membership,Yes
Female,43,58779.51,Mobile,17.99,2,1,No,Yes,No,Basic,Yes
Male,55,81273.79,Mobile,1.88,3,0,No,No,No,No Membership,Yes
Male,55,40050.78,Mobile,8.42,2,2,No,No,No,Basic,No
Male,61,47762.53,Desktop,1.64,4,1,No,Yes,Yes,Basic,Yes
Male,39,53640.82,Mobile,8.03,6,2,Yes,No,Yes,Basic,Yes
Female,61,73016.79,Mobile,9.58,2,0,Yes,Yes,No,No Membership,No
Male,27,59019.44,Tablet,1.7,6,0,No,Yes,No,Premium,No
Female,23,72702.67,Desktop,7.55,6,4,No,Yes,No,Premium,Yes
Female,34,73613.98,Desktop,10.03,7,3,No,No,No,Basic,Yes
Male,55,65656.66,Mobile,2.66,5,2,Yes,Yes,No,Basic,Yes
Male,41,35848.11,Desktop,1.1,2,1,No,No,No,Premium,Yes
Female,27,84899.69,Mobile,0.58,2,1,No,Yes,No,Basic,No
Male,25,80422.85,Mobile,5.14,7,1,No,No,No,No Membership,No
Male,38,56143.72,Mobile,22.93,3,3,Yes,No,No,Premium,Yes
Male,23,30128.14,Mobile,10.39,8,1,No,No,No,Basic,Yes
Male,38,26911.03,Mobile,3.43,3,1,No,No,No,Basic,Yes
Female,56,59577.68,Tablet,4.62,3,2,Yes,No,No,Basic,Yes
Female,41,42368.49,Mobile,1.97,6,2,No,No,No,Basic,No
Female,50,24090.6,Mobile,1.07,6,0,Yes,Yes,No,Basic,No
Female,35,26571.42,Mobile,3.95,4,2,No,Yes,No,Premium,Yes
Female,45,46540.31,Mobile,3.74,5,2,Yes,No,No,No Membership,Yes
Male,49,58508.73,Desktop,4.43,7,1,Yes,No,No,Basic,Yes
Female,29,80302.83,Mobile,18.32,5,2,Yes,Yes,No,No Membership,Yes
Female,59,63715.97,Desktop,5.56,5,1,No,Yes,Yes,Premium,Yes
Female,44,48134.72,Mobile,5.58,5,1,No,Yes,No,No Membership,No
Female,27,61839.09,Desktop,0.82,4,3,No,Yes,No,No Membership,Yes
Male,63,60230.22,Desktop,33.91,6,2,Yes,No,No,Basic,Yes
Male,59,68311.81,Desktop,8.89,2,1,Yes,Yes,No,No Membership,Yes
Male,49,54281.04,Desktop,12.58,4,4,No,Yes,No,Basic,Yes
Male,59,73651.56,Desktop,3.21,5,3,No,Yes,No,Basic,Yes
Female,43,69840.13,Mobile,4.18,7,0,Yes,No,Yes,No Membership,No
Female,42,56488.6,Mobile,4.43,3,0,No,No,Yes,Basic,No
Male,28,52853.96,Desktop,1.29,9,2,Yes,Yes,Yes,No Membership,Yes
Female,40,71555.47,Desktop,7.02,2,3,No,No,No,No Membership,Yes
Male,51,42157.46,Mobile,14.0,3,5,Yes,No,No,No Membership,Yes
Male,57,27880.97,Mobile,1.07,6,2,No,No,No,No Membership,No
Male,40,27778.64,Desktop,0.54,5,0,No,No,Yes,No Membership,No
Male,46,40665.26,Mobile,8.04,7,1,Yes,No,No,Premium,Yes
Female,48,66873.74,Mobile,1.91,2,0,No,Yes,No,No Membership,No
Male,24,47389.62,Mobile,5.87,8,0,Yes,Yes,No,Premium,Yes
Female,57,58681.29,Desktop,7.14,7,5,No,No,No,No Membership,Yes
Female,50,46084.67,Tablet,2.33,2,0,Yes,No,No,No Membership,No
Male,38,46227.57,Mobile,10.13,6,1,No,No,No,Premium,Yes
Female,19,36541.65,Mobile,4.79,3,0,Yes,Yes,No,No Membership,Yes
Female,35,53345.88,Mobile,12.2,4,0,Yes,Yes,No,Basic,Yes
Male,64,51847.05,Mobile,8.65,5,2,No,No,No,Premium,Yes
Male,50,62427.97,Desktop,12.18,4,2,No,Yes,No,No Membership,Yes
Male,54,60178.56,Mobile,0.12,6,1,No,Yes,No,Basic,No
Male,51,51451.35,Mobile,1.67,5,0,Yes,Yes,No,No Membership,No
Male,37,27890.4,Desktop,0.57,6,1,No,Yes,No,No Membership,No
Female,52,74270.43,Desktop,3.5,3,1,No,Yes,No,Basic,No
Female,35,53469.2,Mobile,13.24,4,1,No,Yes,No,Basic,No
Male,63,56433.57,Mobile,3.78,3,3,No,No,Yes,No Membership,Yes
Male,41,83808.91,Tablet,11.37,4,1,Yes,No,No,Basic,Yes
Female,25,71348.0,Mobile,2.38,4,4,No,No,No,No Membership,No
Male,47,63036.09,Desktop,2.49,5,0,No,Yes,No,Basic,No
Male,61,54958.5,Mobile,13.55,4,1,Yes,Yes,No,No Membership,Yes
Male,27,54790.38,Desktop,3.33,6,3,No,Yes,No,Premium,Yes
Female,40,59322.06,Desktop,9.36,5,3,No,Yes,Yes,Premium,Yes
Male,28,62324.32,Desktop,1.62,7,3,No,Yes,No,Basic,Yes
Female,19,85805.23,Desktop,17.83,5,3,Yes,Yes,Yes,No Membership,Yes
Female,43,99518.79,Tablet,5.13,5,0,No,No,No,Basic,Yes
Male,53,60224.69,Desktop,8.55,6,0,No,No,No,Basic,No
Female,50,16241.03,Mobile,0.56,3,2,Yes,Yes,Yes,Basic,Yes
Male,64,37868.6,Mobile,4.07,7,1,No,Yes,No,Premium,Yes
Female,30,87606.94,Desktop,13.88,6,3,No,Yes,No,Basic,Yes
Female,57,67935.75,Desktop,12.58,7,5,No,Yes,No,Premium,Yes
Female,42,62668.84,Mobile,0.29,7,0,Yes,Yes,Yes,No Membership,Yes
Male,21,51996.92,Mobile,2.17,5,1,Yes,Yes,No,Premium,Yes
Female,59,33597.6,Desktop,3.51,5,1,No,No,No,Basic,No
Male,36,85200.22,Mobile,1.13,5,2,No,No,Yes,Basic,No
Male,35,40182.22,Mobile,7.86,7,2,No,No,No,Basic,Yes
Male,54,68127.61,Desktop,1.22,3,0,No,Yes,No,No Membership,Yes
Female,47,31587.37,Desktop,2.55,6,3,No,No,No,Basic,No
Female,36,51123.72,Mobile,6.53,6,1,No,No,No,Basic,Yes
Male,40,72873.23,Mobile,3.95,3,0,No,No,Yes,No Membership,Yes
Female,33,50505.5,Mobile,8.05,8,2,No,Yes,Yes,Premium,Yes
Male,18,48367.9,Mobile,19.5,7,1,Yes,No,Yes,Premium,Yes
Female,29,55191.45,Desktop,0.74,3,1,Yes,Yes,No,No Membership,No
Male,41,30951.95,Mobile,7.42,4,2,Yes,No,No,Premium,Yes
Female,51,27565.36,Mobile,1.57,2,3,No,Yes,No,Basic,No
Male,25,67856.26,Mobile,3.21,4,2,Yes,Yes,No,No Membership,Yes
Female,35,47400.22,Mobile,0.2,3,2,Yes,No,No,Basic,Yes
Male,22,67716.73,Tablet,0.88,5,2,No,No,No,Premium,Yes
Male,43,75127.29,Mobile,2.31,6,3,No,No,No,No Membership,Yes
Male,47,76575.57,Desktop,2.51,6,1,Yes,No,No,No Membership,Yes
Female,30,25821.85,Desktop,13.79,4,3,Yes,No,No,No Membership,No
Female,36,42439.07,Mobile,8.12,4,3,No,No,No,Premium,Yes
Male,46,64676.54,Desktop,21.49,5,3,Yes,No,No,Basic,Yes
Female,20,64954.03,Mobile,5.48,8,3,No,No,Yes,No Membership,Yes
Female,43,95489.88,Desktop,1.66,5,4,No,Yes,Yes,Basic,Yes
Female,57,38662.96,Mobile,2.38,8,1,Yes,Yes,No,Premium,Yes
Female,29,76027.03,Desktop,2.31,2,1,No,Yes,No,No Membership,Yes
Male,19,61700.94,Mobile,2.37,7,1,Yes,Yes,No,No Membership,No
Male,28,25475.75,Desktop,6.71,11,1,No,Yes,Yes,Basic,Yes
Female,61,45139.33,Mobile,4.54,4,1,No,No,Yes,Premium,No
Female,45,59725.5,Desktop,2.92,6,0,No,Yes,No,Basic,Yes
Female,35,24321.4,Mobile,0.97,3,2,Yes,No,No,Basic,Yes
Male,30,17669.69,Desktop,0.13,3,0,Yes,Yes,No,Basic,Yes
Male,54,23297.63,Mobile,1.48,1,1,Yes,No,No,No Membership,No
Female,39,59664.41,Mobile,0.68,3,0,No,No,No,No Membership,No
Female,29,46275.99,Desktop,9.24,6,2,No,No,No,No Membership,Yes
Female,19,43840.8,Tablet,0.72,3,0,No,Yes,No,Premium,Yes
Female,54,44458.81,Mobile,7.73,2,0,Yes,No,No,Basic,No
Female,24,29365.8,Tablet,2.92,6,1,Yes,No,No,Basic,No
Male,43,46784.74,Desktop,0.46,4,2,Yes,No,Yes,Basic,No
Male,43,22232.84,Desktop,10.05,3,2,No,No,No,No Membership,No
Female,41,76377.54,Mobile,5.2,6,3,No,No,No,Basic,Yes
Female,29,85461.93,Mobile,1.61,2,1,No,No,Yes,Basic,Yes
Male,33,13130.85,Desktop,13.5,3,2,Yes,Yes,Yes,No Membership,Yes
Male,40,46555.67,Mobile,0.28,10,2,No,No,No,Basic,Yes
Female,57,47727.79,Mobile,1.35,7,1,Yes,Yes,Yes,Premium,Yes
Male,26,51859.28,Mobile,8.37,4,1,No,No,No,Basic,No
Male,49,73027.55,Mobile,7.41,1,1,Yes,No,No,No Membership,Yes
Female,32,46608.21,Desktop,2.05,3,4,No,No,No,No Membership,Yes
Female,54,53411.47,Desktop,0.38,7,2,No,Yes,No,Premium,No
Female,30,108622.99,Desktop,11.71,7,0,No,No,No,No Membership,Yes
Male,22,52996.73,Mobile,2.26,3,2,Yes,Yes,Yes,No Membership,Yes
Female,28,86792.32,Mobile,1.31,7,3,Yes,No,No,No Membership,Yes
Male,27,64035.78,Mobile,4.35,2,1,Yes,Yes,No,No Membership,Yes
Male,30,45033.24,Mobile,14.46,5,4,No,Yes,No,Basic,Yes
Female,58,42026.79,Desktop,0.27,2,0,Yes,Yes,No,Basic,Yes
Female,63,54869.09,Desktop,8.71,4,2,No,Yes,Yes,Premium,Yes
Female,32,34723.48,Mobile,5.1,5,3,No,Yes,No,Premium,Yes
Female,59,39450.41,Desktop,3.32,3,2,Yes,Yes,No,No Membership,Yes
Female,24,47384.91,Mobile,8.18,4,2,No,Yes,No,Basic,Yes
Male,57,60280.18,Desktop,20.26,5,1,No,No,No,Premium,No
Male,45,87867.95,Mobile,1.56,2,2,Yes,Yes,No,Premium,Yes
Male,49,46270.82,Desktop,0.93,5,0,Yes,No,No,Premium,Yes
Male,52,63307.32,Mobile,14.64,6,0,Yes,Yes,No,Basic,Yes
Female,32,25697.84,Mobile,6.63,2,0,No,No,No,Basic,Yes
Male,53,74085.2,Mobile,3.46,5,2,Yes,No,No,Basic,Yes
Female,38,24009.71,Mobile,5.11,5,0,No,No,Yes,Premium,Yes
Female,23,69370.96,Mobile,8.21,7,2,No,Yes,No,Premium,Yes
Female,18,53543.35,Mobile,8.9,8,1,No,No,Yes,Basic,Yes
Female,21,52828.25,Mobile,15.15,7,1,No,Yes,No,No Membership,Yes
Female,28,49595.24,Desktop,3.34,4,1,No,No,No,No Membership,No
Male,61,31577.45,Mobile,2.08,7,3,Yes,No,Yes,Basic,Yes
Male,43,32531.13,Desktop,6.12,6,0,No,No,Yes,No Membership,No
Female,54,70057.36,Mobile,3.22,7,1,Yes,Yes,No,Basic,Yes
Male,40,55214.86,Tablet,5.42,5,0,No,Yes,Yes,No Membership,Yes
Male,46,49463.98,Tablet,3.27,5,0,No,No,No,No Membership,No
Female,38,62981.16,Mobile,1.0,5,1,No,No,No,Basic,No
Male,62,56823.59,Desktop,3.8,7,3,Yes,Yes,Yes,No Membership,Yes
Female,62,40727.23,Mobile,7.04,5,1,Yes,Yes,No,Basic,Yes
Female,44,99297.93,Tablet,9.64,2,0,Yes,Yes,No,No Membership,Yes
Female,56,68333.61,Mobile,4.08,4,4,Yes,Yes,No,Premium,Yes
Male,57,57287.23,Mobile,1.08,7,3,No,Yes,Yes,Premium,Yes
Male,30,45755.0,Mobile,3.21,7,1,Yes,No,No,No Membership,No
Female,40,72149.67,Mobile,9.26,6,1,No,Yes,No,Basic,Yes
Male,33,40823.78,Mobile,3.19,3,3,No,No,No,Premium,Yes
Female,47,39308.05,Desktop,7.15,1,0,No,Yes,Yes,Basic,No
Female,21,85479.86,Mobile,4.25,4,2,No,No,Yes,No Membership,No
Female,57,,Mobile,1.66,9,4,Yes,No,No,No Membership,Yes
Male,33,41259.71,Mobile,9.54,5,5,Yes,No,No,No Membership,Yes
Male,48,55102.34,Mobile,0.53,4,2,Yes,No,Yes,Premium,Yes
Female,59,70303.36,Mobile,4.47,4,1,Yes,No,No,No Membership,Yes
Male,42,66182.58,Desktop,1.41,7,2,Yes,Yes,Yes,Basic,Yes
Male,61,72536.72,Mobile,0.42,4,1,No,No,No,No Membership,No
Female,29,32507.99,Desktop,4.19,6,2,Yes,Yes,Yes,Basic,Yes
Female,43,72084.68,Mobile,4.15,2,2,No,No,No,Basic,No
Female,54,51776.94,Mobile,7.36,7,1,No,Yes,No,No Membership,Yes
Female,50,56603.81,Desktop,8.19,3,3,No,Yes,Yes,Basic,No
Male,45,76770.9,Mobile,7.81,3,1,No,No,Yes,Premium,No
Female,26,67649.06,Mobile,3.16,6,0,No,No,No,No Membership,Yes
Female,29,61318.94,Desktop,5.99,4,1,No,Yes,No,Premium,Yes
Male,22,19288.06,Mobile,5.16,7,2,Yes,No,Yes,Premium,Yes
Female,45,54180.97,Mobile,3.28,6,3,No,No,No,Premium,Yes
Female,52,40875.84,Desktop,5.46,8,4,Yes,Yes,No,No Membership,No
Female,22,67798.82,Desktop,17.65,3,0,Yes,Yes,No,Premium,Yes
Female,51,72837.25,Mobile,1.29,5,1,No,No,No,No Membership,No
Female,63,49563.44,Mobile,14.17,6,1,No,Yes,No,Basic,Yes
Male,51,42993.25,Mobile,0.33,3,4,No,No,No,Premium,Yes
Male,30,83013.41,Mobile,2.21,4,2,No,Yes,No,Premium,Yes
Female,56,44143.34,Desktop,2.04,8,2,No,Yes,No,Premium,Yes
Female,59,33498.32,Desktop,5.91,4,0,No,No,No,Premium,Yes
Female,62,40011.92,Desktop,0.84,4,2,No,No,Yes,Premium,No
Female,31,45010.01,Mobile,12.84,4,1,No,Yes,No,Premium,No
Female,28,39495.47,Mobile,10.58,4,5,Yes,No,No,Premium,Yes
Female,59,70217.04,Desktop,6.33,8,1,Yes,No,No,No Membership,Yes
Female,55,15437.56,Mobile,3.68,7,1,No,No,Yes,Basic,No
Female,21,39113.91,Desktop,16.21,7,2,No,Yes,No,Premium,Yes
Female,50,54145.05,Desktop,10.66,5,0,No,No,No,Basic,Yes
Female,24,58784.43,Tablet,4.15,7,0,No,Yes,Yes,Basic,No
Female,58,85453.03,Mobile,7.26,4,1,No,No,No,Basic,Yes
Male,25,82814.28,Mobile,5.02,7,4,No,No,Yes,No Membership,Yes
Male,54,26186.73,Desktop,5.32,2,0,No,No,No,No Membership,No
Male,27,20655.14,Desktop,2.41,2,4,Yes,No,No,Basic,Yes
Female,60,55449.48,Desktop,3.72,5,0,No,No,No,No Membership,Yes
Male,32,42882.67,Mobile,0.49,5,1,Yes,No,No,Basic,No
Male,55,33543.53,Desktop,2.65,8,1,No,No,No,No Membership,No
Female,32,55290.18,Desktop,7.14,6,0,No,No,No,Basic,Yes
Male,22,59152.55,Mobile,18.37,5,1,Yes,No,No,Premium,Yes
Female,46,39898.57,Mobile,19.79,8,2,No,Yes,No,No Membership,Yes
Male,36,43766.47,Desktop,4.87,5,3,No,No,Yes,Premium,Yes
Male,27,41283.25,Mobile,5.6,7,3,No,No,No,Premium,Yes
Female,29,47593.16,Mobile,1.23,4,1,No,No,No,No Membership,Yes
Male,21,64745.99,Desktop,7.13,7,1,Yes,No,No,No Membership,Yes
Male,48,35597.69,Mobile,0.44,6,4,Yes,Yes,No,No Membership,Yes
Female,35,43467.67,Desktop,2.01,5,2,No,No,Yes,Basic,Yes
Female,33,47812.92,Mobile,6.62,3,1,No,Yes,Yes,Basic,No
Male,57,54878.46,Mobile,2.23,5,4,Yes,No,No,No Membership,Yes
Female,53,59967.72,Tablet,0.31,5,2,No,No,No,Basic,Yes
Male,42,91760.64,Tablet,10.7,4,3,No,No,Yes,Basic,Yes
Male,40,65298.26,Mobile,2.23,1,1,No,No,No,Basic,Yes
Female,29,65726.76,Desktop,0.39,6,1,Yes,No,No,No Membership,Yes
Female,51,50200.97,Mobile,0.47,6,0,No,Yes,No,Premium,No
Female,53,37362.42,Mobile,1.74,7,1,Yes,No,Yes,Basic,No
Female,54,45492.15,Mobile,1.18,8,2,No,No,No,Basic,No
Female,20,42214.02,Mobile,8.93,7,2,No,Yes,No,Premium,Yes
Female,26,62060.15,Desktop,2.33,1,0,No,Yes,No,Basic,No
Male,35,25276.93,Desktop,9.8,5,0,No,No,No,Basic,No
Female,60,65665.61,Tablet,1.15,4,0,No,No,Yes,No Membership,No
Male,52,52889.69,Desktop,4.07,8,2,Yes,No,No,Basic,Yes
Male,51,68200.27,Mobile,6.99,3,1,Yes,No,No,Basic,Yes
Male,58,41969.65,Desktop,6.33,1,4,Yes,No,Yes,Premium,Yes
Male,31,38775.35,Tablet,5.51,2,3,No,Yes,No,No Membership,Yes
Female,21,47679.96,Desktop,15.53,3,2,No,No,No,Basic,Yes
Female,46,47248.31,Desktop,1.56,7,1,No,Yes,No,Basic,No
Female,58,69514.27,Tablet,4.08,4,1,No,No,Yes,Premium,No
Male,62,69342.49,Mobile,12.92,7,2,Yes,No,No,Basic,Yes
Male,32,89290.42,Desktop,0.49,11,2,Yes,No,Yes,No Membership,Yes
Male,45,46081.14,Desktop,0.35,3,3,Yes,Yes,Yes,No Membership,No
Male,59,12000.0,Tablet,1.59,7,1,Yes,No,No,Basic,Yes
Female,33,47630.39,Mobile,6.01,5,1,No,No,No,No Membership,No
Female,29,59151.84,Mobile,1.81,9,1,No,No,No,No Membership,Yes
Female,22,67861.55,Desktop,1.27,5,1,Yes,No,No,No Membership,No
Male,51,60464.88,Mobile,3.68,7,4,Yes,No,Yes,Premium,Yes
Female,59,46067.0,Desktop,5.71,4,3,No,No,Yes,Basic,Yes
Female,18,85854.96,Mobile,1.71,3,1,Yes,No,No,No Membership,Yes
Female,56,36392.76,Mobile,2.15,5,2,No,No,No,No Membership,Yes
Female,49,50056.39,Mobile,5.7,4,2,No,No,No,No Membership,No
Male,43,35561.62,Mobile,17.48,8,3,No,Yes,No,No Membership,Yes
Male,34,55352.38,Mobile,6.74,4,2,No,Yes,No,No Membership,Yes
Male,44,83602.1,Mobile,9.16,3,0,Yes,No,Yes,Premium,Yes
Female,41,52463.33,Mobile,2.74,5,3,Yes,No,No,Premium,Yes
Male,52,52573.6,Mobile,1.91,2,1,No,No,No,Basic,Yes
Male,63,24472.68,Mobile,3.63,6,2,Yes,No,No,Basic,Yes
Male,59,49834.14,Mobile,9.87,6,2,No,Yes,Yes,No Membership,Yes
Male,56,75708.77,Desktop,3.66,3,1,Yes,No,Yes,Basic,No
Female,43,50495.75,Desktop,11.25,4,3,Yes,Yes,Yes,Basic,Yes
Female,55,49279.78,Mobile,26.94,5,0,Yes,Yes,No,Basic,Yes
Male,40,74902.86,Mobile,0.45,7,2,Yes,Yes,Yes,No Membership,Yes
Male,39,49355.85,Desktop,0.28,6,2,No,Yes,No,Premium,Yes
Male,21,78256.97,Mobile,0.97,3,2,Yes,Yes,No,Basic,Yes
Male,26,31876.49,Tablet,2.91,6,1,No,No,No,No Membership,Yes
Male,21,67201.37,Desktop,0.84,3,0,No,Yes,Yes,Premium,No
Male,24,84633.93,Mobile,12.27,6,2,No,Yes,Yes,Premium,Yes
Male,40,73141.42,Mobile,0.14,2,1,No,Yes,No,No Membership,Yes
Female,19,21389.08,Mobile,2.28,3,2,Yes,Yes,No,Premium,Yes
Female,41,43510.54,Mobile,1.23,4,3,Yes,No,No,No Membership,Yes
Male,57,50644.87,Mobile,16.09,11,2,No,Yes,No,Basic,Yes
Male,48,73179.2,Mobile,6.64,5,2,No,Yes,Yes,Basic,Yes
Female,64,31030.87,Desktop,14.58,4,1,Yes,No,No,Premium,Yes
Female,48,36659.14,Mobile,21.52,3,1,No,Yes,No,Basic,Yes
Female,64,26107.27,Mobile,4.12,2,0,Yes,No,No,No Membership,Yes
Female,57,40135.6,Desktop,1.6,7,3,Yes,Yes,No,No Membership,Yes
Male,60,32471.08,Mobile,1.29,4,1,No,Yes,No,No Membership,No
Male,51,83762.31,Mobile,1.51,1,1,Yes,Yes,No,No Membership,No
Female,41,43347.21,Mobile,7.4,0,2,No,Yes,Yes,Basic,No
Male,43,67436.66,Desktop,0.25,6,0,No,Yes,No,No Membership,Yes
Female,33,55323.45,Tablet,0.32,5,0,Yes,No,Yes,Premium,No
Female,64,55071.3,Mobile,5.62,5,1,No,No,No,No Membership,Yes
Female,30,44354.01,Mobile,6.16,9,1,Yes,No,No,No Membership,Yes
Male,32,68860.4,Mobile,6.57,1,2,No,Yes,No,Basic,Yes
Female,44,57778.2,Mobile,2.79,2,2,No,No,Yes,Basic,No
Male,21,56741.39,Mobile,9.84,5,2,No,No,No,Premium,Yes
Female,33,44318.43,Desktop,4.58,4,3,Yes,Yes,No,Premium,Yes
Female,47,47264.03,Tablet,0.67,5,2,No,Yes,Yes,Basic,No
Male,61,65600.4,Mobile,9.57,8,2,Yes,No,No,No Membership,Yes
Female,47,59141.0,Mobile,18.35,7,3,Yes,Yes,Yes,Premium,Yes
Female,53,57222.5,Desktop,0.37,5,2,Yes,No,No,Basic,Yes
Male,20,41427.24,Mobile,2.98,6,5,Yes,Yes,No,Basic,Yes
Male,39,89993.94,Mobile,4.01,4,4,No,Yes,No,No Membership,No
Male,39,46365.28,Mobile,0.95,4,1,Yes,Yes,No,No Membership,Yes
Male,29,54455.45,Mobile,12.14,5,0,No,No,No,Basic,Yes
Male,38,51633.39,Mobile,2.01,5,0,No,Yes,No,Basic,No
Female,21,90184.8,Desktop,9.17,3,0,Yes,No,No,Basic,Yes
Male,48,49765.34,Desktop,6.67,6,0,No,No,Yes,No Membership,No
Male,61,48117.85,Mobile,5.47,8,0,Yes,No,No,Basic,Yes
Female,48,57129.6,Mobile,1.28,3,2,No,No,Yes,No Membership,Yes
Male,40,42516.26,Tablet,1.5,6,1,No,No,No,No Membership,Yes
Female,37,57008.79,Mobile,0.29,3,1,Yes,Yes,No,Basic,No
Male,32,97688.86,Desktop,1.65,8,0,No,No,No,No Membership,Yes
Male,40,60394.52,Mobile,2.54,3,4,No,No,Yes,Premium,No
Female,45,59738.43,Mobile,10.74,11,3,No,No,No,No Membership,Yes
Female,33,42077.71,Mobile,2.74,8,1,No,Yes,No,No Membership,No
Female,54,85765.73,Desktop,8.43,10,1,No,Yes,Yes,Premium,Yes
Female,38,89902.59,Mobile,3.47,7,0,Yes,Yes,No,No Membership,Yes
Female,32,70348.25,Mobile,9.22,9,2,Yes,No,Yes,Basic,Yes
Male,34,66769.0,Mobile,22.45,7,2,No,Yes,No,Basic,Yes
Male,54,50774.22,Desktop,1.65,8,2,No,Yes,No,No Membership,Yes
Female,30,62044.08,Tablet,11.9,8,0,Yes,No,No,Basic,Yes
Female,36,39967.16,Tablet,5.83,4,0,Yes,No,No,Basic,No
Female,47,34729.95,Tablet,10.2,5,2,Yes,No,No,No Membership,Yes
Male,62,28227.52,Mobile,6.33,6,0,No,No,No,No Membership,No
Male,35,62392.13,Mobile,3.31,5,3,Yes,Yes,No,No Membership,No
Female,31,30189.26,Mobile,1.55,2,3,No,Yes,No,No Membership,No
Male,53,46006.56,Mobile,0.44,5,0,No,No,No,Premium,No
Female,53,53897.87,Desktop,4.6,3,1,Yes,No,No,No Membership,No
Female,37,72915.23,Desktop,27.83,7,2,No,No,No,Premium,Yes
Male,36,44592.04,Mobile,8.04,1,1,No,Yes,No,Premium,No
Female,62,75038.9,Desktop,2.38,1,3,No,Yes,No,Basic,Yes
Female,61,71904.86,Tablet,10.53,3,0,Yes,No,Yes,No Membership,Yes
Male,24,35716.45,Mobile,8.79,2,1,No,No,No,Premium,Yes
Female,61,75210.86,Mobile,1.98,5,2,Yes,Yes,No,No Membership,No
Female,21,49895.54,Mobile,0.09,0,1,No,No,Yes,Basic,No
Female,51,46018.88,Mobile,0.75,4,2,Yes,Yes,No,Premium,Yes
Male,19,49971.64,Desktop,12.59,4,2,Yes,Yes,No,No Membership,Yes
Female,22,54936.9,Mobile,10.87,3,1,Yes,Yes,Yes,No Membership,Yes
Male,27,47529.2,Mobile,2.1,2,3,No,Yes,No,No Membership,Yes
Male,49,39885.55,Tablet,2.01,5,0,No,No,Yes,Premium,Yes
Female,59,41477.4,Mobile,9.45,5,4,Yes,Yes,No,Basic,Yes
Male,58,57500.97,Mobile,16.66,3,1,Yes,Yes,No,Premium,Yes
Male,30,52111.66,Tablet,9.06,2,1,No,Yes,No,Premium,No
Female,56,64491.57,Mobile,5.58,6,2,Yes,Yes,Yes,Basic,Yes
Female,22,55942.53,Mobile,1.67,2,0,No,Yes,No,Premium,No
Female,27,56386.25,Desktop,4.48,7,1,Yes,Yes,No,Basic,Yes
Female,27,65670.62,Mobile,1.6,5,2,Yes,Yes,No,No Membership,Yes
Male,55,80540.53,Desktop,9.9,10,2,No,Yes,No,No Membership,Yes
Male,44,81262.4,Mobile,2.94,2,3,No,No,No,Basic,No
Male,38,79127.32,Mobile,10.76,6,1,No,Yes,Yes,No Membership,Yes
Female,25,70668.09,Mobile,2.88,6,0,No,No,Yes,Premium,Yes
Female,18,92537.39,Mobile,10.43,6,1,No,No,No,Basic,Yes
Female,45,62880.83,Desktop,2.43,4,0,No,No,Yes,No Membership,No
Female,56,60859.82,Desktop,3.48,6,0,No,Yes,No,Basic,No
Male,31,,Tablet,5.73,6,1,No,No,No,No Membership,Yes
Male,38,12000.0,Desktop,0.44,2,0,No,Yes,Yes,Basic,No
Male,47,51149.86,Mobile,17.76,3,2,Yes,No,No,No Membership,Yes
Female,38,77544.92,Desktop,5.11,3,3,Yes,Yes,Yes,No Membership,Yes
Male,26,72644.73,Desktop,4.25,6,2,Yes,Yes,No,No Membership,Yes
Female,34,101181.73,Desktop,10.97,2,2,No,No,No,Basic,Yes
Male,22,56934.74,Desktop,12.05,5,4,No,Yes,No,Basic,Yes
Male,48,47245.28,Desktop,4.43,3,3,Yes,No,No,Basic,Yes
Male,57,49022.47,Mobile,15.73,8,1,No,Yes,No,No Membership,Yes
Female,55,60725.23,Desktop,0.4,3,1,No,No,No,Basic,No
Female,60,84189.66,Mobile,0.72,7,1,No,No,Yes,Basic,Yes
Male,36,84414.54,Mobile,5.45,2,2,Yes,Yes,No,Premium,Yes
Male,53,53991.74,Desktop,2.62,4,1,No,No,Yes,Basic,Yes
Female,50,59554.15,Mobile,3.74,3,1,Yes,Yes,Yes,No Membership,Yes
Male,30,43991.17,Mobile,2.39,6,3,No,No,Yes,Basic,No
Female,31,45870.12,Mobile,3.11,5,2,Yes,Yes,No,No Membership,Yes
Female,50,73832.63,Desktop,10.38,2,2,Yes,No,No,Premium,Yes
Male,46,83839.8,Mobile,5.4,12,0,No,Yes,Yes,Basic,Yes
Male,60,42448.89,Desktop,35.59,1,2,No,Yes,No,Basic,Yes
Female,53,59373.21,Mobile,9.28,4,1,Yes,Yes,No,Premium,Yes
Male,61,50624.59,Mobile,1.92,6,1,Yes,Yes,Yes,Basic,Yes
Male,27,70549.69,Mobile,1.84,4,1,No,Yes,No,Basic,Yes
Female,48,48006.71,Desktop,2.46,7,3,No,No,Yes,Basic,Yes
Female,23,20323.81,Mobile,11.12,5,0,Yes,No,No,No Membership,Yes
Female,18,73066.43,Tablet,0.17,4,0,No,Yes,Yes,Basic,Yes
Female,24,49537.29,Tablet,1.57,7,0,Yes,No,No,No Membership,No
Male,44,51410.01,Desktop,14.12,7,0,No,Yes,Yes,Basic,Yes
Male,38,62840.58,Tablet,6.13,2,2,Yes,No,No,No Membership,Yes
Female,45,61351.01,Mobile,1.54,5,0,Yes,Yes,No,No Membership,Yes
Female,33,63210.19,Mobile,1.48,3,4,No,No,No,Premium,Yes
Male,63,25664.8,Desktop,11.91,4,2,Yes,No,No,Basic,No
Female,40,65013.56,Desktop,13.45,5,1,No,No,Yes,Basic,Yes
Male,37,20636.99,Desktop,1.78,7,1,No,No,Yes,No Membership,Yes
Male,55,68852.17,Desktop,3.27,6,1,No,No,No,Premium,No
Male,42,75130.86,Tablet,10.8,3,1,Yes,No,No,Premium,No
Male,45,30366.64,Mobile,8.84,6,3,Yes,No,No,Basic,Yes
Male,22,60911.79,Desktop,10.09,3,0,No,No,Yes,Premium,No
Male,38,74029.22,Desktop,4.38,4,2,No,No,No,Premium,Yes
Male,35,46917.93,Desktop,14.55,5,4,No,No,No,Basic,Yes
Female,64,67125.45,Mobile,2.37,4,1,No,No,Yes,No Membership,No
Female,23,12000.0,Desktop,1.02,5,1,No,No,No,No Membership,No
Female,46,74767.53,Tablet,7.4,4,2,No,No,No,Basic,Yes
Female,36,55539.9,Mobile,4.65,9,1,Yes,Yes,Yes,Premium,Yes
Male,50,50359.07,Desktop,11.57,6,0,No,Yes,No,Premium,Yes
Male,18,72712.75,Mobile,0.51,1,1,Yes,Yes,No,Basic,Yes
Female,62,86127.21,Tablet,11.14,5,0,No,No,Yes,Premium,Yes
Male,20,63742.89,Mobile,2.08,7,0,No,Yes,No,Basic,No
Female,59,83956.85,Mobile,6.38,2,1,Yes,No,No,Basic,Yes
Male,38,27040.9,Mobile,0.25,4,0,Yes,No,No,No Membership,Yes
Female,52,66987.08,Desktop,5.64,4,1,No,No,No,Premium,No
Male,58,52623.93,Mobile,7.58,2,2,Yes,No,No,Basic,Yes
Female,57,40812.06,Desktop,2.76,4,1,Yes,No,Yes,No Membership,No
Female,20,20283.73,Tablet,1.46,6,0,No,Yes,Yes,No Membership,No
Female,42,66012.17,Desktop,4.63,3,2,No,No,No,Basic,No
Male,62,70755.22,Mobile,10.75,4,1,Yes,Yes,No,No Membership,Yes
Female,55,79156.41,Tablet,2.35,2,3,No,No,No,No Membership,No
Female,62,76176.83,Desktop,1.75,6,2,Yes,No,Yes,No Membership,Yes
Female,37,41109.23,Mobile,1.96,3,0,No,Yes,No,No Membership,Yes
Female,61,78232.7,Mobile,17.87,4,0,No,Yes,No,No Membership,Yes
Female,62,80134.26,Mobile,2.67,4,1,Yes,Yes,No,Basic,Yes
Male,51,50320.29,Desktop,0.02,4,1,No,Yes,No,Basic,No
Female,38,55511.71,Mobile,9.13,4,2,No,No,No,Basic,No
Female,40,38185.22,Mobile,7.21,6,1,No,No,No,Basic,No
Female,23,81655.95,Desktop,0.83,4,0,No,No,Yes,Basic,Yes
Male,30,27787.83,Desktop,25.16,7,2,No,Yes,Yes,No Membership,Yes
Male,40,64629.47,Desktop,5.62,4,1,No,No,No,No Membership,No
Female,26,44257.07,Desktop,4.17,3,1,Yes,No,Yes,Basic,Yes
Female,34,35058.65,Mobile,2.89,2,1,No,No,No,No Membership,No
Male,19,21254.89,Desktop,13.74,4,2,Yes,Yes,No,Premium,Yes
Female,36,51122.69,Mobile,1.68,3,0,No,No,No,Basic,No
Male,36,32237.47,Desktop,2.02,1,0,Yes,No,No,No Membership,No
Male,24,56015.55,Desktop,0.78,4,2,No,Yes,Yes,Premium,Yes
Male,59,86848.07,Mobile,8.54,5,3,No,No,No,Basic,Yes
Male,59,58591.13,Tablet,5.43,5,2,No,Yes,No,No Membership,Yes
Female,37,90951.05,Mobile,5.64,4,1,No,Yes,No,Premium,Yes
Male,26,37319.08,Mobile,1.48,3,1,No,Yes,Yes,No Membership,No
Female,34,31943.07,Tablet,6.32,3,1,Yes,No,No,No Membership,No
Female,44,36513.72,Desktop,8.7,6,1,Yes,No,Yes,No Membership,Yes
Female,64,53828.19,Desktop,2.66,1,1,No,Yes,No,Premium,No
Female,19,104013.08,Mobile,9.7,5,2,No,No,Yes,Basic,Yes
Male,53,25081.94,Desktop,2.57,4,2,Yes,Yes,No,Basic,Yes
Female,36,66153.94,Mobile,8.52,6,3,No,Yes,Yes,Premium,Yes
Female,34,42400.62,Mobile,0.21,6,0,No,No,No,No Membership,No
Male,22,50971.55,Mobile,4.81,8,4,Yes,No,Yes,No Membership,Yes
Female,56,32355.64,Mobile,20.95,4,2,No,No,Yes,Basic,Yes
Female,35,70824.49,Desktop,23.86,1,1,No,No,No,No Membership,Yes
Female,24,54209.35,Mobile,1.99,7,1,Yes,Yes,No,Basic,Yes
Female,34,74574.16,Mobile,3.49,9,1,No,No,No,No Membership,Yes
Female,56,58154.41,Mobile,0.39,2,0,Yes,No,No,Basic,No
Male,53,20230.77,Desktop,12.4,5,2,No,No,Yes,Basic,Yes
Female,57,74737.77,Desktop,5.04,6,3,Yes,No,No,Premium,Yes
Female,62,18765.99,Mobile,2.92,2,3,Yes,No,Yes,No Membership,Yes
Male,21,21341.75,Desktop,0.72,10,4,Yes,No,No,Basic,Yes
Male,55,38490.35,Mobile,17.6,5,0,Yes,No,Yes,No Membership,Yes
Male,42,38730.6,Desktop,4.53,2,1,No,Yes,No,No Membership,No
Female,22,80128.38,Mobile,2.0,5,3,No,Yes,No,Basic,No
Female,47,51919.19,Mobile,2.59,7,1,No,No,No,No Membership,No
Male,29,77452.94,Desktop,1.89,5,0,No,Yes,No,Basic,No
Female,21,44777.49,Tablet,5.52,5,0,Yes,Yes,No,Basic,Yes
Male,41,60717.63,Mobile,15.95,3,0,No,Yes,No,No Membership,Yes
Female,46,63532.76,Desktop,11.66,7,1,Yes,Yes,No,Basic,Yes
Female,26,67529.18,Desktop,3.7,2,0,Yes,No,No,No Membership,No
Female,21,46631.33,Tablet,10.51,11,0,No,No,No,Premium,Yes
Male,41,48198.61,Mobile,3.3,6,3,No,Yes,No,Basic,Yes
Male,31,49633.65,Mobile,1.74,5,2,Yes,No,No,No Membership,Yes
Male,22,25256.58,Desktop,24.6,6,1,No,Yes,No,Premium,Yes
Male,35,53489.77,Mobile,2.17,4,2,Yes,No,No,No Membership,No
Female,59,48093.68,Mobile,2.35,4,1,No,No,No,Premium,No
Female,36,65441.31,Mobile,27.45,5,2,No,No,No,Basic,Yes
Female,29,56643.42,Desktop,0.86,5,0,No,Yes,No,Premium,Yes
Female,35,79054.87,Mobile,8.58,1,0,No,Yes,No,Basic,No
Female,34,56261.59,Desktop,16.48,7,3,No,No,No,No Membership,Yes
Female,47,44880.3,Mobile,4.3,9,2,Yes,Yes,Yes,Premium,Yes
Female,41,56038.55,Mobile,0.02,6,1,No,Yes,No,Basic,No
Female,28,68035.01,Mobile,2.82,6,2,No,Yes,Yes,No Membership,No
Male,52,23082.27,Mobile,0.71,3,3,No,No,No,No Membership,No
Male,40,42125.53,Desktop,3.23,6,2,No,No,No,No Membership,Yes
Male,34,42504.82,Desktop,9.36,8,1,Yes,No,No,Basic,Yes
Female,18,62397.82,Mobile,3.47,8,0,No,No,No,No Membership,No
Female,32,64491.16,Mobile,3.39,8,0,Yes,No,No,Premium,Yes
Male,49,56822.1,Desktop,4.88,6,1,No,Yes,No,Premium,Yes
Female,26,12000.0,Desktop,5.23,4,3,Yes,Yes,No,No Membership,Yes
Female,32,25265.47,Desktop,11.64,3,3,No,Yes,No,No Membership,No
Male,45,50699.23,Desktop,2.21,5,0,Yes,Yes,No,No Membership,No
Male,41,45973.55,Mobile,10.34,5,4,No,Yes,No,No Membership,Yes
Female,52,55096.67,Desktop,5.01,3,4,No,No,Yes,No Membership,Yes
Female,39,46550.83,Mobile,2.14,4,3,No,No,Yes,Premium,Yes
Female,44,82569.56,Mobile,2.1,6,1,Yes,No,No,Premium,No
Female,36,13709.05,Desktop,2.69,4,2,Yes,Yes,No,Basic,Yes
Female,62,60447.3,Tablet,5.85,6,2,No,No,Yes,Basic,Yes
Female,29,69904.19,Desktop,1.57,3,2,Yes,No,No,Basic,Yes
Female,37,67627.69,Mobile,15.18,3,3,No,No,Yes,No Membership,Yes
Female,18,69170.91,Mobile,5.13,4,0,No,No,Yes,No Membership,No
Male,38,71760.09,Mobile,15.16,5,3,No,No,No,Basic,Yes
Male,62,44128.36,Desktop,0.29,3,3,Yes,No,No,Premium,No
Male,18,35173.29,Mobile,2.52,9,3,No,No,Yes,Basic,Yes
Female,27,18375.73,Desktop,0.14,3,2,No,No,No,Basic,No
Female,64,48473.15,Mobile,1.91,4,4,No,Yes,No,No Membership,Yes
Female,49,41004.4,Desktop,11.88,5,2,Yes,Yes,Yes,Premium,Yes
Male,56,75908.96,Tablet,0.22,1,1,Yes,Yes,Yes,No Membership,Yes
Male,39,49823.95,Mobile,3.44,2,3,Yes,No,Yes,Basic,Yes
Male,35,36452.7,Mobile,0.75,5,1,No,Yes,No,Premium,No
Male,63,33606.36,Desktop,3.24,6,3,No,Yes,No,Premium,Yes
Female,49,90798.76,Mobile,10.95,3,1,No,Yes,Yes,No Membership,Yes
Male,44,54602.45,Desktop,5.85,5,3,No,No,Yes,Premium,Yes
Male,45,40932.92,Desktop,8.01,5,1,No,No,No,Basic,No
Female,35,57232.75,Mobile,2.58,6,2,Yes,No,No,Basic,Yes
Male,56,89144.0,Desktop,17.34,1,0,No,No,Yes,Basic,Yes
Female,46,47985.75,Mobile,7.41,6,2,No,No,No,No Membership,No
Female,35,67366.19,Tablet,3.29,5,0,No,Yes,Yes,No Membership,Yes
Male,61,76356.3,Mobile,3.34,7,0,Yes,Yes,Yes,Basic,No
Female,25,20954.37,Desktop,15.06,2,0,Yes,Yes,No,No Membership,Yes
Female,48,,Mobile,5.15,2,2,No,Yes,No,Basic,Yes
Female,51,74099.56,Mobile,7.35,3,4,Yes,Yes,No,Premium,Yes
Male,24,42412.54,Mobile,3.24,2,0,No,Yes,No,Basic,No
Female,53,62463.26,Desktop,1.52,4,2,No,No,No,No Membership,Yes
Male,35,41347.33,Desktop,7.71,3,3,No,Yes,No,No Membership,Yes
Male,55,46980.07,Desktop,5.62,5,0,No,Yes,No,No Membership,No
Male,26,44787.45,Mobile,4.18,5,2,No,No,No,Basic,No
Female,26,66460.06,Desktop,5.87,5,0,Yes,No,No,No Membership,Yes
Male,63,58628.44,Desktop,1.4,7,2,Yes,Yes,Yes,Basic,Yes
Male,25,56779.47,Mobile,9.48,4,1,Yes,No,No,No Membership,No
Female,52,100134.91,Mobile,17.76,4,0,Yes,Yes,Yes,Basic,Yes
Male,35,86314.55,Mobile,13.3,3,0,No,Yes,No,Basic,Yes
Male,22,19337.61,Mobile,2.33,6,3,No,Yes,Yes,No Membership,Yes
Male,31,47018.63,Mobile,3.13,4,2,No,Yes,Yes,Basic,No
Male,45,98676.35,Desktop,9.91,5,0,Yes,Yes,No,Premium,Yes
Male,47,44657.38,Mobile,5.42,5,3,Yes,No,No,Premium,Yes
Male,21,92579.43,Desktop,4.76,7,2,No,No,No,No Membership,Yes
Female,56,47326.12,Tablet,15.67,3,1,No,Yes,No,No Membership,Yes
Male,37,50788.04,Desktop,4.61,7,3,Yes,Yes,No,No Membership,Yes
Male,42,70544.28,Desktop,4.34,3,2,No,No,Yes,Basic,No
Female,45,53376.27,Mobile,0.26,6,2,No,Yes,No,No Membership,Yes
Male,29,63903.24,Desktop,0.43,6,0,Yes,No,No,Premium,No
Female,19,83349.08,Mobile,0.04,3,1,Yes,Yes,No,Basic,Yes
Male,60,68658.42,Desktop,14.67,5,3,No,Yes,Yes,Basic,Yes
Male,31,57547.58,Tablet,3.15,4,2,No,Yes,Yes,No Membership,Yes
Male,39,85123.48,Desktop,3.79,7,0,No,No,Yes,Basic,Yes
Male,48,70780.37,Desktop,11.2,6,2,Yes,No,No,No Membership,Yes
Male,40,41796.22,Mobile,5.64,4,3,No,No,No,No Membership,Yes
Male,37,90641.35,Mobile,5.64,3,0,No,Yes,No,Basic,Yes
Male,55,66562.58,Desktop,2.11,4,1,No,No,No,No Membership,No
Male,21,51153.82,Mobile,10.77,3,1,Yes,Yes,No,Basic,Yes
Male,32,18625.28,Desktop,1.09,10,2,No,Yes,No,Basic,Yes
Male,41,30203.63,Mobile,0.33,4,1,Yes,Yes,No,No Membership,No
Male,42,85602.43,Desktop,1.28,1,3,No,No,No,No Membership,No
Female,18,86313.97,Mobile,1.87,3,0,No,No,No,Basic,No
Female,24,56535.11,Mobile,1.99,4,0,No,No,Yes,Premium,Yes
Male,48,23135.6,Desktop,6.66,4,0,No,No,Yes,Premium,Yes
Female,29,35434.45,Mobile,1.47,4,3,No,No,Yes,Basic,Yes
Female,59,25772.17,Mobile,6.77,5,1,No,No,No,Premium,Yes
Male,22,25118.0,Mobile,0.57,5,1,Yes,No,No,Premium,No
Female,61,91482.44,Mobile,0.96,7,2,No,Yes,No,Basic,No
Female,59,92078.52,Mobile,4.27,5,3,No,No,Yes,No Membership,Yes
Male,55,34824.75,Mobile,15.3,11,1,Yes,No,No,Basic,Yes
Male,29,54842.77,Desktop,11.78,4,1,Yes,Yes,Yes,Premium,Yes
Female,56,31873.67,Mobile,20.8,3,4,No,No,No,Basic,Yes
Female,35,54725.72,Tablet,6.31,4,1,No,Yes,No,Premium,Yes
Male,19,84507.47,Mobile,6.76,0,0,No,No,No,No Membership,Yes
Male,27,74416.94,Mobile,5.89,6,1,Yes,Yes,Yes,No Membership,Yes
Male,32,69555.93,Mobile,5.85,7,1,Yes,Yes,No,Basic,No
Male,47,51504.76,Desktop,0.95,1,3,No,No,No,No Membership,No
Female,61,77715.41,Mobile,4.71,5,2,Yes,Yes,No,Premium,Yes
Male,34,66640.04,Desktop,2.93,6,2,Yes,Yes,Yes,Basic,Yes
Male,21,62270.48,Mobile,3.51,4,1,Yes,No,No,Premium,No
Female,24,52922.63,Mobile,4.45,3,2,Yes,No,No,Basic,Yes
Male,58,60730.71,Desktop,0.82,3,2,Yes,Yes,No,No Membership,Yes
Male,48,60188.53,Mobile,2.67,3,1,No,Yes,No,Premium,Yes
Female,56,45254.23,Mobile,0.39,4,2,Yes,Yes,No,Premium,Yes
Female,51,41051.5,Desktop,23.37,6,0,No,Yes,Yes,Basic,Yes
Female,23,37055.67,Desktop,0.76,3,1,Yes,No,No,No Membership,No
Female,55,38208.46,Desktop,1.79,4,0,No,No,Yes,No Membership,No
Male,62,51614.15,Desktop,13.31,6,0,No,No,No,No Membership,Yes
Male,51,48651.67,Desktop,3.95,5,1,No,Yes,No,Basic,No
Female,61,43826.79,Desktop,0.87,7,2,No,No,No,No Membership,Yes
Male,32,42493.93,Mobile,2.91,5,2,Yes,Yes,No,Basic,Yes
Male,31,60253.84,Desktop,0.74,1,1,No,Yes,No,Basic,No
Male,23,79796.93,Desktop,1.34,8,2,No,No,No,Premium,Yes
Male,54,54803.52,Mobile,0.32,6,2,No,Yes,Yes,No Membership,Yes
Male,49,53626.05,Mobile,3.46,4,1,No,Yes,No,Basic,No
Male,20,38172.04,Mobile,9.86,10,1,Yes,Yes,No,No Membership,Yes
Male,20,50984.74,Desktop,5.29,3,0,No,No,Yes,No Membership,No
Male,39,76426.05,Mobile,5.59,5,2,No,Yes,Yes,Basic,Yes
Female,39,73674.3,Tablet,1.34,6,1,Yes,Yes,No,Premium,Yes
Female,27,72423.53,Mobile,2.53,5,1,No,Yes,No,Premium,Yes
Female,20,71845.64,Desktop,11.2,7,3,No,Yes,No,No Membership,Yes
Female,29,62861.19,Mobile,0.55,6,1,Yes,No,No,No Membership,Yes
Male,46,62221.73,Desktop,11.71,3,1,No,No,Yes,No Membership,Yes
Male,34,59405.51,Desktop,3.97,8,0,Yes,Yes,Yes,No Membership,Yes
Female,24,47496.06,Desktop,10.89,6,1,No,No,No,No Membership,Yes
Female,30,56506.59,Desktop,2.3,7,1,No,Yes,Yes,Premium,Yes
Female,19,58880.79,Desktop,2.48,6,4,Yes,Yes,No,Premium,Yes
Male,21,66397.03,Mobile,8.36,4,3,Yes,Yes,Yes,Premium,Yes
Male,27,56804.62,Mobile,9.22,6,1,No,Yes,No,No Membership,Yes
Male,56,92892.9,Desktop,1.57,6,3,Yes,No,No,Premium,Yes
Male,41,33223.38,Mobile,21.64,4,0,Yes,Yes,Yes,No Membership,Yes
Female,34,68580.56,Mobile,0.53,3,4,No,No,No,Basic,Yes
Female,23,54257.61,Desktop,0.43,6,3,Yes,No,No,Premium,Yes
Male,36,55038.63,Mobile,5.43,2,3,Yes,Yes,Yes,Basic,Yes
Female,22,40373.64,Mobile,7.7,7,3,No,Yes,No,Premium,Yes
Female,49,73348.18,Desktop,19.45,6,1,Yes,Yes,No,No Membership,Yes
Male,27,66751.15,Mobile,3.11,2,1,Yes,Yes,Yes,No Membership,Yes
Male,26,70005.47,Mobile,0.15,6,2,No,No,No,Basic,Yes
Male,44,58046.42,Mobile,5.54,3,0,No,No,No,No Membership,No
Male,30,49151.89,Desktop,2.05,5,0,No,No,Yes,No Membership,No
Male,36,53801.89,Tablet,3.4,6,1,No,Yes,No,No Membership,No
Male,38,62802.38,Desktop,4.02,3,5,No,Yes,No,Premium,No
Male,41,18899.63,Mobile,0.4,6,1,No,No,No,Premium,No
Male,55,70712.79,Tablet,3.99,7,2,No,No,No,Basic,Yes
Female,21,98671.47,Desktop,3.33,4,1,No,No,No,Premium,Yes
Male,41,63646.03,Desktop,7.48,3,2,No,Yes,No,Basic,Yes
Female,52,49943.32,Desktop,6.23,9,0,No,Yes,Yes,No Membership,Yes
Male,20,52097.77,Mobile,1.23,7,2,No,No,No,Premium,Yes
Female,21,67735.76,Mobile,1.39,6,2,No,Yes,No,Basic,Yes
Male,54,50350.8,Mobile,1.73,11,2,No,Yes,No,No Membership,Yes
Male,57,70636.15,Mobile,1.18,1,1,No,No,No,Basic,No
Female,52,51865.47,Desktop,6.42,7,1,Yes,Yes,No,No Membership,Yes
Female,48,85855.3,Desktop,31.14,7,1,No,Yes,No,Basic,Yes
Female,61,85358.73,Desktop,6.34,4,1,Yes,Yes,No,No Membership,Yes
Male,42,49056.95,Mobile,5.6,4,0,No,No,Yes,No Membership,No
Male,57,53541.57,Mobile,3.17,2,4,Yes,Yes,No,No Membership,Yes
Female,30,54597.36,Mobile,2.25,6,1,No,No,No,Premium,Yes
Female,21,54838.61,Mobile,14.52,5,1,Yes,Yes,No,Basic,Yes
Female,63,37946.28,Mobile,20.84,6,4,No,No,No,Basic,Yes
Female,31,35429.31,Desktop,4.12,9,1,Yes,No,No,No Membership,Yes
Male,30,77495.64,Mobile,2.06,6,1,No,No,No,Premium,Yes
Female,44,74616.17,Tablet,8.82,6,1,No,No,No,No Membership,Yes
Male,23,74305.37,Mobile,0.85,7,1,No,Yes,Yes,No Membership,Yes
Male,34,53751.19,Desktop,8.7,6,1,No,Yes,No,No Membership,Yes
Male,53,89056.21,Mobile,10.25,8,2,No,No,No,No Membership,Yes
Female,57,54595.56,Mobile,0.8,2,3,Yes,No,Yes,Premium,Yes
Male,52,70531.77,Desktop,22.6,5,0,Yes,No,No,No Membership,Yes
Male,34,30004.8,Desktop,25.41,10,1,No,Yes,No,No Membership,Yes
Female,58,50864.76,Mobile,16.56,3,0,Yes,Yes,Yes,Basic,Yes
Male,19,52195.22,Mobile,4.11,6,1,No,No,No,No Membership,Yes
Female,30,53821.22,Mobile,1.69,6,1,Yes,Yes,No,Basic,Yes
Male,19,31141.02,Desktop,5.23,7,1,Yes,Yes,Yes,No Membership,Yes
Male,45,67669.86,Tablet,3.27,3,0,No,Yes,Yes,No Membership,No
Female,60,73514.99,Mobile,1.38,10,2,No,Yes,Yes,No Membership,Yes
Male,43,41610.53,Mobile,3.31,4,1,Yes,Yes,No,Basic,Yes
Male,39,34347.85,Tablet,6.54,5,3,No,No,No,Premium,No
Male,64,41159.05,Mobile,0.44,1,1,No,No,Yes,Premium,No
Male,60,63918.98,Desktop,2.43,4,2,Yes,No,No,Premium,No
Female,20,44261.14,Mobile,0.11,4,3,Yes,No,No,No Membership,Yes
Male,52,52586.83,Desktop,8.31,6,1,No,No,No,No Membership,No
Female,29,35677.71,Mobile,6.14,2,2,Yes,Yes,Yes,No Membership,Yes
Male,41,90627.16,Mobile,0.39,5,5,No,No,No,Basic,Yes
Female,22,56317.58,Mobile,20.07,5,2,No,No,Yes,Basic,Yes
Female,37,75694.88,Desktop,0.14,5,0,No,Yes,Yes,Basic,No
Female,56,63877.06,Desktop,5.35,7,0,No,No,Yes,Basic,Yes
Male,56,54246.16,Desktop,8.99,7,2,No,No,No,Premium,No
Male,30,53314.08,Desktop,9.3,6,3,No,Yes,Yes,Premium,Yes
Male,58,41945.61,Mobile,0.21,4,2,No,No,No,Premium,No
Female,62,46891.66,Mobile,14.21,5,0,Yes,No,Yes,Basic,Yes
Female,29,36859.56,Desktop,15.04,2,5,No,No,Yes,Premium,Yes
Female,30,34896.41,Mobile,4.94,4,1,Yes,Yes,No,Premium,No
Male,27,92554.76,Mobile,3.95,9,1,Yes,No,Yes,No Membership,Yes
Female,50,60020.42,Mobile,0.28,6,2,No,No,No,No Membership,No
Female,57,81382.91,Mobile,4.95,4,3,Yes,Yes,Yes,Premium,Yes
Male,33,40706.88,Mobile,3.16,8,2,Yes,No,Yes,Premium,Yes
Male,62,32471.14,Desktop,8.89,5,2,Yes,No,No,Basic,No
Female,52,37399.99,Tablet,3.1,8,3,No,Yes,No,Basic,Yes
Female,20,47402.71,Desktop,6.9,3,1,No,No,No,No Membership,Yes
Female,22,55657.0,Tablet,0.64,3,3,No,No,No,No Membership,No
Male,43,52283.14,Tablet,0.86,3,0,Yes,No,No,Basic,Yes
Female,28,41082.56,Mobile,0.9,5,2,Yes,Yes,No,No Membership,No
Male,24,56578.87,Mobile,0.28,8,0,No,No,Yes,No Membership,No
Male,27,58156.95,Desktop,4.68,9,3,No,No,No,No Membership,Yes
Male,59,67640.98,Mobile,9.48,7,3,No,Yes,No,Premium,Yes
Female,51,81467.78,Mobile,5.66,4,1,No,No,No,Basic,Yes
Female,20,48449.91,Mobile,5.13,6,3,Yes,Yes,Yes,Premium,Yes
Female,25,76878.65,Mobile,6.85,7,3,No,Yes,No,Premium,Yes
Male,48,56186.88,Mobile,2.49,2,3,No,Yes,No,No Membership,No
Female,28,27508.26,Mobile,2.7,3,1,No,Yes,No,No Membership,Yes
Male,62,87098.87,Mobile,2.26,2,2,Yes,No,No,No Membership,Yes
Female,24,95905.66,Desktop,7.47,4,1,Yes,Yes,Yes,Premium,Yes
Male,62,66143.74,Desktop,1.06,5,2,Yes,No,No,No Membership,No
Male,19,56616.13,Desktop,0.08,6,1,No,No,No,Basic,No
Male,23,50114.71,Mobile,5.44,4,2,No,No,No,No Membership,Yes
Male,58,46648.94,Mobile,17.12,0,4,No,No,Yes,Basic,Yes
Female,49,76792.62,Desktop,5.64,6,2,No,No,Yes,No Membership,No
Female,37,54689.08,Mobile,9.16,4,3,Yes,No,No,Basic,Yes
Male,51,85130.92,Desktop,6.7,3,1,No,No,No,Basic,No
Female,33,55627.52,Desktop,4.13,5,4,Yes,Yes,Yes,No Membership,Yes
Male,42,47577.76,Desktop,7.6,6,2,No,No,Yes,No Membership,Yes
Female,29,44176.59,Tablet,10.43,4,1,Yes,No,No,Basic,Yes
Female,24,41613.11,Mobile,1.53,5,3,No,No,No,No Membership,Yes
Female,56,64254.62,Mobile,2.46,4,0,No,Yes,No,Basic,Yes
Male,34,31699.12,Desktop,1.52,4,2,Yes,No,No,No Membership,Yes
Female,62,40269.93,Mobile,3.61,4,2,No,No,No,No Membership,No
Female,28,78840.69,Mobile,12.98,1,1,Yes,Yes,Yes,Basic,Yes
Male,23,37818.11,Mobile,2.54,6,2,Yes,No,No,Basic,Yes
Male,40,70528.69,Mobile,2.81,5,3,No,No,No,Basic,Yes
Female,44,17865.79,Mobile,11.81,4,3,No,No,No,Basic,No
Female,63,81101.57,Mobile,4.35,6,1,No,No,Yes,Premium,Yes
Female,23,32135.83,Desktop,4.6,5,1,No,Yes,No,Basic,No
Female,55,39224.91,Desktop,11.83,1,1,No,Yes,Yes,Premium,Yes
Female,19,67246.17,Desktop,4.05,3,0,No,Yes,No,Basic,Yes
Male,39,59867.35,Desktop,6.87,6,0,No,Yes,No,No Membership,Yes
Male,37,71109.77,Mobile,0.54,5,4,Yes,No,No,Premium,Yes
Male,42,31991.27,Mobile,1.18,2,1,Yes,Yes,No,No Membership,Yes
Female,32,49837.5,Mobile,3.11,6,1,Yes,Yes,Yes,No Membership,Yes
Male,46,43892.59,Desktop,4.1,6,3,No,No,No,Premium,No
Female,25,35016.6,Desktop,20.24,4,2,No,No,No,Basic,Yes
Female,54,65726.15,Mobile,21.17,5,3,No,Yes,No,No Membership,Yes
Female,50,71974.93,Mobile,11.43,2,3,No,No,Yes,Basic,Yes
Male,39,48936.41,Tablet,2.28,9,1,Yes,No,No,No Membership,No
Female,64,82408.8,Desktop,19.95,4,2,Yes,No,No,Basic,Yes
Male,22,40857.4,Desktop,7.01,2,0,Yes,No,Yes,No Membership,No
Female,56,81972.41,Mobile,2.99,1,1,No,No,No,Premium,No
Male,35,65120.3,Mobile,7.26,5,1,Yes,Yes,No,No Membership,Yes
Male,55,32975.79,Desktop,0.1,2,3,Yes,Yes,Yes,No Membership,Yes
Female,54,90667.44,Desktop,0.95,8,3,Yes,Yes,Yes,Basic,Yes
Male,47,46999.4,Desktop,10.62,6,1,Yes,No,No,No Membership,No
Male,48,76692.12,Desktop,6.22,4,0,Yes,Yes,Yes,Basic,No
Female,27,57621.68,Desktop,2.72,3,0,No,No,No,Basic,No
Female,32,61739.94,Desktop,4.17,8,1,Yes,No,No,Basic,No
Female,59,71221.72,Mobile,14.13,0,2,No,Yes,Yes,Basic,Yes
Female,61,70225.32,Mobile,5.99,4,1,No,Yes,Yes,No Membership,No
Female,35,48841.36,Desktop,3.05,2,0,No,No,No,No Membership,Yes
Male,40,64569.98,Mobile,0.77,7,3,No,No,No,No Membership,Yes
Male,50,63218.8,Mobile,2.09,2,4,Yes,No,Yes,No Membership,Yes
Male,33,58844.1,Desktop,22.99,4,2,No,No,Yes,No Membership,Yes
Female,55,51340.3,Tablet,3.45,5,1,No,Yes,No,No Membership,Yes
Female,52,58808.17,Mobile,3.83,7,0,No,No,Yes,Basic,Yes
Male,51,90415.73,Mobile,4.14,1,0,Yes,No,No,No Membership,No
Male,45,49689.51,Desktop,12.93,5,1,No,No,No,Basic,Yes
Female,19,76718.57,Desktop,5.56,6,0,No,Yes,No,Premium,Yes
Male,47,43846.54,Desktop,7.1,2,3,No,No,Yes,Basic,No
Female,30,39136.34,Mobile,2.96,3,1,Yes,No,No,Basic,No
Female,58,113975.19,Mobile,0.18,1,1,Yes,Yes,No,Basic,Yes
Female,33,64720.44,Desktop,16.04,7,2,Yes,No,No,No Membership,Yes
Male,22,65215.24,Desktop,17.87,3,1,No,Yes,No,Basic,Yes
Female,45,65714.1,Desktop,17.87,6,1,Yes,Yes,Yes,No Membership,Yes
Female,56,80331.39,Mobile,17.26,4,5,No,No,No,No Membership,Yes
Female,62,62340.58,Mobile,10.13,4,1,No,No,No,Premium,No
Female,37,69691.99,Mobile,6.92,9,1,Yes,Yes,No,No Membership,Yes
Female,41,35945.77,Tablet,11.17,11,2,No,No,Yes,Basic,Yes
Female,44,72710.62,Desktop,5.51,8,5,No,No,Yes,Premium,Yes
Male,47,50738.31,Mobile,0.87,7,0,Yes,Yes,No,No Membership,Yes
Female,62,67091.36,Mobile,2.98,5,1,Yes,Yes,Yes,Basic,Yes
Female,44,24127.84,Desktop,21.3,5,1,No,No,No,Basic,No
Male,43,66343.23,Mobile,2.6,8,0,No,No,Yes,Basic,Yes
Female,24,14645.87,Desktop,12.14,6,0,No,Yes,No,Premium,Yes
Female,59,50033.52,Desktop,0.59,5,1,Yes,No,Yes,No Membership,No
Female,64,24300.07,Mobile,2.44,6,0,Yes,Yes,No,No Membership,No
Male,55,66394.66,Mobile,2.59,4,1,No,Yes,No,Basic,Yes
Male,22,56246.86,Desktop,0.32,5,3,No,No,Yes,Basic,Yes
Female,40,41125.83,Mobile,0.76,4,3,No,Yes,No,Basic,No
Female,45,80819.34,Mobile,1.29,3,1,No,Yes,No,No Membership,No
Male,51,38860.0,Tablet,10.91,5,1,Yes,Yes,No,Basic,Yes
Female,32,12000.0,Desktop,0.39,7,0,Yes,Yes,Yes,Basic,Yes
Female,49,64245.43,Desktop,2.13,6,1,Yes,No,Yes,No Membership,No
Female,43,23201.22,Mobile,0.06,8,3,No,No,Yes,Basic,Yes
Female,48,39429.83,Mobile,7.14,6,0,No,No,No,Basic,Yes
Male,36,45687.76,Mobile,5.81,6,1,Yes,Yes,Yes,Basic,Yes
Male,26,29368.11,Mobile,6.21,4,2,Yes,Yes,No,No Membership,Yes
Male,46,46112.9,Desktop,2.81,3,0,Yes,No,No,Basic,No
Female,56,29704.93,Mobile,1.4,5,2,No,Yes,No,Basic,No
Male,21,57922.9,Desktop,7.64,8,3,No,Yes,No,No Membership,Yes
Male,20,32882.59,Mobile,10.0,6,2,No,Yes,No,Basic,Yes
Male,46,55542.64,Mobile,0.9,5,4,No,Yes,Yes,No Membership,Yes
Female,28,75916.14,Tablet,4.0,6,0,Yes,No,No,Premium,Yes
Female,50,69082.71,Mobile,1.72,9,1,No,Yes,No,Basic,Yes
Male,55,53529.21,Mobile,1.1,9,1,No,Yes,No,Premium,Yes
Male,28,37202.73,Mobile,7.95,6,2,No,No,No,No Membership,No
Female,44,57865.19,Mobile,4.63,4,1,No,No,No,No Membership,Yes
Male,50,42477.06,Mobile,1.46,5,3,No,Yes,No,No Membership,Yes
Male,38,58620.22,Mobile,2.23,4,1,No,Yes,Yes,No Membership,No
Male,56,24124.87,Desktop,20.4,3,2,No,Yes,Yes,No Membership,Yes
Male,48,69530.7,Desktop,11.33,10,2,No,No,Yes,Basic,Yes
Male,55,55597.9,Mobile,12.72,3,4,No,Yes,No,No Membership,Yes
Male,63,94753.3,Mobile,3.7,7,1,Yes,Yes,No,Premium,Yes
Male,19,78509.11,Desktop,5.87,9,1,No,Yes,No,Premium,Yes
Female,44,65191.36,Mobile,2.84,2,5,No,No,No,No Membership,Yes
Male,53,52768.13,Desktop,0.49,7,1,Yes,Yes,No,Basic,No
Female,28,41867.12,Desktop,3.08,3,1,No,No,No,Basic,No
Female,64,71963.37,Mobile,5.41,8,2,Yes,Yes,Yes,No Membership,Yes
Male,35,50869.54,Desktop,2.03,8,3,No,No,No,No Membership,No
Female,18,76030.56,Tablet,11.3,4,0,No,No,No,Basic,Yes
Male,52,62214.82,Desktop,0.98,6,0,No,No,No,Basic,No
Female,52,62343.95,Mobile,2.74,4,2,No,Yes,No,Premium,No
Male,48,65701.47,Desktop,0.8,4,1,No,Yes,Yes,No Membership,Yes
Male,45,38446.72,Tablet,3.11,5,4,No,No,Yes,No Membership,Yes
Male,56,36601.55,Mobile,0.24,5,1,No,Yes,No,Premium,No
Female,18,35979.23,Desktop,1.91,7,4,No,No,Yes,Basic,Yes
Female,42,73854.94,Mobile,3.07,3,2,No,No,No,No Membership,No
Female,60,37977.01,Mobile,3.9,3,0,Yes,No,No,No Membership,No
Male,55,40219.13,Desktop,4.71,2,0,No,No,No,Premium,No
Female,37,64675.31,Desktop,1.93,3,1,Yes,No,Yes,Basic,No
Male,20,50463.12,Desktop,4.44,3,3,No,No,No,No Membership,No
Female,19,48163.7,Tablet,4.27,4,2,No,Yes,No,Basic,No
Male,35,46602.01,Mobile,2.28,3,3,Yes,Yes,No,No Membership,Yes
Male,61,13138.63,Mobile,10.64,6,1,No,Yes,No,Basic,Yes
Male,27,37596.13,Tablet,4.73,6,2,No,Yes,No,Premium,Yes
Male,22,76268.14,Mobile,2.42,7,1,Yes,No,No,No Membership,Yes
Female,26,45290.83,Desktop,17.66,8,3,No,No,No,Premium,Yes
Male,19,20791.19,Mobile,11.19,4,1,Yes,No,No,No Membership,Yes
Female,51,36856.1,Mobile,24.3,4,3,Yes,Yes,Yes,Premium,Yes
Male,55,61477.37,Mobile,7.07,5,1,No,No,No,Basic,Yes
Female,48,61120.62,Mobile,2.85,6,0,No,Yes,Yes,Premium,Yes
Male,27,49702.95,Desktop,1.98,7,1,No,Yes,Yes,No Membership,Yes
Male,29,42594.33,Desktop,6.53,10,0,No,No,No,No Membership,Yes
Female,53,29760.47,Desktop,23.72,3,0,No,No,Yes,Basic,No
Male,38,61627.33,Mobile,5.91,3,1,No,Yes,No,Basic,Yes
Male,64,70081.67,Mobile,12.8,4,0,No,No,No,Premium,No
Female,23,78199.84,Mobile,2.39,2,1,Yes,Yes,Yes,No Membership,Yes
Female,20,35009.43,Mobile,3.13,1,2,No,Yes,No,No Membership,Yes
Male,27,79579.41,Mobile,14.2,4,1,Yes,No,No,No Membership,Yes
Male,22,53980.98,Mobile,8.48,6,0,No,No,No,No Membership,Yes
Female,63,55478.3,Mobile,23.91,4,3,No,No,No,No Membership,Yes
Male,43,71084.66,Mobile,8.94,6,8,No,No,No,Basic,Yes
Male,38,45262.83,Mobile,3.57,5,2,No,Yes,No,No Membership,Yes
Male,62,16051.55,Desktop,4.54,3,2,Yes,No,No,Basic,Yes
Female,43,67687.51,Mobile,13.85,5,3,Yes,No,Yes,Premium,Yes
Female,55,61274.27,Mobile,4.81,10,0,Yes,No,No,No Membership,No
Male,61,48515.02,Tablet,1.77,2,2,Yes,No,Yes,No Membership,Yes
Male,43,66205.56,Mobile,3.43,8,4,No,Yes,No,Basic,Yes
Male,25,69884.98,Desktop,4.36,4,3,No,No,No,Premium,Yes
Female,22,27783.89,Mobile,0.61,6,4,Yes,Yes,No,Premium,No
Male,32,55405.23,Desktop,8.17,2,1,No,Yes,No,Premium,Yes
Male,33,14003.87,Mobile,0.69,4,2,No,No,No,No Membership,No
Female,18,52773.52,Desktop,3.11,7,4,Yes,Yes,No,No Membership,Yes
Male,33,48290.64,Mobile,9.8,6,1,No,No,No,No Membership,No
Female,54,63854.36,Desktop,3.78,3,0,No,Yes,No,No Membership,No
Male,20,35685.01,Mobile,11.07,4,2,Yes,No,Yes,Basic,Yes
Male,64,47413.24,Mobile,2.51,4,0,Yes,Yes,No,Premium,Yes
Male,48,12000.0,Desktop,18.97,7,1,No,Yes,No,No Membership,Yes
Female,30,65035.07,Mobile,1.41,5,2,Yes,No,No,No Membership,Yes
Female,33,53408.8,Tablet,0.23,7,0,Yes,No,No,Basic,No
Female,60,56570.35,Mobile,12.35,4,1,No,No,No,Basic,No
Male,38,28118.25,Mobile,8.37,3,2,No,No,No,Basic,No
Female,19,62165.12,Desktop,1.58,3,1,Yes,No,No,Premium,Yes
Male,44,84749.49,Mobile,25.1,3,0,Yes,No,No,Basic,Yes
Male,55,51671.57,Mobile,4.19,3,5,No,Yes,Yes,Premium,Yes
Female,43,66701.6,Desktop,18.1,4,1,No,Yes,No,Premium,Yes
Male,55,39328.82,Desktop,4.22,6,0,No,No,Yes,Premium,No
Male,63,53616.59,Tablet,3.83,4,1,No,No,No,No Membership,No
Male,42,27435.87,Mobile,3.58,11,0,Yes,Yes,Yes,Premium,Yes
Male,28,69186.19,Mobile,2.45,3,1,Yes,Yes,No,Premium,Yes
Male,25,57877.13,Mobile,4.58,6,0,No,No,No,No Membership,No
Female,25,33052.85,Mobile,3.61,1,0,Yes,Yes,No,Basic,Yes
Male,50,40566.48,Desktop,0.22,10,5,Yes,Yes,No,Premium,Yes
Female,24,56099.55,Mobile,1.81,4,2,Yes,No,No,Basic,No
Female,55,71629.57,Mobile,1.44,5,1,Yes,No,Yes,Basic,Yes
Male,38,81631.49,Mobile,12.12,3,0,No,Yes,Yes,Basic,Yes
Male,25,52585.74,Desktop,5.48,6,0,No,No,No,Basic,Yes
Male,38,30436.32,Tablet,8.66,11,2,Yes,Yes,Yes,Premium,Yes
Female,37,59292.37,Desktop,18.86,6,1,No,No,No,Premium,Yes
Male,25,87127.88,Mobile,6.2,3,1,No,No,No,No Membership,No
Female,63,25790.53,Desktop,24.31,2,4,Yes,Yes,Yes,No Membership,Yes
Male,48,37817.28,Desktop,2.24,5,0,No,Yes,No,Premium,No
Female,46,65997.36,Mobile,1.24,7,2,No,Yes,No,Basic,Yes
Male,26,57764.78,Mobile,3.1,3,2,Yes,Yes,No,Basic,Yes
Male,32,45189.64,Mobile,3.82,1,0,No,Yes,No,No Membership,No
Female,47,58962.05,Mobile,13.54,9,4,No,No,No,Basic,Yes
Female,43,72595.81,Desktop,4.93,6,0,Yes,Yes,Yes,Premium,No
Male,27,53229.95,Mobile,2.07,6,3,No,Yes,No,No Membership,No
Female,46,51651.86,Mobile,8.14,3,0,No,No,No,Basic,No
Male,33,65602.44,Tablet,4.23,4,0,No,Yes,Yes,Premium,Yes
Female,53,50130.73,Desktop,1.06,6,4,No,No,Yes,Basic,Yes
Female,37,75565.42,Desktop,5.16,2,0,Yes,Yes,No,No Membership,Yes
Male,62,91481.31,Mobile,14.54,7,0,No,No,Yes,Basic,Yes
Male,54,38927.04,Mobile,11.09,8,3,No,Yes,Yes,Basic,Yes
Male,39,32499.54,Mobile,5.3,5,3,No,No,No,No Membership,Yes
Female,24,61690.95,Mobile,2.84,6,3,No,No,Yes,Premium,Yes
Female,40,31860.92,Mobile,0.55,3,1,No,Yes,Yes,Basic,No
Male,58,31553.61,Desktop,3.81,6,0,No,No,Yes,No Membership,No
Male,57,18114.3,Mobile,8.37,6,1,No,No,No,Premium,No
Female,46,48119.46,Mobile,2.68,5,1,No,No,No,Basic,Yes
Female,33,54406.17,Mobile,1.61,8,2,Yes,No,No,No Membership,Yes
Female,55,45687.47,Desktop,16.08,7,0,Yes,Yes,No,Premium,Yes
Male,45,80026.0,Desktop,10.34,5,0,Yes,No,No,Basic,Yes
Male,55,78685.97,Desktop,6.1,2,1,No,No,Yes,No Membership,No
Male,48,89719.19,Mobile,0.88,2,1,No,Yes,No,Basic,Yes
Female,31,55837.51,Mobile,0.94,9,3,Yes,No,No,Basic,Yes
Male,50,76308.74,Mobile,0.65,4,2,No,Yes,Yes,Basic,Yes
Female,26,60559.35,Mobile,5.75,5,2,Yes,No,Yes,Basic,Yes
Male,44,58750.88,Desktop,0.74,11,1,No,No,No,Basic,Yes
Female,41,46587.05,Tablet,11.09,3,1,Yes,No,No,No Membership,Yes
Female,30,14263.36,Desktop,29.74,3,2,No,No,Yes,No Membership,Yes
Female,43,66471.25,Tablet,2.74,4,1,Yes,No,No,No Membership,Yes
Male,46,75774.45,Desktop,3.63,3,0,Yes,No,No,Premium,Yes
Male,60,27538.88,Mobile,7.46,6,3,Yes,Yes,No,Premium,Yes
Male,45,54825.42,Tablet,16.6,7,1,No,No,No,Premium,Yes
Female,45,72849.65,Mobile,13.47,2,1,Yes,No,No,No Membership,Yes
Female,25,48529.02,Desktop,0.36,4,3,No,No,No,Basic,No
Female,40,76475.87,Mobile,1.11,3,0,Yes,No,No,No Membership,No
Female,46,52474.91,Mobile,8.43,5,4,Yes,No,No,Basic,Yes
Female,22,45547.15,Desktop,7.01,7,0,No,No,No,Basic,No
Male,59,77505.16,Mobile,0.86,5,1,Yes,Yes,No,Basic,Yes
Female,24,38192.43,Mobile,4.18,4,3,No,Yes,No,Premium,Yes
Male,59,41951.73,Mobile,9.11,5,3,Yes,No,No,No Membership,Yes
Male,53,38880.17,Mobile,1.48,7,2,No,No,No,Basic,No
Female,58,34433.29,Tablet,12.3,6,2,Yes,No,No,Premium,Yes
Male,44,57754.61,Desktop,0.33,3,0,No,No,Yes,Basic,Yes
Male,63,45767.18,Mobile,9.14,6,0,No,Yes,Yes,No Membership,Yes
Female,19,63795.04,Mobile,5.74,5,0,No,No,No,Premium,No
Male,42,23776.47,Desktop,2.27,4,1,No,No,No,No Membership,Yes
Female,26,34794.13,Mobile,7.66,2,1,No,No,Yes,No Membership,Yes
Male,44,55928.42,Mobile,9.15,5,1,No,No,No,Basic,No
Male,18,81454.25,Mobile,16.3,5,2,No,No,Yes,No Membership,Yes
Male,40,61813.04,Desktop,2.75,5,2,Yes,Yes,Yes,Premium,Yes
Male,27,44390.97,Mobile,6.95,3,2,No,No,Yes,No Membership,Yes
Female,59,28188.44,Mobile,5.54,6,4,Yes,No,No,Basic,Yes
Male,42,43338.77,Mobile,4.47,5,2,Yes,Yes,No,No Membership,Yes
Female,20,54235.29,Mobile,13.27,5,0,Yes,Yes,Yes,Basic,Yes
Male,23,12561.55,Desktop,0.02,6,1,No,Yes,No,No Membership,Yes
Female,23,33159.34,Mobile,1.99,5,1,No,No,No,No Membership,Yes
Female,19,41723.99,Mobile,4.64,6,2,Yes,No,No,No Membership,No
Female,35,50366.65,Mobile,1.18,2,3,Yes,Yes,No,Premium,Yes
Male,40,54021.94,Mobile,14.31,12,2,No,Yes,Yes,Basic,Yes
Male,19,44004.38,Desktop,6.26,7,1,No,No,No,No Membership,Yes
Male,29,64105.72,Desktop,3.9,4,3,No,Yes,No,No Membership,No
Female,39,57244.72,Mobile,10.11,5,0,No,Yes,No,Premium,Yes
Male,54,48338.86,Mobile,3.6,7,4,No,Yes,No,No Membership,No
Male,37,66587.96,Mobile,4.91,1,2,No,No,No,Basic,No
Female,56,65114.93,Desktop,0.02,5,0,Yes,Yes,No,Premium,Yes
Male,41,28831.63,Desktop,2.73,6,2,No,Yes,No,Premium,Yes
Female,37,54423.5,Mobile,0.9,5,1,Yes,No,Yes,Basic,Yes
Male,18,71024.69,Desktop,7.02,2,3,Yes,Yes,No,Basic,Yes
Male,18,74034.81,Desktop,3.91,5,2,Yes,No,No,No Membership,Yes
Female,34,61676.36,Tablet,2.16,2,1,Yes,Yes,Yes,Basic,No
Male,18,50800.81,Mobile,3.78,4,3,No,No,No,No Membership,Yes
Female,62,62583.76,Mobile,1.41,5,1,Yes,Yes,No,No Membership,No
Male,47,69539.92,Mobile,15.55,6,1,No,No,No,Basic,No
Male,58,57084.98,Desktop,0.33,3,4,No,Yes,No,No Membership,Yes
Female,64,59114.87,Desktop,12.03,6,0,No,No,No,Premium,No
Female,20,50503.54,Desktop,4.3,6,5,Yes,No,No,Premium,Yes
Female,63,30937.87,Mobile,5.79,3,4,No,No,Yes,No Membership,Yes
Male,28,51861.45,Mobile,2.16,4,1,No,Yes,No,No Membership,No
Female,41,42811.95,Mobile,20.41,4,2,No,No,No,No Membership,Yes
Male,39,42869.42,Desktop,1.99,7,2,No,No,No,No Membership,Yes
Male,61,80809.02,Mobile,5.33,4,0,No,Yes,No,No Membership,Yes
Female,62,72128.03,Mobile,30.14,7,0,No,Yes,No,No Membership,Yes
Male,43,24517.02,Desktop,12.78,5,1,Yes,No,No,Premium,No
Female,30,35472.18,Mobile,4.61,2,2,Yes,Yes,Yes,Basic,Yes
Male,18,48455.88,Mobile,27.86,6,0,No,Yes,No,Basic,Yes
Male,41,43468.62,Mobile,7.25,5,4,No,No,No,Premium,Yes
Female,27,60713.53,Desktop,1.4,3,1,Yes,No,No,No Membership,Yes
Female,52,32615.47,Desktop,3.12,2,4,Yes,Yes,Yes,Basic,Yes
Female,41,72253.58,Tablet,2.44,8,1,Yes,No,No,Premium,No
Female,45,54207.9,Mobile,2.53,1,0,No,Yes,No,Basic,No
Female,53,48870.78,Tablet,8.57,5,1,No,No,No,No Membership,No
Female,33,54742.25,Desktop,5.27,4,2,No,Yes,No,No Membership,No
Female,57,47484.85,Desktop,0.23,6,0,No,Yes,No,Premium,Yes
Male,33,18448.43,Tablet,12.6,3,2,No,No,No,Premium,No
Male,34,55214.67,Mobile,2.11,5,1,No,No,No,No Membership,No
Male,32,49226.57,Mobile,35.01,3,1,Yes,No,No,No Membership,Yes
Female,33,37819.77,Mobile,18.5,7,1,No,No,Yes,No Membership,Yes
Female,32,74753.74,Desktop,16.93,5,3,Yes,Yes,Yes,Basic,Yes
Male,51,67049.88,Desktop,10.0,7,1,Yes,No,Yes,Basic,Yes
Female,28,98899.42,Desktop,1.5,6,2,Yes,No,No,Basic,Yes
Female,18,70026.91,Mobile,4.56,8,0,Yes,No,No,No Membership,Yes
Male,32,43418.17,Mobile,1.52,6,2,No,No,Yes,No Membership,No
Female,43,38695.79,Mobile,1.8,4,1,Yes,No,No,No Membership,Yes
Female,21,46102.5,Desktop,5.66,4,0,No,No,No,Basic,Yes
Male,60,43000.68,Mobile,0.25,2,1,No,No,Yes,Basic,No
Female,22,56958.1,Tablet,20.93,2,3,No,Yes,No,No Membership,Yes
Male,52,27301.65,Mobile,15.06,5,1,Yes,No,No,Premium,Yes
Female,30,66651.16,Mobile,2.88,2,1,No,Yes,No,Premium,Yes
Female,27,56641.53,Desktop,4.35,1,1,No,Yes,No,Premium,Yes
Female,28,64584.36,Mobile,3.77,4,1,Yes,No,No,No Membership,Yes
Male,35,34405.36,Mobile,12.83,6,1,No,No,Yes,No Membership,No
Female,51,59440.4,Mobile,7.0,6,2,Yes,Yes,No,Basic,Yes
Female,56,78385.18,Mobile,1.96,9,1,No,No,No,Basic,Yes
Male,58,39510.87,Tablet,3.55,3,1,No,No,Yes,No Membership,No
Female,59,39018.6,Desktop,3.36,9,1,Yes,Yes,No,No Membership,Yes
Male,40,67815.23,Mobile,19.21,6,5,No,Yes,No,No Membership,Yes
Female,24,37557.08,Desktop,1.16,11,2,Yes,Yes,Yes,Basic,Yes
Male,56,50800.89,Mobile,0.56,5,1,No,No,No,Basic,Yes
Male,20,81563.19,Desktop,12.75,2,2,Yes,No,No,Premium,Yes
Male,29,39273.96,Tablet,13.62,7,2,No,Yes,Yes,Premium,Yes
Female,24,82799.96,Desktop,12.32,2,3,No,No,No,Basic,No
Male,43,48955.93,Mobile,4.29,2,2,No,No,No,No Membership,No
Female,50,34818.38,Mobile,6.47,5,0,Yes,No,No,Basic,No
Male,54,65866.67,Mobile,4.97,7,1,No,No,No,Premium,No
Male,32,56939.47,Desktop,0.43,4,0,No,Yes,No,No Membership,No
Female,19,55237.24,Mobile,5.44,6,3,No,Yes,Yes,No Membership,Yes
Female,58,41163.07,Mobile,0.08,6,1,No,Yes,No,No Membership,Yes
Male,24,56808.15,Tablet,2.36,2,0,No,Yes,No,No Membership,No
Female,49,17782.65,Mobile,16.16,10,1,Yes,Yes,No,Basic,No
Female,21,58937.77,Mobile,2.17,4,1,No,No,Yes,No Membership,No
Female,37,78350.49,Mobile,16.86,4,2,No,No,No,Basic,Yes
Male,53,23222.28,Mobile,1.73,4,1,Yes,No,Yes,Basic,Yes
Male,49,47678.05,Mobile,2.27,3,3,Yes,Yes,Yes,Premium,No
Female,45,39256.48,Mobile,5.94,3,1,Yes,No,Yes,Basic,No
Male,30,27801.03,Mobile,8.6,7,0,Yes,No,No,Premium,Yes
Female,18,18048.26,Mobile,4.18,7,0,No,Yes,No,Basic,No
Female,52,33744.95,Desktop,12.83,7,2,Yes,Yes,No,No Membership,No
Female,47,50637.22,Mobile,0.25,3,2,Yes,Yes,No,Basic,Yes
Female,53,75684.47,Desktop,15.32,5,0,Yes,Yes,No,Basic,Yes
Female,42,27591.14,Mobile,1.31,7,1,Yes,No,Yes,No Membership,Yes
Male,33,60299.07,Mobile,12.94,7,3,No,No,No,Premium,No
Female,36,58953.55,Tablet,3.07,4,1,No,No,No,Premium,Yes
Male,18,85095.33,Mobile,10.73,8,1,No,No,Yes,Premium,Yes
Male,22,65278.57,Mobile,6.68,8,0,Yes,Yes,No,Basic,Yes
Female,39,66314.79,Desktop,1.16,5,1,No,Yes,No,Premium,No
Female,41,67587.41,Desktop,15.01,10,2,No,No,No,No Membership,Yes
Female,60,38363.82,Mobile,1.69,6,2,No,Yes,No,No Membership,No
Female,62,44689.19,Mobile,1.68,9,1,Yes,Yes,Yes,No Membership,Yes
Male,54,75103.63,Desktop,10.1,8,4,Yes,Yes,No,Basic,Yes
Male,53,18085.6,Desktop,0.67,6,1,Yes,No,Yes,Basic,No
Female,53,42718.4,Mobile,1.51,4,0,No,Yes,Yes,Basic,Yes
Male,21,31045.43,Mobile,4.2,2,1,No,Yes,Yes,Basic,No
Male,53,59216.39,Mobile,10.65,3,4,Yes,Yes,Yes,Premium,Yes
Male,35,47411.05,Mobile,0.96,1,3,Yes,Yes,Yes,Basic,Yes
Male,33,66267.47,Mobile,4.76,8,1,No,Yes,Yes,No Membership,Yes
Male,58,53038.09,Mobile,7.45,7,1,Yes,Yes,No,Basic,Yes
Male,35,27170.34,Mobile,11.82,5,0,No,Yes,Yes,No Membership,No
Male,39,28002.38,Mobile,16.45,2,1,No,No,No,No Membership,Yes
Male,19,54891.13,Tablet,9.21,7,3,No,No,No,No Membership,Yes
Female,38,41119.57,Mobile,6.35,12,0,Yes,No,No,No Membership,No
Male,53,45412.59,Mobile,3.41,5,1,No,No,No,No Membership,No
Male,61,71891.48,Mobile,0.71,3,2,No,No,Yes,Basic,Yes
Female,56,68662.59,Tablet,7.42,4,1,No,No,No,Basic,No
Male,64,87359.21,Desktop,29.55,5,0,Yes,No,No,Basic,Yes
Female,56,49305.96,Desktop,8.01,6,0,Yes,No,Yes,Premium,Yes
Female,46,43459.36,Mobile,0.1,3,1,No,No,Yes,Premium,Yes
Male,43,62527.4,Desktop,4.11,3,0,No,Yes,Yes,No Membership,Yes
Male,38,44905.7,Mobile,5.72,1,5,Yes,Yes,No,Basic,No
Female,34,45494.9,Mobile,7.02,5,0,Yes,Yes,No,No Membership,Yes
Female,33,51362.17,Desktop,7.63,2,1,Yes,No,No,Basic,Yes
Male,48,84749.48,Desktop,4.9,4,2,No,Yes,No,No Membership,Yes
Female,26,67671.38,Desktop,1.52,2,0,Yes,No,No,Basic,Yes
Male,48,69558.77,Desktop,17.1,7,0,No,Yes,No,Premium,Yes
Female,31,83941.38,Tablet,7.16,3,4,No,Yes,Yes,Premium,Yes
Male,54,71245.59,Mobile,1.62,9,1,No,Yes,Yes,Premium,Yes
Female,19,34634.7,Mobile,2.33,6,3,Yes,No,No,Basic,Yes
Female,63,70972.88,Mobile,15.3,5,1,Yes,Yes,No,No Membership,Yes
Female,31,73256.59,Desktop,13.11,2,2,Yes,Yes,No,Premium,Yes
Female,50,66733.57,Mobile,3.12,5,2,Yes,No,No,Premium,Yes
Male,52,51482.05,Desktop,0.23,5,2,No,No,Yes,Basic,Yes
Male,56,64833.97,Mobile,0.3,8,1,No,No,Yes,No Membership,No
Male,64,54635.69,Mobile,2.0,2,1,No,No,No,Basic,Yes
Male,37,37394.41,Mobile,5.95,5,1,No,No,No,Basic,No
Female,19,41866.59,Mobile,5.27,5,3,Yes,No,Yes,Premium,Yes
Male,58,67667.01,Desktop,6.03,6,1,No,Yes,No,No Membership,Yes
Male,36,38695.24,Mobile,7.58,1,2,No,Yes,No,Basic,Yes
Female,54,40392.04,Mobile,0.12,3,4,No,No,No,Basic,No
Female,35,68560.92,Mobile,0.67,9,2,No,No,No,No Membership,Yes
Female,33,57408.2,Mobile,2.67,6,0,No,No,Yes,No Membership,Yes
Female,21,65389.48,Mobile,1.01,5,1,Yes,No,No,No Membership,Yes
Male,29,32877.68,Mobile,0.47,4,1,Yes,Yes,No,Premium,Yes
Male,46,64889.73,Desktop,6.15,3,6,No,No,No,Premium,No
Female,24,43119.49,Mobile,10.14,11,1,No,Yes,No,Premium,Yes
Female,31,36696.09,Mobile,8.38,6,2,Yes,Yes,No,Premium,Yes
Male,29,45903.79,Desktop,10.19,3,1,Yes,Yes,No,No Membership,Yes
Female,52,79517.17,Mobile,6.58,7,4,No,No,No,Premium,Yes
Male,22,48439.83,Mobile,7.98,6,4,No,Yes,No,Basic,Yes
Male,34,94625.03,Mobile,1.9,2,3,Yes,Yes,No,Basic,Yes
Female,59,17880.79,Mobile,29.78,4,2,Yes,No,No,No Membership,Yes
Female,49,27167.0,Desktop,1.21,5,5,No,No,No,Premium,Yes
Female,27,78835.33,Mobile,1.45,2,0,No,No,No,Basic,Yes
Male,60,83360.88,Desktop,2.05,2,1,No,Yes,No,Basic,No
Female,34,39457.77,Tablet,22.21,4,2,Yes,No,No,Basic,Yes
Male,22,56240.09,Mobile,26.68,6,4,No,No,Yes,No Membership,Yes
Male,62,67819.42,Mobile,9.51,4,1,Yes,No,No,No Membership,Yes
Female,59,50871.24,Mobile,5.95,6,1,No,No,No,Premium,Yes
Female,26,57697.61,Mobile,4.4,8,1,Yes,Yes,No,No Membership,Yes
Female,50,55196.79,Desktop,21.16,7,2,No,No,No,No Membership,Yes
Female,53,28333.95,Desktop,7.14,8,1,No,Yes,No,No Membership,No
Female,53,48796.1,Mobile,17.37,5,0,No,No,Yes,No Membership,Yes
Female,35,55222.57,Mobile,2.28,1,2,Yes,No,No,No Membership,Yes
Male,26,56856.19,Mobile,2.44,5,0,No,No,No,Premium,No
Male,46,23850.89,Desktop,11.57,5,2,Yes,No,No,Premium,Yes
Male,31,68566.49,Desktop,0.97,7,1,No,Yes,No,Basic,No
Male,42,57330.89,Desktop,17.5,2,2,Yes,Yes,No,Premium,Yes
Female,32,36003.05,Mobile,4.25,6,2,No,No,Yes,Premium,No
Male,23,87383.16,Desktop,15.66,6,2,No,No,Yes,No Membership,Yes
Male,59,48761.48,Mobile,2.46,3,4,Yes,Yes,No,Basic,Yes
Male,46,49930.35,Mobile,7.55,5,3,Yes,Yes,No,No Membership,Yes
Female,32,66550.77,Mobile,3.96,7,1,No,Yes,Yes,Basic,Yes
Male,46,88912.02,Mobile,5.91,4,2,Yes,No,No,No Membership,Yes
Female,21,67258.71,Desktop,4.21,3,1,No,No,No,Premium,No
Male,35,69869.98,Desktop,20.49,2,0,Yes,Yes,No,Premium,Yes
Male,61,36970.81,Mobile,7.07,4,1,No,Yes,Yes,Basic,No
Female,56,56565.27,Tablet,1.74,8,2,No,No,No,Basic,Yes
Female,33,45419.29,Mobile,14.43,9,1,No,Yes,No,No Membership,Yes
Male,28,67674.34,Desktop,2.09,11,1,No,Yes,No,No Membership,Yes
Female,31,69345.38,Desktop,2.79,4,3,No,Yes,No,No Membership,Yes
Female,20,84398.13,Mobile,0.65,8,1,Yes,No,No,Premium,Yes
Male,59,,Desktop,13.81,2,1,Yes,No,No,Basic,Yes
Female,55,43649.59,Mobile,2.02,2,1,Yes,No,No,No Membership,Yes
Female,62,78404.48,Mobile,1.8,8,2,Yes,Yes,Yes,No Membership,Yes
Female,59,29772.46,Desktop,15.17,3,2,No,No,No,No Membership,Yes
Female,35,69501.72,Desktop,9.82,6,3,No,No,No,No Membership,Yes
Female,37,75412.01,Desktop,0.91,6,0,Yes,Yes,Yes,Basic,Yes
Female,42,54489.88,Desktop,8.8,6,3,Yes,No,No,Premium,Yes
Female,55,29413.64,Mobile,14.65,4,1,No,No,No,Premium,No
Female,30,52812.65,Mobile,0.49,2,0,No,No,Yes,Premium,No
Female,21,81256.26,Tablet,10.47,4,2,Yes,No,No,Basic,Yes
Female,31,82702.31,Mobile,4.76,7,0,Yes,Yes,No,Basic,Yes
Female,50,58741.85,Desktop,6.64,5,2,Yes,No,Yes,Premium,Yes
Male,45,37409.72,Mobile,4.07,5,1,Yes,Yes,No,No Membership,Yes
Female,54,86291.15,Desktop,7.18,5,2,No,Yes,Yes,Basic,Yes
Female,25,69776.61,Mobile,0.21,4,0,No,No,No,Basic,No
Male,61,38592.82,Tablet,8.63,4,2,No,No,No,No Membership,Yes
Female,51,61165.34,Desktop,0.2,2,1,No,Yes,No,No Membership,Yes
Male,61,60341.47,Tablet,3.65,4,1,No,No,Yes,Premium,No
Male,22,43537.69,Mobile,0.98,3,1,No,No,No,Basic,Yes
Female,22,61265.92,Desktop,10.41,5,1,Yes,No,Yes,Premium,Yes
Male,48,74911.36,Desktop,2.26,3,0,Yes,No,No,No Membership,No
Female,62,49667.51,Desktop,3.63,6,2,No,Yes,No,Basic,No
Female,26,76748.84,Tablet,3.36,8,1,No,No,No,Basic,Yes
Female,59,23403.62,Mobile,8.88,5,0,No,No,No,No Membership,Yes
Male,49,94928.81,Mobile,3.94,6,1,No,No,No,Premium,No
Male,50,56032.32,Mobile,9.33,2,3,Yes,No,No,No Membership,Yes
Female,20,74314.38,Mobile,0.46,7,2,Yes,Yes,No,No Membership,Yes
Female,47,58935.01,Tablet,1.28,4,3,No,No,No,Basic,Yes
Female,29,40176.59,Mobile,4.81,7,2,No,Yes,Yes,Basic,Yes
Male,46,54345.22,Mobile,17.63,3,2,No,No,No,Basic,Yes
Female,20,20629.52,Mobile,0.47,7,3,Yes,Yes,No,Basic,Yes
Female,43,67390.96,Mobile,0.26,5,0,Yes,Yes,No,Basic,No
Female,47,58487.76,Mobile,1.02,4,3,Yes,Yes,No,No Membership,Yes
Male,26,51551.97,Mobile,6.15,7,2,No,Yes,No,Basic,No
Female,43,68548.59,Mobile,3.05,5,1,Yes,No,No,Basic,No
Female,19,55675.42,Mobile,10.48,6,0,No,No,No,Basic,No
Female,20,65922.94,Tablet,0.45,7,0,No,Yes,No,Basic,No
Male,63,72321.7,Mobile,1.31,6,1,No,No,No,Basic,Yes
Female,21,45113.89,Mobile,2.14,8,1,No,No,No,Basic,No
Female,42,39962.61,Tablet,5.91,4,2,No,Yes,No,Premium,No
Male,30,23993.92,Desktop,6.93,7,0,Yes,No,No,Premium,No
Female,56,57206.09,Tablet,0.8,5,1,Yes,Yes,Yes,Basic,Yes
Female,61,63137.75,Tablet,17.27,5,0,Yes,No,Yes,Premium,Yes
Male,52,31174.92,Mobile,2.5,5,3,Yes,No,No,Basic,Yes
Male,40,80566.84,Desktop,7.49,4,5,Yes,Yes,No,No Membership,Yes
Female,26,40197.96,Mobile,4.46,2,1,Yes,No,No,Basic,No
Male,19,17137.0,Mobile,1.51,5,0,Yes,No,Yes,No Membership,No
Female,58,81906.81,Desktop,11.23,7,2,No,No,No,Premium,Yes
Male,61,,Mobile,10.23,4,0,No,Yes,No,Basic,Yes
Female,48,72355.22,Desktop,3.03,6,5,No,No,No,Basic,Yes
Male,61,67980.15,Desktop,5.33,4,0,No,No,Yes,Basic,Yes
Female,64,60751.97,Mobile,1.79,3,3,No,No,Yes,Premium,Yes
Female,19,45590.05,Desktop,7.02,2,4,No,No,No,No Membership,Yes
Female,49,64050.35,Mobile,2.22,3,1,No,No,No,No Membership,Yes
Female,35,73872.73,Mobile,11.15,5,1,No,Yes,No,Premium,Yes
Male,30,37255.41,Desktop,1.47,11,3,No,No,No,No Membership,Yes
Female,63,72574.73,Mobile,0.09,4,2,Yes,Yes,Yes,No Membership,No
Male,22,71755.74,Desktop,1.88,6,2,Yes,No,Yes,No Membership,No
Male,59,60274.92,Mobile,1.27,8,0,Yes,Yes,No,Premium,Yes
Male,61,45316.45,Mobile,4.26,8,0,No,No,No,No Membership,No
Male,27,71838.23,Desktop,1.37,4,0,No,No,No,Premium,No
Female,60,64149.63,Desktop,8.64,12,2,No,Yes,No,Premium,Yes
Female,42,36712.73,Mobile,1.66,7,1,No,No,Yes,No Membership,No
Male,51,48387.6,Mobile,7.36,1,1,Yes,Yes,No,No Membership,No
Male,54,69742.99,Desktop,5.18,1,2,No,No,No,Premium,Yes
Female,47,57062.45,Mobile,25.72,7,2,No,Yes,No,Basic,Yes
Male,24,74547.69,Desktop,55.32,3,1,Yes,Yes,No,Basic,Yes
Male,23,48850.36,Mobile,12.22,4,3,No,No,No,Basic,Yes
Male,20,37001.88,Desktop,8.56,2,1,Yes,Yes,No,Premium,Yes
Female,30,94484.85,Tablet,2.93,3,4,Yes,Yes,Yes,Basic,Yes
Female,20,24743.89,Mobile,8.4,8,1,No,No,No,No Membership,No
Male,43,46002.89,Desktop,18.83,4,2,No,No,No,Premium,Yes
Male,41,60035.46,Desktop,0.14,10,0,Yes,Yes,Yes,Premium,No
Female,23,72749.51,Desktop,4.63,4,1,No,Yes,No,Basic,No
Female,60,66636.09,Mobile,1.48,3,1,No,No,No,No Membership,No
Male,59,96602.66,Desktop,4.9,3,0,Yes,No,Yes,No Membership,Yes
Female,29,52883.23,Desktop,3.77,3,0,No,No,Yes,No Membership,No
Male,53,39286.3,Desktop,5.14,5,1,No,No,Yes,No Membership,No
Male,19,51045.47,Desktop,4.8,5,3,No,Yes,No,Basic,Yes
Female,28,49240.42,Mobile,19.33,8,0,No,No,No,Basic,Yes
Male,56,53770.69,Tablet,4.82,7,1,Yes,No,No,Premium,Yes
Female,51,37315.21,Mobile,11.23,5,0,No,No,No,No Membership,No
Male,43,69113.01,Mobile,2.31,1,3,No,Yes,Yes,Basic,Yes
Male,35,61674.94,Mobile,3.46,4,2,No,Yes,Yes,No Membership,Yes
Female,38,32250.15,Mobile,3.81,6,1,Yes,Yes,No,Basic,Yes
Male,53,72424.45,Mobile,1.96,4,2,No,No,No,Premium,Yes
Female,57,40393.33,Mobile,2.87,4,3,No,No,No,No Membership,No
Male,63,33709.32,Mobile,5.48,3,1,No,Yes,No,Premium,Yes
Male,61,56571.92,Desktop,5.21,3,0,No,Yes,Yes,No Membership,No
Male,39,23358.82,Mobile,6.07,3,2,Yes,No,No,Premium,Yes
Female,47,65611.05,Mobile,2.6,7,2,Yes,Yes,No,No Membership,Yes
Male,60,12000.0,Mobile,2.28,8,2,Yes,No,No,Basic,Yes
Female,47,36471.47,Mobile,5.67,6,0,No,No,Yes,No Membership,No
Male,25,83352.47,Mobile,0.86,6,7,No,No,No,Premium,Yes
Female,51,42640.13,Desktop,1.75,2,2,No,Yes,Yes,Basic,No
Male,64,45791.47,Tablet,0.26,9,1,Yes,No,No,Basic,No
Female,26,77925.97,Desktop,0.45,7,1,No,No,No,Basic,Yes
Female,37,40728.46,Desktop,1.67,5,1,No,No,No,Premium,Yes
Female,57,68741.89,Mobile,0.12,6,4,Yes,No,No,Basic,Yes
Female,42,76135.39,Mobile,1.69,4,2,No,No,No,Basic,Yes
Female,36,63613.55,Mobile,6.38,6,1,No,Yes,Yes,Premium,Yes
Female,22,28991.85,Desktop,0.38,5,3,No,No,No,No Membership,Yes
Male,28,44128.25,Mobile,3.44,5,2,Yes,No,No,Premium,No
Male,32,103845.16,Desktop,14.66,4,5,Yes,No,No,Premium,Yes
Female,25,46170.57,Mobile,9.4,2,0,No,Yes,Yes,Basic,Yes
Female,36,108753.93,Mobile,2.19,5,2,No,No,No,Basic,Yes
Female,40,85761.35,Tablet,15.53,6,2,No,Yes,No,Basic,Yes
Male,44,64343.25,Desktop,2.4,4,1,No,Yes,No,No Membership,No
Male,57,60350.22,Desktop,0.45,6,2,No,No,Yes,No Membership,Yes
Male,49,46633.18,Desktop,30.75,3,1,No,Yes,No,No Membership,No
Female,43,53399.57,Desktop,12.24,8,0,No,No,Yes,Basic,Yes
Male,44,42602.97,Desktop,3.76,3,2,Yes,No,No,Premium,No
Male,36,53854.72,Tablet,6.59,5,3,Yes,Yes,Yes,Premium,Yes
Male,59,30480.49,Mobile,6.67,1,1,Yes,Yes,No,No Membership,No
Male,46,29516.12,Desktop,1.3,9,0,Yes,No,No,No Membership,No
Female,56,78418.28,Desktop,1.34,3,1,No,No,Yes,No Membership,No
Male,58,25978.42,Mobile,3.8,2,2,Yes,No,Yes,Premium,Yes
Female,50,70950.49,Desktop,14.55,10,4,Yes,No,No,No Membership,Yes
Male,36,20901.12,Tablet,0.06,4,1,No,No,No,No Membership,No
Male,54,66333.48,Mobile,9.15,6,2,No,Yes,No,Premium,Yes
Male,36,51263.48,Mobile,0.36,11,1,No,No,Yes,No Membership,Yes
Male,50,78783.69,Mobile,3.9,6,2,No,No,No,Basic,No
Male,64,49024.1,Desktop,6.09,3,1,Yes,No,No,No Membership,No
Male,33,18828.28,Desktop,6.96,4,1,Yes,No,No,No Membership,Yes
Female,40,51615.35,Mobile,0.36,7,2,Yes,No,No,Premium,Yes
Male,24,57873.89,Mobile,3.25,4,1,No,No,No,No Membership,No
Female,43,52624.4,Mobile,5.26,7,0,No,No,Yes,No Membership,No
Female,49,65351.94,Desktop,0.41,5,1,Yes,No,No,Premium,No
Female,29,44841.01,Mobile,0.87,7,0,No,Yes,Yes,No Membership,Yes
Male,25,32258.74,Mobile,6.54,7,1,No,Yes,No,Basic,Yes
Male,22,37006.32,Desktop,4.42,1,2,Yes,No,No,Premium,No
Male,59,45716.19,Mobile,1.06,4,2,No,Yes,Yes,Basic,No
Male,45,45561.72,Mobile,4.6,10,1,Yes,Yes,No,Basic,Yes
Female,22,98310.2,Mobile,14.63,6,0,Yes,Yes,No,No Membership,Yes
Male,43,77591.9,Mobile,0.09,10,0,No,Yes,No,Premium,No
Male,22,67360.77,Mobile,6.17,6,3,Yes,Yes,Yes,No Membership,Yes
Female,39,63028.23,Tablet,0.46,4,2,No,Yes,No,Premium,No
Female,32,60395.9,Desktop,0.04,6,2,Yes,No,Yes,Premium,No
Female,30,60490.01,Desktop,0.98,2,2,No,No,No,Basic,Yes
Male,45,57939.15,Tablet,3.3,5,1,Yes,No,Yes,No Membership,No
Male,50,55722.14,Mobile,9.73,5,2,Yes,No,No,No Membership,Yes
Female,60,17346.45,Mobile,1.99,3,2,Yes,No,Yes,Premium,No
Male,40,48355.71,Mobile,5.9,6,2,No,No,No,No Membership,No
Male,50,50674.59,Desktop,3.18,1,2,No,Yes,Yes,Premium,Yes
Male,60,41518.48,Desktop,1.6,3,3,Yes,No,No,No Membership,No
Male,35,44990.26,Mobile,4.33,4,1,Yes,Yes,Yes,No Membership,Yes
Male,47,60413.48,Mobile,9.58,5,3,No,No,Yes,Premium,No
Male,43,68816.62,Mobile,10.72,3,1,No,Yes,No,No Membership,Yes
Female,33,60386.26,Mobile,11.25,1,1,No,Yes,No,Premium,Yes
Female,30,68364.0,Desktop,2.48,4,1,No,No,No,No Membership,No
Female,56,68681.94,Mobile,9.46,4,3,No,Yes,No,No Membership,Yes
Male,50,49605.3,Tablet,1.43,8,0,Yes,Yes,No,Premium,No
Male,43,64455.53,Mobile,8.05,6,2,Yes,No,Yes,Basic,Yes
Male,18,23565.3,Desktop,17.78,1,1,No,Yes,No,No Membership,No
Female,55,48082.15,Tablet,0.08,6,2,No,Yes,Yes,Basic,Yes
Female,19,45966.67,Tablet,3.48,4,1,No,Yes,No,No Membership,No
Male,23,82563.88,Mobile,6.26,3,3,No,No,Yes,Premium,Yes
Female,63,61067.57,Mobile,7.26,2,0,No,Yes,No,No Membership,No
Male,55,30979.83,Mobile,1.16,5,1,No,No,No,Basic,No
Female,59,65702.51,Mobile,21.49,5,2,Yes,Yes,No,Premium,Yes
Female,41,71376.1,Desktop,5.73,6,0,Yes,Yes,No,Basic,Yes
Female,35,53386.05,Tablet,1.08,2,2,No,Yes,No,No Membership,Yes
Female,44,67424.61,Mobile,0.12,3,1,Yes,No,No,Basic,Yes
Female,58,12000.0,Mobile,9.17,0,3,Yes,No,No,Premium,No
Male,25,12000.0,Mobile,0.5,6,4,No,Yes,No,Basic,Yes
Female,45,33783.95,Desktop,0.91,7,2,No,Yes,No,No Membership,No
Male,27,57682.71,Tablet,5.13,3,0,Yes,Yes,No,Premium,Yes
Female,34,82578.95,Mobile,5.55,7,2,No,No,No,Basic,Yes
Female,46,34724.3,Mobile,6.97,7,4,Yes,Yes,Yes,Premium,Yes
Female,23,39633.81,Desktop,3.0,5,2,No,No,No,Basic,No
Male,31,56594.92,Desktop,8.92,5,1,No,Yes,No,Basic,Yes
Female,39,46138.26,Mobile,21.98,4,1,No,No,No,Premium,Yes
Female,23,45114.57,Desktop,1.9,5,1,No,No,Yes,Premium,Yes
Female,43,47413.45,Tablet,7.28,2,2,No,No,Yes,Basic,Yes
Male,56,78666.19,Desktop,15.83,4,0,No,No,No,Basic,No
Male,29,75090.42,Desktop,6.96,6,0,Yes,No,No,Premium,No
Male,52,55422.45,Mobile,6.86,5,1,Yes,No,No,No Membership,No
Male,31,84780.64,Desktop,1.52,4,1,No,No,Yes,No Membership,Yes
Female,39,64162.51,Mobile,4.6,6,6,No,No,No,Basic,Yes
Male,40,75770.09,Mobile,4.96,4,2,No,No,No,No Membership,Yes
Female,24,39510.16,Mobile,7.23,4,0,Yes,Yes,No,Basic,Yes
Male,57,43233.81,Mobile,34.51,6,2,No,Yes,Yes,Premium,Yes
Male,42,43041.12,Mobile,0.21,4,1,No,Yes,Yes,No Membership,Yes
Female,30,53439.0,Mobile,0.4,7,2,No,Yes,Yes,Premium,Yes
Female,38,56078.44,Desktop,0.49,7,2,No,No,No,Premium,Yes
Male,58,60835.19,Desktop,8.15,6,3,No,Yes,No,No Membership,Yes
Female,27,90515.89,Mobile,0.88,4,1,Yes,Yes,No,Basic,Yes
Female,26,67983.01,Mobile,5.84,5,0,Yes,Yes,No,Basic,Yes
Male,32,45733.75,Desktop,2.36,5,2,No,No,No,No Membership,No
Female,19,54941.06,Mobile,3.67,5,2,Yes,No,No,No Membership,Yes
Female,42,82088.96,Tablet,1.46,6,5,No,No,No,Premium,Yes
Female,30,69073.84,Mobile,12.06,6,2,No,No,No,Premium,Yes
Male,51,81852.08,Desktop,5.29,8,3,No,Yes,Yes,Basic,Yes
Female,51,46311.7,Mobile,17.36,4,2,No,No,No,No Membership,Yes
Male,52,42190.09,Desktop,5.13,9,1,No,Yes,No,Premium,Yes
Male,55,42453.2,Desktop,0.79,11,1,Yes,Yes,No,Premium,Yes
Male,20,47764.24,Tablet,1.12,5,1,Yes,No,Yes,Basic,No
Male,59,35860.91,Tablet,27.1,5,3,No,Yes,Yes,No Membership,Yes
Female,23,60313.48,Mobile,7.76,5,1,Yes,No,No,No Membership,Yes
Female,36,60622.97,Desktop,0.3,2,0,No,Yes,No,Basic,No
Female,20,79098.0,Mobile,7.3,4,1,No,Yes,Yes,No Membership,Yes
Male,35,23315.27,Desktop,3.19,6,3,No,Yes,No,Basic,Yes
Male,56,38005.7,Mobile,2.2,3,1,Yes,No,No,No Membership,Yes
Male,26,69500.45,Desktop,1.0,6,4,No,Yes,No,No Membership,Yes
Female,29,58302.52,Tablet,10.99,6,0,No,No,No,No Membership,No
Male,22,55806.44,Mobile,0.4,2,2,Yes,No,No,No Membership,No
Female,20,77749.37,Mobile,2.05,2,2,No,No,No,Premium,No
Female,28,36820.82,Mobile,2.2,7,2,Yes,Yes,No,Basic,Yes
Male,47,41882.87,Desktop,1.05,7,3,Yes,No,No,No Membership,Yes
Female,21,39762.79,Mobile,4.26,5,5,Yes,No,No,Basic,No
Male,22,18767.66,Tablet,0.07,4,2,Yes,Yes,No,Basic,Yes
Female,18,57390.72,Desktop,2.15,3,1,No,No,No,Basic,Yes
Female,44,45588.65,Desktop,16.28,5,2,No,Yes,No,No Membership,No
Male,45,41807.79,Desktop,2.23,2,1,Yes,Yes,No,No Membership,Yes
Male,46,38558.35,Mobile,2.68,5,2,Yes,Yes,No,Basic,Yes
Female,35,54680.56,Tablet,3.85,6,3,No,Yes,Yes,Basic,Yes
Female,29,40626.29,Desktop,4.95,7,0,No,No,No,Premium,No
Male,30,58988.22,Tablet,9.92,6,2,Yes,No,Yes,Basic,No
Female,58,63265.24,Mobile,1.27,4,1,Yes,Yes,No,No Membership,No
Female,19,49697.6,Desktop,12.32,3,2,No,No,Yes,Basic,Yes
Female,54,48475.58,Mobile,8.5,4,0,Yes,No,Yes,Basic,No
Male,62,58338.84,Desktop,7.69,4,1,Yes,Yes,No,Basic,Yes
Female,33,54480.71,Desktop,0.54,12,1,Yes,Yes,Yes,Basic,Yes
Female,41,78942.87,Desktop,0.13,6,1,No,Yes,Yes,Basic,Yes
Male,52,60728.78,Desktop,5.41,4,0,No,No,No,No Membership,No
Male,39,74720.55,Mobile,11.93,4,3,No,No,No,No Membership,Yes
Female,53,65989.2,Tablet,5.27,13,1,Yes,Yes,No,Basic,Yes
Male,28,31268.47,Tablet,1.44,6,2,No,No,No,Premium,No
Female,63,44951.23,Mobile,0.57,4,0,Yes,No,No,Basic,Yes
Male,46,54134.25,Tablet,7.22,5,2,No,No,No,No Membership,No
Male,52,70632.0,Mobile,7.68,3,0,No,No,Yes,No Membership,Yes
Female,32,89700.63,Desktop,1.14,4,2,No,Yes,No,Premium,Yes
Male,48,46285.35,Mobile,0.17,6,2,No,Yes,No,Premium,Yes
Female,59,55994.61,Tablet,3.15,5,0,No,No,No,Premium,No
Male,58,69398.4,Mobile,5.24,6,1,No,No,No,Premium,No
Female,60,53959.1,Mobile,7.35,5,0,Yes,No,Yes,Basic,Yes
Male,33,84593.74,Mobile,9.96,7,0,No,Yes,No,Premium,Yes
Male,27,,Mobile,5.66,5,0,Yes,No,No,No Membership,Yes
Female,49,67204.36,Desktop,0.71,7,2,No,No,No,No Membership,No
Male,19,67027.84,Mobile,6.89,5,3,Yes,No,No,No Membership,Yes
Female,41,75736.7,Desktop,24.88,4,2,Yes,No,Yes,Basic,Yes
Male,40,56116.92,Tablet,14.16,7,1,No,No,No,No Membership,Yes
Female,19,71047.38,Desktop,12.32,4,1,No,Yes,No,No Membership,Yes
Male,55,50515.49,Desktop,2.16,4,1,No,Yes,Yes,Basic,Yes
Female,48,40574.96,Mobile,8.34,5,2,No,No,Yes,No Membership,No
Male,57,37950.35,Mobile,11.43,1,0,Yes,Yes,No,Basic,Yes
Male,43,29054.76,Mobile,6.81,7,1,No,No,No,No Membership,Yes
Male,46,47055.54,Mobile,1.73,1,1,Yes,Yes,Yes,Basic,Yes
Male,20,60606.79,Tablet,18.45,5,1,Yes,No,No,Premium,Yes
Female,31,51253.62,Mobile,3.6,5,2,Yes,No,No,Basic,Yes
Male,42,58563.39,Tablet,0.83,4,0,No,No,No,Basic,Yes
Female,18,77227.82,Mobile,0.7,4,2,Yes,No,Yes,No Membership,No
Male,20,45685.24,Desktop,6.26,5,5,Yes,Yes,No,Basic,Yes
Male,43,97125.34,Mobile,3.45,7,1,No,Yes,Yes,No Membership,Yes
Female,35,68594.37,Mobile,0.6,1,1,No,No,Yes,No Membership,Yes
Female,26,51455.34,Desktop,8.09,8,3,No,No,Yes,No Membership,Yes
Male,55,51047.16,Mobile,9.64,3,1,No,Yes,No,No Membership,No
Male,40,36853.66,Desktop,7.75,4,0,No,No,Yes,No Membership,No
Male,38,54537.09,Desktop,1.36,4,2,No,Yes,No,Basic,Yes
Female,18,16091.27,Mobile,7.02,6,3,Yes,No,No,No Membership,Yes
Female,38,77603.79,Tablet,0.06,6,0,No,Yes,No,Basic,Yes
Male,44,12000.0,Mobile,2.18,3,1,No,Yes,No,Basic,Yes
Female,59,55751.52,Desktop,3.05,3,1,Yes,Yes,No,Basic,No
Female,23,34408.2,Mobile,10.82,2,1,Yes,No,Yes,No Membership,No
Female,61,42378.78,Desktop,2.97,3,3,No,No,Yes,Basic,No
Female,53,44701.27,Mobile,0.07,5,3,No,No,No,Basic,Yes
Male,45,89661.27,Mobile,2.61,6,2,No,Yes,No,No Membership,Yes
Male,62,35141.49,Mobile,4.15,6,0,Yes,Yes,Yes,Premium,No
Male,34,71456.67,Mobile,17.86,6,3,No,Yes,Yes,Basic,Yes
Male,57,75887.23,Mobile,16.98,5,2,No,No,No,Premium,Yes
Female,20,12908.29,Desktop,1.2,5,2,No,No,Yes,Basic,No
Female,29,43923.65,Desktop,1.23,6,1,Yes,No,No,Premium,Yes
Male,56,81720.26,Mobile,1.07,6,2,No,Yes,Yes,Premium,Yes
Male,29,31334.08,Mobile,9.33,5,0,No,No,No,No Membership,No
Male,19,76568.97,Mobile,0.04,6,2,Yes,Yes,Yes,No Membership,Yes
Female,63,54678.4,Mobile,0.82,6,2,Yes,No,No,Basic,No
Male,39,53900.25,Mobile,4.63,6,0,Yes,No,No,Basic,No
Female,40,56250.85,Mobile,1.71,4,0,No,Yes,No,No Membership,No
Male,47,61166.29,Tablet,0.58,7,2,No,No,No,Premium,No
Male,22,37798.51,Desktop,2.68,6,1,Yes,Yes,Yes,No Membership,Yes
Female,26,50312.45,Mobile,1.92,3,2,No,No,Yes,Premium,Yes
Female,38,61670.77,Mobile,4.29,7,2,No,Yes,No,No Membership,No
Male,28,58183.95,Desktop,23.25,4,4,Yes,No,No,Basic,Yes
Female,22,61286.06,Mobile,0.8,9,3,No,No,Yes,No Membership,Yes
Female,52,42063.63,Desktop,2.8,5,0,No,Yes,Yes,No Membership,No
Female,44,66381.39,Tablet,16.13,5,0,No,No,Yes,Basic,Yes
Male,19,57276.56,Desktop,12.57,9,4,No,No,Yes,Premium,Yes
Female,41,26547.4,Mobile,3.01,5,2,No,No,No,Premium,No
Male,48,45435.31,Desktop,7.2,3,5,Yes,No,No,No Membership,Yes
Female,50,38880.92,Tablet,0.55,5,0,No,No,No,No Membership,No
Male,56,38649.19,Desktop,7.48,3,1,No,No,No,Premium,Yes
Male,47,46423.36,Desktop,21.64,5,2,No,Yes,No,No Membership,Yes
Male,63,66042.49,Mobile,4.63,5,2,Yes,Yes,Yes,No Membership,Yes
Female,54,43717.74,Mobile,4.14,3,3,Yes,No,No,Basic,Yes
Male,45,59051.04,Desktop,1.24,7,2,Yes,No,No,No Membership,Yes
Female,48,56100.93,Tablet,6.03,3,1,Yes,No,Yes,Basic,Yes
Female,28,40977.06,Desktop,5.36,6,0,No,No,Yes,Premium,Yes
Male,40,48793.33,Desktop,6.33,8,2,No,No,No,No Membership,Yes
Female,19,70567.29,Mobile,0.16,3,3,Yes,Yes,Yes,Premium,Yes
Male,57,57696.51,Mobile,4.77,4,3,No,No,No,Basic,Yes
Female,58,64878.9,Mobile,5.42,6,0,Yes,Yes,No,No Membership,Yes
Male,44,77904.94,Mobile,1.4,5,1,Yes,Yes,No,Premium,Yes
Female,52,62828.87,Desktop,1.4,7,1,Yes,No,No,Basic,Yes
Female,19,20427.6,Mobile,1.94,10,1,No,Yes,No,Basic,Yes
Female,56,59870.76,Desktop,7.46,6,2,Yes,No,Yes,Basic,Yes
Female,54,43873.99,Desktop,5.59,8,2,Yes,No,No,Basic,Yes
Male,38,87585.45,Mobile,11.22,3,1,No,Yes,No,No Membership,Yes
Female,22,62186.85,Mobile,2.1,5,2,Yes,Yes,No,Premium,Yes
Female,62,44246.11,Desktop,14.59,2,1,No,Yes,No,No Membership,Yes
Female,38,65197.21,Tablet,8.17,6,2,No,Yes,No,Premium,Yes
Male,46,56634.24,Desktop,3.02,6,2,Yes,Yes,No,Basic,Yes
Female,37,24076.77,Mobile,0.6,1,1,No,Yes,Yes,Basic,No
Female,55,70535.09,Mobile,1.78,5,5,Yes,No,No,Basic,Yes
Female,37,47700.28,Mobile,18.85,2,3,No,No,No,No Membership,Yes
Male,42,80571.13,Mobile,2.23,4,1,Yes,Yes,No,Basic,No
Female,19,52760.25,Desktop,2.4,3,0,No,No,No,Premium,Yes
Male,49,80907.28,Desktop,1.26,7,1,No,No,No,No Membership,No
Female,43,62648.17,Mobile,9.87,4,3,Yes,Yes,Yes,No Membership,Yes
Male,23,72534.22,Mobile,1.93,6,0,Yes,No,No,Basic,No
Female,58,46147.25,Mobile,2.41,9,5,No,No,No,Basic,Yes
Female,20,61354.11,Tablet,3.21,4,0,No,No,No,Basic,No
Male,50,23927.77,Mobile,3.41,4,1,Yes,No,No,Basic,Yes
Female,18,52713.34,Desktop,3.18,4,2,No,Yes,No,Premium,No
Male,22,28278.43,Mobile,4.2,4,0,Yes,No,No,No Membership,No
Female,30,34426.41,Desktop,10.11,5,2,Yes,Yes,No,No Membership,Yes
Female,36,38965.52,Mobile,10.27,9,4,No,No,No,Basic,Yes
Female,29,66887.58,Mobile,9.61,3,2,No,No,Yes,No Membership,Yes
Female,42,52347.52,Desktop,0.64,6,4,No,Yes,Yes,Basic,Yes
Female,52,55565.69,Desktop,9.65,4,0,No,No,Yes,No Membership,Yes
Male,29,51857.42,Mobile,0.77,6,3,No,No,No,No Membership,Yes
Male,47,74452.97,Mobile,0.8,3,1,Yes,No,No,Premium,No
Female,22,55072.76,Mobile,17.72,8,0,No,No,No,Basic,Yes
Female,51,59479.07,Mobile,10.27,5,0,No,Yes,No,No Membership,No
Female,39,44735.44,Desktop,4.82,7,1,No,No,Yes,No Membership,Yes
Female,56,75689.37,Tablet,12.48,4,3,No,No,Yes,Basic,Yes
Male,30,77039.01,Mobile,27.26,4,4,No,No,No,Premium,Yes
Female,64,54336.0,Mobile,5.66,2,1,No,Yes,No,Basic,No
Male,20,44482.69,Mobile,5.69,7,2,Yes,No,Yes,Basic,Yes
Female,37,25912.43,Mobile,8.42,5,3,Yes,Yes,No,Basic,Yes
Male,48,39365.26,Mobile,1.58,6,0,No,Yes,Yes,No Membership,No
Male,22,15992.38,Desktop,1.1,8,0,Yes,No,Yes,Basic,No
Male,41,38608.43,Mobile,8.55,7,0,Yes,Yes,No,Basic,Yes
Male,57,,Desktop,2.54,4,1,No,Yes,No,Basic,Yes
Female,50,54092.8,Desktop,0.87,4,2,No,Yes,No,Basic,No
Male,25,96818.81,Tablet,2.27,3,0,Yes,Yes,Yes,No Membership,Yes
Male,41,48320.98,Tablet,2.66,6,2,No,Yes,No,No Membership,Yes
Male,37,46915.63,Desktop,20.15,9,2,No,No,No,Premium,Yes
Male,33,74129.85,Tablet,7.18,4,1,No,No,No,Basic,Yes
Male,29,20315.15,Mobile,4.54,8,2,No,No,No,No Membership,No
Male,30,28328.19,Mobile,20.82,4,1,No,Yes,No,No Membership,Yes
Female,62,66949.14,Mobile,14.01,5,1,Yes,Yes,Yes,Premium,Yes
Female,59,51482.36,Desktop,4.3,1,1,No,No,No,Basic,Yes
Female,56,51895.07,Tablet,14.17,3,0,Yes,Yes,No,No Membership,Yes
Male,42,38131.28,Mobile,3.11,5,2,No,Yes,No,Basic,Yes
Male,63,59315.86,Desktop,1.57,1,1,Yes,No,Yes,Basic,Yes
Female,49,40455.58,Desktop,1.59,6,0,No,No,No,Premium,No
Female,41,56309.38,Tablet,6.51,5,1,No,Yes,Yes,Basic,Yes
Male,64,34147.3,Desktop,4.17,6,1,Yes,Yes,Yes,No Membership,Yes
Male,61,51716.85,Tablet,6.45,5,1,No,Yes,No,No Membership,Yes
Male,26,91447.64,Mobile,6.95,4,1,No,Yes,No,Basic,Yes
Male,57,47351.16,Mobile,0.14,4,0,No,Yes,No,No Membership,Yes
Male,40,52628.35,Mobile,0.33,3,0,No,Yes,Yes,Premium,Yes
Female,30,51354.59,Mobile,4.56,5,1,No,Yes,No,Premium,Yes
Female,49,58141.57,Mobile,1.27,5,1,No,Yes,No,Premium,No
Female,32,63426.74,Desktop,6.01,3,2,No,No,No,No Membership,Yes
Female,53,59630.28,Desktop,4.82,5,1,No,No,No,Basic,No
Female,22,60027.69,Desktop,5.29,6,0,Yes,Yes,No,No Membership,Yes
Female,39,51745.0,Mobile,2.16,8,2,Yes,Yes,Yes,Basic,Yes
Female,33,56805.22,Mobile,6.13,7,0,Yes,No,No,No Membership,No
Male,58,51148.8,Mobile,10.61,4,1,No,No,No,No Membership,Yes
Male,27,22377.54,Mobile,37.51,4,1,Yes,No,Yes,No Membership,Yes
Male,41,102351.07,Desktop,10.94,1,0,Yes,Yes,No,Premium,Yes
Female,35,68107.11,Mobile,4.89,4,1,Yes,No,No,No Membership,Yes
Female,35,37372.25,Mobile,1.29,4,4,Yes,Yes,No,Basic,Yes
Male,24,59141.09,Desktop,6.86,7,1,No,Yes,Yes,No Membership,No
Female,21,30769.47,Mobile,16.65,4,0,No,No,No,No Membership,Yes
Male,43,46104.37,Tablet,1.43,6,0,No,No,Yes,Premium,No
Female,22,28324.21,Mobile,1.77,4,1,Yes,Yes,Yes,Basic,Yes
Male,33,54078.67,Tablet,0.97,5,0,No,No,No,Premium,No
Male,52,26535.61,Mobile,8.01,3,1,No,No,No,Basic,No
Male,43,61991.61,Desktop,3.13,3,1,Yes,No,No,No Membership,No
Male,35,67279.98,Mobile,0.39,4,2,No,Yes,Yes,No Membership,Yes
Male,46,40114.35,Desktop,12.47,8,1,No,Yes,Yes,No Membership,No
Male,40,57896.1,Mobile,4.89,6,0,No,No,No,Premium,No
Female,31,39160.64,Mobile,2.41,5,1,Yes,No,No,No Membership,Yes
Female,32,64211.16,Desktop,2.53,7,2,No,Yes,No,Premium,Yes
Male,50,42604.88,Mobile,2.06,8,0,Yes,Yes,No,Basic,Yes
Female,42,69201.46,Mobile,3.65,4,2,No,No,No,No Membership,No
Female,38,22391.35,Mobile,2.47,7,3,No,No,No,Premium,Yes
Male,34,36910.43,Desktop,4.76,4,1,Yes,No,No,No Membership,Yes
Male,40,35041.31,Mobile,8.91,6,3,Yes,Yes,No,No Membership,Yes
Male,60,58660.37,Mobile,6.73,4,3,Yes,Yes,No,No Membership,Yes
Male,34,64991.61,Mobile,2.09,6,2,No,No,Yes,Basic,Yes
Female,31,60051.47,Desktop,4.51,3,1,No,No,No,Basic,No
Male,46,45838.42,Desktop,11.0,2,0,No,Yes,No,No Membership,Yes
Female,37,12000.0,Mobile,0.42,4,3,No,No,No,Basic,Yes
Female,47,55696.64,Mobile,0.49,7,2,No,Yes,No,No Membership,Yes
Male,36,69184.88,Mobile,4.87,6,3,No,Yes,Yes,No Membership,Yes
Female,56,103249.16,Mobile,6.12,10,1,Yes,Yes,No,No Membership,Yes
Male,30,47360.89,Mobile,1.43,5,0,No,Yes,No,Premium,No
Female,35,43024.32,Mobile,8.2,5,3,No,No,No,No Membership,Yes
Male,40,60764.59,Mobile,6.24,6,2,No,Yes,No,No Membership,Yes
Female,63,50389.15,Tablet,15.41,6,1,No,Yes,No,No Membership,No
Female,50,77956.72,Mobile,1.11,2,2,No,No,Yes,No Membership,Yes
Male,56,40452.6,Desktop,8.35,3,2,No,No,No,No Membership,Yes
Female,57,50520.74,Mobile,0.52,5,2,No,Yes,No,Basic,Yes
Female,35,70771.84,Mobile,5.0,4,0,Yes,No,No,No Membership,Yes
Female,26,60550.56,Desktop,4.82,10,3,No,No,No,Basic,Yes
Female,50,75901.74,Mobile,2.95,4,1,Yes,No,Yes,Premium,Yes
Female,49,47141.81,Mobile,11.17,6,4,Yes,Yes,No,No Membership,Yes
Male,34,77739.12,Desktop,0.03,5,1,No,Yes,Yes,No Membership,Yes
Male,36,25050.87,Mobile,4.41,9,1,No,Yes,No,Basic,No
Female,44,25771.5,Mobile,1.47,5,4,No,Yes,No,Premium,No
Male,23,78022.72,Mobile,8.16,10,1,No,Yes,No,No Membership,Yes
Female,52,55132.29,Mobile,0.26,8,0,Yes,Yes,No,Premium,No
Female,54,71574.69,Desktop,10.69,6,3,No,No,No,No Membership,Yes
Male,51,56790.48,Mobile,10.92,6,3,No,Yes,No,No Membership,Yes
Male,37,54873.26,Mobile,10.73,4,0,Yes,No,Yes,No Membership,No
Female,42,31095.62,Mobile,0.99,5,1,No,Yes,No,Basic,No
Male,21,54516.89,Mobile,5.97,2,2,Yes,No,No,Premium,No
Female,27,79508.93,Tablet,0.09,3,2,No,Yes,Yes,Basic,Yes
Male,27,56020.07,Mobile,11.3,7,2,No,No,No,Premium,Yes
Female,41,67277.41,Tablet,7.7,4,0,No,Yes,Yes,Basic,Yes
Male,38,66778.73,Desktop,4.54,6,1,No,No,Yes,Basic,Yes
Female,28,36771.26,Desktop,7.87,4,3,Yes,Yes,No,No Membership,Yes
Male,44,70428.35,Mobile,0.59,4,0,No,Yes,No,No Membership,Yes
Female,33,49352.88,Mobile,4.51,4,1,Yes,Yes,Yes,Basic,Yes
Male,43,50326.26,Desktop,2.07,7,3,No,No,Yes,Premium,Yes
Female,47,92758.51,Desktop,21.59,5,1,No,Yes,Yes,No Membership,Yes
Female,33,65751.46,Mobile,11.67,5,0,No,No,Yes,No Membership,Yes
Male,24,43506.96,Mobile,7.93,7,1,Yes,Yes,Yes,Premium,Yes
Male,33,56161.69,Mobile,16.29,2,1,No,Yes,Yes,No Membership,No
Male,52,55659.16,Tablet,2.56,6,4,No,No,Yes,Basic,Yes
Female,33,85349.68,Mobile,13.87,6,2,No,No,No,Premium,Yes
Female,57,55710.29,Desktop,2.36,5,3,No,No,No,No Membership,No
Female,29,94743.98,Desktop,7.92,5,3,No,Yes,No,Premium,Yes
Male,52,31658.81,Desktop,8.0,4,2,No,Yes,Yes,No Membership,No
Male,38,54417.65,Desktop,0.11,4,1,No,No,Yes,Premium,No
Female,60,41268.6,Mobile,2.69,6,1,Yes,No,Yes,Basic,Yes
Male,53,46093.09,Tablet,0.12,5,2,No,Yes,Yes,Basic,Yes
Female,34,46483.81,Desktop,35.04,2,4,Yes,No,No,Premium,Yes
Male,49,42196.48,Desktop,0.78,2,1,No,No,No,Premium,No
Female,58,86143.09,Mobile,4.7,3,2,No,No,No,Basic,Yes
Male,23,80606.09,Desktop,9.38,4,3,Yes,No,No,Premium,Yes
Male,41,62247.6,Mobile,1.35,5,0,No,No,No,Basic,No
Female,44,46461.67,Mobile,3.98,6,0,Yes,No,Yes,Basic,No
Female,37,42701.81,Desktop,5.61,9,2,No,Yes,No,No Membership,Yes
Female,42,68352.56,Mobile,1.05,3,1,Yes,Yes,No,No Membership,Yes
Male,19,60402.72,Desktop,9.05,5,0,No,No,No,Basic,Yes
Male,26,52393.13,Mobile,2.13,3,1,Yes,No,No,Basic,No
Female,45,64741.47,Desktop,1.42,4,2,Yes,No,No,Premium,Yes
Female,55,71039.27,Mobile,4.9,3,2,Yes,Yes,No,Basic,Yes
Male,20,52227.28,Desktop,3.17,9,2,No,No,No,Basic,No
Male,37,40828.13,Mobile,15.18,6,3,No,No,No,No Membership,Yes
Male,23,31219.92,Desktop,12.72,1,0,Yes,No,Yes,No Membership,No
Female,56,59511.37,Desktop,3.96,5,3,Yes,Yes,Yes,No Membership,Yes
Male,50,94010.43,Mobile,2.67,6,1,Yes,Yes,No,Basic,Yes
Male,18,35008.06,Mobile,2.36,6,2,No,Yes,No,Basic,No
Male,54,74790.44,Desktop,1.87,4,1,Yes,No,No,Premium,Yes
Male,23,42839.99,Desktop,4.72,4,1,No,No,No,No Membership,No
Male,62,46467.43,Desktop,9.81,3,2,Yes,No,No,No Membership,Yes
Female,51,71468.62,Desktop,2.23,2,3,No,No,Yes,Basic,Yes
Male,64,50405.35,Mobile,1.27,3,1,Yes,Yes,No,Premium,Yes
Female,32,59468.68,Mobile,3.87,4,1,No,No,No,Basic,Yes
Male,62,59123.71,Mobile,0.43,5,0,No,No,No,No Membership,No
Female,43,42868.94,Mobile,7.25,5,0,No,No,Yes,Premium,Yes
Female,31,71111.76,Desktop,4.38,2,2,No,No,No,Premium,Yes
Female,24,53891.52,Mobile,4.12,2,1,No,No,No,No Membership,No
Female,63,30006.82,Tablet,2.14,4,1,Yes,Yes,Yes,No Membership,Yes
Male,48,38935.29,Desktop,14.1,5,2,Yes,No,No,Premium,Yes
Male,41,12000.0,Desktop,0.57,6,3,No,No,No,No Membership,No
Female,48,55935.86,Tablet,12.23,6,5,No,No,No,Basic,Yes
Female,46,78473.2,Mobile,2.84,6,3,No,No,No,Basic,Yes
Female,59,36151.3,Desktop,12.75,4,0,No,Yes,Yes,Premium,Yes
Female,49,65539.69,Mobile,7.83,9,1,No,Yes,Yes,No Membership,Yes
Female,34,62750.21,Mobile,0.66,2,2,No,No,Yes,Premium,Yes
Male,31,41466.2,Desktop,10.69,5,1,Yes,Yes,No,Premium,Yes
Male,57,82657.61,Mobile,6.88,8,3,No,No,No,No Membership,Yes
Female,53,50092.11,Tablet,0.2,6,2,Yes,Yes,Yes,No Membership,Yes
Female,41,91184.83,Desktop,0.86,3,1,No,Yes,No,No Membership,Yes
Male,62,25557.78,Desktop,6.06,5,3,No,Yes,No,Premium,Yes
Female,44,50155.56,Mobile,6.52,5,1,No,Yes,Yes,No Membership,No
Male,42,52295.46,Desktop,8.24,6,3,Yes,No,Yes,Basic,Yes
Female,49,54268.97,Mobile,7.64,9,0,Yes,No,No,Premium,Yes
Male,35,67893.96,Desktop,6.46,8,2,No,Yes,No,No Membership,Yes
Male,63,116166.29,Mobile,8.72,1,1,No,No,Yes,No Membership,Yes
Female,35,63191.19,Desktop,5.14,7,3,Yes,Yes,No,No Membership,No
Male,54,55436.32,Mobile,1.81,4,2,No,Yes,Yes,Basic,Yes
Female,43,35268.41,Mobile,14.61,3,1,Yes,No,No,Premium,Yes
Female,26,20978.08,Mobile,0.11,5,4,No,No,No,No Membership,Yes
Female,52,76064.69,Mobile,2.74,5,3,No,No,No,Basic,No
Male,25,45157.89,Desktop,7.83,4,3,No,Yes,Yes,Basic,Yes
Male,37,101874.85,Mobile,3.34,6,2,Yes,Yes,Yes,Premium,Yes
Male,59,70627.81,Mobile,0.15,9,1,No,No,Yes,Premium,Yes
Female,39,61148.07,Desktop,0.41,8,1,Yes,Yes,Yes,No Membership,Yes
Female,36,62094.32,Mobile,6.28,3,0,Yes,No,No,Basic,No
Female,47,62271.58,Mobile,20.09,3,1,Yes,No,Yes,Premium,Yes
Female,45,42497.79,Desktop,4.82,5,4,Yes,No,No,Premium,Yes
Female,52,23472.95,Mobile,4.24,8,1,Yes,Yes,No,No Membership,Yes
Female,60,45087.67,Mobile,2.3,6,2,No,No,No,Basic,Yes
Male,28,54669.59,Mobile,1.78,6,0,No,No,No,Premium,Yes
Female,48,43339.29,Mobile,0.13,7,5,No,No,No,No Membership,Yes
Male,56,31850.5,Mobile,1.91,4,2,No,Yes,Yes,No Membership,Yes
Female,53,41532.21,Mobile,3.58,7,0,No,No,Yes,No Membership,Yes
Female,47,73643.18,Desktop,1.32,10,4,Yes,No,Yes,No Membership,Yes
Female,40,68467.52,Mobile,0.55,3,6,Yes,Yes,No,No Membership,Yes
Male,36,58085.38,Mobile,7.59,7,1,No,Yes,No,No Membership,Yes
Male,29,65567.76,Mobile,13.5,3,1,No,Yes,No,Basic,Yes
Male,32,34625.2,Desktop,16.57,5,1,Yes,No,No,No Membership,Yes
Male,48,40682.35,Tablet,5.77,1,2,No,No,Yes,Basic,No
Male,60,60598.27,Mobile,0.33,6,0,No,Yes,No,No Membership,Yes
Female,54,36918.84,Tablet,8.1,2,1,No,Yes,No,No Membership,No
Female,54,56951.17,Mobile,0.7,3,4,No,No,No,Basic,No
Male,32,32274.56,Mobile,6.65,2,2,No,Yes,Yes,Premium,Yes
Male,46,25306.97,Mobile,9.07,5,3,No,Yes,Yes,No Membership,No
Male,60,68249.42,Mobile,7.76,3,2,Yes,No,Yes,Premium,Yes
Female,43,73486.83,Mobile,18.2,5,0,No,Yes,No,Premium,Yes
Female,61,43645.22,Mobile,8.04,2,1,No,No,No,Basic,No
Female,19,27631.67,Mobile,7.09,4,2,Yes,No,No,No Membership,Yes
Male,37,15249.3,Mobile,1.82,6,1,No,Yes,No,Basic,No
Female,32,88156.0,Mobile,15.52,6,0,Yes,Yes,No,Premium,Yes
Female,21,57005.04,Mobile,1.19,5,0,No,No,No,No Membership,No
Male,39,44056.12,Desktop,14.12,1,0,Yes,No,No,Premium,Yes
Female,55,48449.59,Mobile,2.25,5,0,Yes,No,No,No Membership,Yes
Male,40,20560.02,Desktop,0.84,7,1,Yes,Yes,Yes,No Membership,Yes
Female,43,66158.17,Desktop,10.52,7,1,No,No,Yes,Basic,Yes
Male,28,91001.94,Mobile,0.01,4,0,No,No,Yes,No Membership,No
Female,45,40910.37,Mobile,10.71,2,3,Yes,No,No,Basic,Yes
Female,19,97902.23,Mobile,1.83,4,0,Yes,No,No,Basic,Yes
Female,25,52904.71,Desktop,12.96,4,1,No,Yes,Yes,No Membership,No
Female,46,85001.56,Mobile,7.06,6,2,No,Yes,No,No Membership,Yes
Male,28,60529.98,Mobile,6.58,4,1,No,Yes,No,Premium,Yes
Male,54,60510.36,Mobile,2.73,3,1,No,No,Yes,Basic,No
Male,35,88190.66,Desktop,0.37,2,1,No,Yes,No,Premium,Yes
Male,31,69088.67,Mobile,10.63,4,3,Yes,Yes,No,No Membership,Yes
Female,27,61747.27,Desktop,1.12,8,0,No,Yes,No,Basic,Yes
Male,52,20055.94,Mobile,2.79,7,2,No,Yes,Yes,No Membership,No
Female,26,27870.25,Desktop,5.5,5,1,Yes,Yes,Yes,Basic,Yes
Female,52,63253.99,Mobile,3.95,10,1,Yes,No,No,No Membership,No
Female,28,81420.1,Mobile,1.33,8,2,No,No,No,No Membership,No
Male,61,57312.12,Tablet,0.91,6,1,Yes,No,No,Basic,No
Female,29,44356.52,Desktop,0.79,4,1,Yes,Yes,No,Basic,Yes
Female,20,21894.93,Mobile,11.93,8,3,No,No,No,Basic,Yes
Male,56,40895.47,Mobile,0.19,2,0,Yes,Yes,No,Premium,No
Female,31,57357.66,Desktop,22.64,6,1,No,No,No,No Membership,No
Female,45,39583.78,Desktop,1.33,2,2,No,No,Yes,No Membership,No
Male,28,37639.97,Mobile,0.7,10,3,Yes,Yes,No,Basic,No
Female,56,54079.89,Desktop,5.16,6,2,Yes,No,No,No Membership,Yes
Male,42,81071.41,Desktop,0.5,9,1,No,No,No,Basic,Yes
Male,38,67324.95,Mobile,5.53,3,1,Yes,No,No,No Membership,Yes
Male,27,60145.69,Desktop,11.41,8,1,Yes,No,No,No Membership,Yes
Male,60,58392.75,Mobile,0.29,5,1,No,No,No,No Membership,No
Male,32,64921.18,Tablet,9.65,9,2,Yes,Yes,No,Premium,Yes
Male,36,53017.63,Desktop,3.01,9,0,Yes,Yes,No,No Membership,Yes
Female,39,47600.53,Desktop,1.04,5,3,Yes,Yes,No,No Membership,Yes
Female,38,68287.49,Mobile,1.16,5,2,No,No,Yes,Premium,Yes
Female,61,50942.88,Mobile,15.06,4,0,No,Yes,No,No Membership,No
Male,49,33605.25,Mobile,0.7,15,3,No,No,No,Basic,Yes
Male,40,80979.4,Desktop,12.09,5,0,No,Yes,No,No Membership,Yes
Female,30,21341.31,Desktop,4.71,4,1,Yes,No,No,No Membership,Yes
Male,22,82329.81,Mobile,0.24,5,4,No,No,No,No Membership,Yes
Male,21,64116.19,Desktop,3.75,6,1,No,No,Yes,Basic,Yes
Female,45,37555.29,Desktop,10.2,6,2,Yes,No,No,Basic,Yes
Male,31,55436.58,Mobile,7.77,5,1,No,No,No,No Membership,Yes
Female,25,47280.46,Mobile,4.03,5,2,No,No,No,No Membership,Yes
Female,26,69539.06,Desktop,11.8,5,1,No,Yes,Yes,No Membership,Yes
Male,52,69182.76,Mobile,0.77,6,3,No,No,No,Premium,Yes
Male,54,63304.54,Desktop,14.44,3,4,Yes,Yes,No,No Membership,Yes
Female,38,68434.9,Mobile,11.24,6,1,No,No,Yes,No Membership,Yes
Male,35,52933.02,Tablet,7.39,3,1,Yes,Yes,Yes,No Membership,Yes
Male,50,86710.15,Mobile,10.22,5,2,No,No,Yes,Basic,Yes
Female,25,77024.92,Mobile,4.71,2,0,No,No,Yes,Premium,Yes
Male,34,46413.9,Mobile,6.75,6,4,No,Yes,Yes,Basic,Yes
Female,60,69595.51,Mobile,4.93,7,2,No,No,Yes,Premium,Yes
Female,48,68024.48,Mobile,2.64,3,2,Yes,No,No,No Membership,No
Male,51,50324.29,Mobile,5.05,4,1,No,Yes,No,Basic,No
Male,23,48911.38,Tablet,1.79,7,1,Yes,No,No,Basic,Yes
Male,39,76861.14,Tablet,3.48,5,1,Yes,Yes,No,No Membership,Yes
Male,31,54735.51,Mobile,1.98,3,1,No,No,No,Premium,Yes
Male,20,59683.09,Desktop,0.79,5,3,No,Yes,No,Premium,Yes
Female,29,80219.87,Mobile,2.33,5,2,Yes,Yes,Yes,Premium,Yes
Male,53,100600.1,Desktop,11.46,4,0,No,No,No,Premium,Yes
Female,29,45520.75,Desktop,2.88,2,1,No,Yes,Yes,Basic,Yes
Female,62,51023.8,Mobile,8.27,7,1,No,No,No,Premium,Yes
Female,19,56332.07,Desktop,1.16,6,0,Yes,No,No,Basic,Yes
Female,19,56741.26,Desktop,3.31,3,5,No,Yes,No,Basic,Yes
Male,32,61774.39,Mobile,0.73,1,2,No,No,No,No Membership,No
Female,40,46176.79,Tablet,0.9,4,0,No,No,No,No Membership,Yes
Female,46,32208.56,Tablet,5.77,8,1,No,No,No,Basic,No
Male,34,86568.85,Mobile,5.61,11,2,No,Yes,No,Basic,Yes
Male,49,66017.49,Desktop,1.44,3,1,No,Yes,Yes,Basic,No
Female,24,47466.36,Tablet,3.86,3,1,No,No,No,Premium,Yes
Male,47,62868.03,Mobile,11.94,7,1,No,Yes,Yes,Premium,Yes
Male,45,87993.11,Mobile,1.15,7,1,Yes,No,Yes,No Membership,Yes
Male,31,40815.61,Mobile,0.12,3,1,Yes,Yes,No,Basic,No
Male,61,58800.52,Desktop,6.33,7,2,No,No,No,Premium,No
Female,47,29982.43,Desktop,0.33,2,2,Yes,No,No,Premium,No
Female,34,52869.85,Mobile,23.45,6,0,Yes,No,No,No Membership,Yes
Female,49,66098.72,Tablet,5.64,6,1,No,No,No,Basic,Yes
Male,63,34934.98,Desktop,3.81,11,3,No,Yes,No,Basic,No
Male,23,51630.38,Desktop,3.37,2,2,Yes,Yes,No,Premium,Yes
Male,41,69398.69,Mobile,5.11,3,1,No,Yes,No,No Membership,No
Male,23,65605.6,Mobile,0.57,6,2,No,No,Yes,No Membership,Yes
Male,44,34162.63,Desktop,15.96,5,2,No,No,No,Basic,No
Female,35,61727.95,Mobile,5.9,2,7,Yes,Yes,No,Basic,Yes
Male,41,65056.94,Desktop,1.22,4,2,No,Yes,Yes,Basic,Yes
Female,54,56943.74,Desktop,4.96,5,0,No,No,No,Basic,No
Male,41,74608.11,Mobile,0.86,7,0,No,Yes,No,No Membership,No
Male,55,44389.95,Desktop,0.11,1,4,Yes,Yes,No,Premium,Yes
Male,51,62424.72,Mobile,5.97,3,0,No,No,Yes,Basic,No
Female,57,34026.39,Mobile,6.27,6,1,No,Yes,No,Premium,No
Female,64,26188.73,Mobile,5.26,1,3,No,Yes,No,No Membership,No
Female,32,69059.42,Mobile,1.22,4,0,No,No,Yes,No Membership,No
Male,28,55370.12,Mobile,5.55,6,1,Yes,No,No,Premium,Yes
Male,39,46658.48,Desktop,0.35,7,2,Yes,No,No,No Membership,Yes
Female,41,35827.19,Desktop,5.64,2,3,No,No,No,No Membership,No
Male,18,69887.84,Mobile,4.84,5,0,No,Yes,Yes,Basic,No
Female,35,27855.74,Desktop,6.39,1,2,Yes,No,Yes,Basic,Yes
Male,61,72871.79,Mobile,13.55,5,1,Yes,Yes,No,No Membership,Yes
Male,29,63117.95,Mobile,11.4,5,0,Yes,No,Yes,Basic,No
Male,60,28759.76,Desktop,23.67,4,1,Yes,Yes,No,Premium,Yes
Male,45,57267.31,Desktop,22.44,3,1,Yes,No,No,No Membership,Yes
Female,57,102767.05,Desktop,8.88,2,2,No,No,No,Premium,Yes
Male,24,76409.53,Mobile,18.8,4,2,No,Yes,No,Premium,Yes
Male,40,40095.51,Desktop,12.12,3,3,No,Yes,No,No Membership,No
Male,38,67900.7,Desktop,7.8,6,3,No,Yes,No,Basic,Yes
Male,51,29513.56,Tablet,0.47,6,3,No,Yes,No,Premium,Yes
Female,28,30316.34,Mobile,0.3,3,3,No,No,No,Basic,No
Female,39,53788.5,Desktop,10.91,8,1,No,No,No,Basic,Yes
Female,59,64929.74,Desktop,4.04,6,3,Yes,No,No,Premium,Yes
Female,52,69603.95,Tablet,10.11,6,1,Yes,Yes,No,No Membership,Yes
Male,46,69853.31,Mobile,2.25,6,2,No,Yes,No,No Membership,Yes
Female,59,63905.5,Mobile,3.04,4,3,Yes,No,No,Premium,No
Male,45,25948.16,Mobile,7.23,5,3,Yes,No,Yes,Basic,Yes
Male,35,53903.23,Mobile,14.81,4,2,Yes,Yes,No,No Membership,Yes
Female,31,72436.27,Mobile,0.55,9,1,Yes,Yes,No,Basic,No
Male,35,62979.24,Mobile,11.86,2,2,No,Yes,Yes,No Membership,Yes
Female,45,58277.91,Desktop,9.45,6,2,No,Yes,No,No Membership,No
Male,41,60926.07,Mobile,2.27,10,2,No,No,Yes,Basic,No
Female,25,60625.36,Mobile,2.63,6,1,Yes,Yes,No,Basic,Yes
Female,59,19631.85,Mobile,0.29,4,0,Yes,No,No,Premium,No
Female,62,75788.04,Mobile,0.1,7,1,Yes,Yes,Yes,No Membership,Yes
Female,25,53010.41,Tablet,3.89,5,2,No,Yes,No,Premium,Yes
Female,21,67736.56,Desktop,0.6,5,2,No,Yes,Yes,No Membership,Yes
Male,44,13498.38,Desktop,1.29,4,0,Yes,No,Yes,No Membership,No
Female,53,84897.85,Mobile,11.25,4,3,Yes,No,Yes,Premium,Yes
Male,22,34184.59,Tablet,5.08,6,1,No,No,No,Premium,Yes
Female,50,100744.14,Mobile,6.02,4,1,Yes,Yes,No,Basic,Yes
Female,51,93146.33,Desktop,1.25,5,5,Yes,Yes,No,No Membership,Yes
Female,47,31151.51,Mobile,10.58,2,1,Yes,No,No,No Membership,No
Male,25,69706.66,Desktop,12.15,10,2,Yes,Yes,No,Basic,Yes
Male,56,36690.19,Desktop,4.45,7,1,No,No,No,Basic,No
Female,64,43490.69,Mobile,14.62,4,2,No,No,Yes,Basic,Yes
Male,43,43897.01,Mobile,11.18,3,1,No,Yes,Yes,Basic,Yes
Male,54,63062.75,Desktop,7.89,3,3,No,Yes,No,Basic,Yes
Male,51,60843.46,Mobile,7.95,7,0,Yes,No,Yes,No Membership,Yes
Female,24,33371.37,Mobile,0.67,6,0,Yes,No,No,Premium,No
Female,57,62919.13,Mobile,1.9,3,2,Yes,No,No,No Membership,Yes
Male,45,51326.04,Mobile,0.42,9,2,No,Yes,Yes,Basic,Yes
Male,56,22230.05,Desktop,0.05,2,4,No,No,No,No Membership,Yes
Male,56,47187.42,Mobile,1.03,6,3,Yes,No,Yes,No Membership,Yes
Female,45,84887.68,Mobile,12.75,8,3,Yes,No,No,Premium,Yes
Female,31,47794.94,Desktop,1.65,4,1,No,Yes,No,Basic,Yes
Male,55,21960.34,Desktop,21.07,6,1,No,No,No,Premium,Yes
Male,21,69660.4,Mobile,5.46,4,2,No,Yes,Yes,No Membership,Yes
Male,59,38304.82,Desktop,1.63,4,3,No,Yes,No,No Membership,No
Female,35,58859.72,Mobile,4.12,4,4,Yes,Yes,Yes,Basic,Yes
Female,61,51904.24,Mobile,1.48,1,1,No,No,Yes,Premium,Yes
Male,42,86710.06,Tablet,24.8,3,0,No,Yes,No,No Membership,Yes
Male,24,51916.9,Tablet,11.27,2,2,Yes,No,No,Basic,Yes
Male,55,34397.39,Mobile,0.16,6,0,No,No,No,Basic,No
Female,45,46560.74,Mobile,17.71,3,2,Yes,No,Yes,Basic,Yes
Male,22,32882.03,Mobile,7.66,8,2,No,No,Yes,Basic,No
Female,20,51233.24,Mobile,0.52,3,2,Yes,Yes,Yes,Basic,Yes
Female,61,86856.23,Mobile,6.66,7,2,Yes,No,Yes,Premium,Yes
Male,48,77472.42,Mobile,6.25,5,1,Yes,No,Yes,No Membership,Yes
Male,64,91741.43,Tablet,1.48,7,1,Yes,Yes,No,No Membership,Yes
Male,59,63626.5,Desktop,8.52,4,0,No,No,No,Basic,No
Female,37,57575.8,Mobile,0.55,1,2,Yes,No,No,Basic,Yes
Female,36,37030.72,Desktop,4.03,7,2,No,No,No,Basic,No
Female,28,59854.02,Mobile,0.06,6,2,Yes,Yes,Yes,No Membership,Yes
Female,57,52653.5,Mobile,20.79,5,0,No,Yes,No,No Membership,Yes
Male,20,69015.29,Mobile,8.36,3,1,Yes,Yes,Yes,Basic,Yes
Female,40,34799.41,Desktop,1.04,5,2,Yes,Yes,No,Basic,Yes
Female,24,55948.28,Mobile,2.51,4,0,Yes,No,No,No Membership,No
Male,40,26677.05,Desktop,1.05,6,2,No,Yes,No,No Membership,No
Female,24,61077.03,Desktop,8.73,4,3,Yes,No,No,Premium,Yes
Female,63,67163.53,Mobile,0.36,3,2,Yes,Yes,No,Premium,Yes
Female,51,25812.82,Mobile,11.01,6,1,Yes,No,No,No Membership,Yes
Female,59,30884.46,Desktop,17.1,5,0,No,Yes,No,Basic,No
Female,36,31672.36,Tablet,6.77,5,1,No,No,No,Premium,No
Female,26,51802.75,Desktop,1.44,8,1,Yes,No,No,Basic,Yes
Male,35,29845.28,Mobile,2.68,4,2,No,Yes,Yes,Premium,No
Male,58,79812.82,Desktop,3.89,5,0,No,No,No,No Membership,No
Female,62,62850.75,Mobile,5.57,4,2,No,No,Yes,Basic,Yes
Male,59,65782.71,Tablet,6.63,3,2,No,Yes,No,No Membership,Yes
Male,42,26397.14,Desktop,4.85,4,1,Yes,No,Yes,No Membership,No
Male,31,78277.21,Desktop,2.6,4,0,Yes,No,No,Basic,No
Male,61,66692.97,Mobile,13.29,4,0,No,No,Yes,No Membership,Yes
Female,42,42717.78,Desktop,0.51,7,2,No,No,Yes,Premium,Yes
Female,36,27248.18,Mobile,3.77,3,1,Yes,Yes,No,Basic,Yes
Male,56,53629.71,Mobile,8.97,4,1,No,No,No,Basic,Yes
Male,32,46604.23,Mobile,0.38,9,1,No,No,No,Basic,No
Male,33,47351.32,Tablet,7.33,4,3,No,Yes,No,No Membership,Yes
Female,44,42302.22,Desktop,10.28,2,1,No,No,No,No Membership,No
Female,57,67985.85,Mobile,6.49,5,0,No,No,No,Premium,Yes
Male,27,12000.0,Desktop,0.08,5,0,Yes,Yes,No,Premium,Yes
Female,21,80738.7,Mobile,1.19,3,0,No,Yes,No,No Membership,Yes
Female,36,72966.1,Mobile,2.51,11,3,Yes,No,No,No Membership,Yes
Female,45,58792.33,Mobile,1.6,3,2,Yes,Yes,No,Basic,No
Female,38,52406.46,Desktop,19.72,5,2,No,Yes,No,Basic,Yes
Male,64,74494.91,Mobile,6.33,7,2,No,No,Yes,Premium,Yes
Female,31,54239.34,Mobile,2.11,7,0,No,No,No,No Membership,No
Male,50,49988.27,Desktop,15.93,5,1,Yes,No,No,No Membership,Yes
Female,27,75496.93,Mobile,8.1,5,1,Yes,Yes,No,Basic,Yes
Female,36,92681.12,Desktop,2.01,5,2,Yes,Yes,No,Premium,Yes
Female,47,37521.88,Mobile,2.86,1,2,No,Yes,No,Basic,No
Female,39,62646.39,Desktop,1.33,2,3,No,No,Yes,No Membership,No
Male,20,35444.95,Desktop,21.26,7,2,Yes,Yes,No,No Membership,Yes
Female,54,64029.51,Desktop,4.37,3,2,No,Yes,No,No Membership,No
Female,58,40992.73,Mobile,13.58,2,2,No,No,No,No Membership,No
Female,35,76807.87,Desktop,2.55,4,2,No,No,No,Premium,Yes
Male,28,53197.85,Mobile,11.83,4,2,No,No,No,Basic,No
Male,19,55836.62,Desktop,0.33,7,0,No,No,Yes,No Membership,No
Male,29,84360.07,Mobile,24.13,5,1,No,Yes,Yes,No Membership,Yes
Female,23,41805.95,Mobile,14.58,3,4,No,Yes,Yes,Basic,Yes
Female,60,67327.16,Desktop,2.71,5,1,Yes,No,No,No Membership,Yes
Male,57,43597.84,Desktop,8.94,5,2,No,Yes,Yes,Basic,Yes
Female,61,76533.36,Mobile,8.37,3,0,No,No,Yes,Basic,Yes
Female,46,87161.6,Tablet,13.89,6,2,No,No,No,Basic,Yes
Female,47,50267.67,Tablet,2.2,3,2,Yes,No,No,No Membership,No
Female,19,15506.37,Desktop,3.76,5,0,Yes,Yes,No,Basic,No
Female,26,42613.53,Mobile,12.01,11,1,No,No,No,No Membership,Yes
Female,64,98787.45,Desktop,9.05,2,2,No,Yes,No,No Membership,Yes
Male,19,44341.94,Mobile,3.0,4,2,Yes,Yes,No,Basic,Yes
Female,46,86878.38,Mobile,11.21,8,1,No,No,Yes,Premium,Yes
Female,50,44086.85,Tablet,0.29,7,1,No,No,No,No Membership,No
Female,27,43642.01,Tablet,9.14,3,3,No,No,No,Premium,Yes
Female,51,69025.38,Tablet,1.39,8,1,No,No,Yes,Basic,Yes
Female,61,66868.14,Mobile,2.02,6,2,No,Yes,No,Basic,No
Male,25,70339.14,Mobile,4.08,4,0,No,Yes,No,Basic,No
Male,54,55088.39,Mobile,3.58,3,1,No,Yes,No,Basic,No
Male,50,73618.48,Mobile,4.41,9,1,No,No,No,Basic,Yes
Male,64,72307.0,Mobile,4.72,7,0,Yes,Yes,No,No Membership,Yes
Female,23,75682.51,Mobile,2.42,4,2,Yes,Yes,No,Premium,Yes
Female,61,43775.94,Desktop,1.16,5,1,Yes,No,Yes,Premium,Yes
Male,57,73605.33,Desktop,8.78,5,1,No,Yes,Yes,Basic,No
Male,62,45615.95,Desktop,3.06,0,1,No,Yes,Yes,No Membership,No
Female,36,52172.18,Desktop,4.23,2,1,No,No,No,Premium,Yes
Male,49,51802.71,Mobile,6.21,5,3,Yes,Yes,No,No Membership,Yes
Female,44,37034.13,Mobile,14.42,2,1,No,Yes,No,Premium,No
Female,18,23760.68,Desktop,7.38,7,0,Yes,No,No,Basic,Yes
Female,60,77027.03,Mobile,0.28,5,3,No,No,No,No Membership,No
Male,50,42359.51,Desktop,10.94,7,3,Yes,Yes,No,No Membership,Yes
Male,57,50144.68,Mobile,27.26,7,1,Yes,Yes,Yes,Basic,Yes
Female,49,41847.1,Mobile,3.84,5,1,No,No,No,No Membership,No
Female,22,50380.22,Desktop,20.96,5,2,No,Yes,No,Basic,Yes
Male,34,45893.75,Desktop,4.76,4,1,No,Yes,No,Basic,No
Female,25,78023.51,Tablet,3.69,5,2,Yes,Yes,Yes,No Membership,Yes
Male,59,44370.93,Mobile,2.42,6,3,No,Yes,No,No Membership,Yes
Female,51,85861.97,Mobile,6.43,7,1,Yes,No,No,Basic,Yes
Male,26,75506.89,Desktop,1.57,4,0,Yes,Yes,No,Premium,Yes
Female,40,46459.95,Mobile,0.67,6,2,Yes,Yes,Yes,No Membership,No
Male,52,60756.61,Mobile,0.17,13,1,No,No,Yes,No Membership,Yes
Male,24,64348.23,Tablet,2.08,4,2,No,Yes,No,Premium,Yes
Male,32,70148.93,Desktop,3.02,3,1,No,No,Yes,No Membership,Yes
Male,37,71928.41,Tablet,4.82,7,1,No,Yes,Yes,No Membership,Yes
Female,42,58359.39,Mobile,2.08,3,0,No,No,No,Basic,Yes
Female,20,37820.38,Mobile,24.83,6,0,No,No,Yes,No Membership,Yes
Male,63,66535.99,Desktop,2.07,5,2,No,Yes,No,Premium,Yes
Male,41,50742.89,Mobile,3.49,7,0,No,Yes,No,Premium,No
Female,51,12000.0,Desktop,0.65,4,2,No,No,Yes,Basic,No
Female,63,62025.01,Mobile,1.81,8,3,No,No,No,No Membership,No
Female,39,41786.02,Desktop,0.3,9,0,Yes,Yes,Yes,Basic,No
Male,28,46749.01,Desktop,4.92,8,1,No,No,No,No Membership,Yes
Male,25,55108.38,Mobile,8.34,6,1,No,No,Yes,Basic,Yes
Female,56,27034.35,Mobile,1.31,5,0,No,Yes,Yes,No Membership,No
Male,60,57502.75,Desktop,2.75,3,2,No,No,No,No Membership,No
Female,52,49299.27,Desktop,0.1,4,0,No,Yes,Yes,No Membership,No
Male,63,39210.04,Mobile,10.98,4,1,No,Yes,No,Premium,Yes
Female,55,55832.35,Desktop,9.08,6,1,No,Yes,Yes,Basic,Yes
Male,25,24576.47,Mobile,0.39,5,3,No,No,No,No Membership,No
Female,54,56361.28,Mobile,2.72,3,6,Yes,Yes,No,Basic,Yes
Male,44,63470.78,Mobile,18.64,6,0,No,No,No,Basic,No
Female,45,60494.48,Tablet,2.99,5,3,No,No,No,No Membership,No
Male,57,69199.92,Mobile,4.48,8,1,No,No,No,Basic,Yes
Female,51,75976.34,Mobile,2.63,3,2,Yes,No,No,Premium,Yes
Female,49,53535.74,Desktop,5.44,5,2,Yes,No,No,No Membership,Yes
Female,32,74718.09,Mobile,22.94,2,0,No,Yes,No,Basic,Yes
Female,61,53468.47,Mobile,35.95,4,1,No,No,No,No Membership,Yes
Female,34,42409.7,Mobile,8.94,6,2,No,Yes,No,Basic,Yes
Female,50,47930.49,Desktop,3.11,4,2,No,No,No,Premium,Yes
Male,64,59805.6,Desktop,4.09,6,1,No,No,No,Basic,No
Female,63,74533.2,Desktop,2.65,1,1,Yes,Yes,No,No Membership,No
Male,33,55026.33,Desktop,25.43,8,0,No,Yes,No,Premium,Yes
Male,46,42874.18,Desktop,7.38,4,3,Yes,Yes,No,No Membership,Yes
Male,26,80996.68,Desktop,3.58,4,0,Yes,Yes,No,No Membership,Yes
Male,50,29173.3,Mobile,0.07,7,2,No,No,No,No Membership,No
Female,46,42990.3,Mobile,4.41,4,0,No,No,No,Basic,No
Female,30,71070.12,Desktop,24.78,4,2,Yes,Yes,No,No Membership,Yes
Female,38,86796.23,Tablet,4.44,5,2,No,No,Yes,Premium,Yes
Female,38,63652.26,Mobile,1.21,4,2,Yes,No,Yes,Premium,No
Male,22,59497.98,Mobile,0.13,6,2,Yes,No,No,No Membership,Yes
Male,27,49764.43,Mobile,2.63,6,2,Yes,Yes,No,No Membership,Yes
Male,23,64865.28,Mobile,15.02,5,2,Yes,No,Yes,Basic,Yes
Male,30,57328.62,Mobile,34.02,2,1,Yes,No,Yes,No Membership,Yes
Male,18,41418.44,Mobile,17.44,6,3,Yes,No,Yes,No Membership,Yes
Male,37,49438.11,Mobile,7.84,6,1,Yes,No,Yes,Basic,No
Female,64,39385.97,Desktop,4.9,5,0,No,No,No,Premium,Yes
Female,63,55245.08,Mobile,5.36,2,1,No,No,Yes,No Membership,No
Female,25,57913.11,Desktop,4.65,5,4,No,No,No,No Membership,No
Female,27,84418.9,Desktop,7.37,8,2,No,Yes,Yes,No Membership,Yes
Female,26,44246.85,Tablet,3.26,5,2,No,No,No,Basic,No
Male,58,51746.02,Desktop,6.64,4,3,No,No,Yes,No Membership,Yes
Female,20,77665.26,Mobile,0.78,6,2,Yes,No,Yes,Premium,Yes
Female,28,87491.61,Tablet,1.85,5,1,No,No,No,Premium,No
Male,29,63544.8,Desktop,10.85,4,2,No,No,No,No Membership,Yes
Male,27,50435.86,Mobile,14.04,4,2,No,No,No,No Membership,Yes
Female,42,46485.68,Mobile,4.65,5,1,No,Yes,Yes,Premium,Yes
Male,42,21824.8,Mobile,0.19,4,0,No,No,No,Premium,No
Female,28,38300.17,Mobile,15.7,2,3,No,No,No,Premium,Yes
Female,53,56828.12,Mobile,7.27,4,1,No,No,Yes,Basic,Yes
Male,56,51742.25,Tablet,3.21,5,2,No,No,No,No Membership,Yes
Male,43,66221.34,Mobile,5.47,3,1,Yes,No,No,No Membership,No
Male,31,51486.35,Desktop,3.37,1,1,No,No,No,Basic,No
Male,56,41930.97,Desktop,3.76,7,2,No,Yes,Yes,No Membership,Yes
Male,57,61144.2,Desktop,13.07,5,1,No,Yes,No,Premium,Yes
Female,18,100094.77,Desktop,1.05,4,0,Yes,No,No,Basic,Yes
Male,21,49287.71,Tablet,0.66,2,2,No,Yes,Yes,Basic,Yes
Female,47,57499.98,Mobile,0.02,8,4,No,No,No,Premium,Yes
Male,29,70244.66,Tablet,2.26,5,2,Yes,No,No,Premium,Yes
Female,52,44710.87,Desktop,0.96,5,3,Yes,Yes,No,Basic,Yes
Male,30,77909.64,Mobile,1.49,5,1,No,Yes,No,No Membership,No
Male,48,26577.28,Desktop,0.07,7,0,No,No,No,Premium,No
Female,55,47660.91,Desktop,1.55,5,2,Yes,No,No,No Membership,Yes
Female,60,49398.02,Tablet,2.43,3,0,No,Yes,Yes,Basic,No
Male,40,57720.84,Mobile,0.19,8,0,Yes,No,Yes,No Membership,Yes
Female,21,19513.34,Desktop,5.62,5,4,No,No,No,Basic,No
Male,33,79349.32,Mobile,5.05,4,1,Yes,Yes,No,Basic,Yes
Male,24,62455.92,Mobile,0.61,11,2,No,No,No,Basic,No
Male,39,75210.97,Mobile,5.42,2,1,Yes,Yes,No,Basic,No
Male,46,84034.64,Mobile,39.66,2,1,No,No,No,Basic,Yes
Female,28,41669.85,Desktop,17.34,7,2,Yes,No,No,Basic,Yes
Male,50,12000.0,Mobile,0.02,2,2,Yes,Yes,No,Basic,No
Male,46,75634.59,Mobile,9.52,5,0,Yes,No,No,No Membership,No
Female,56,49845.11,Mobile,2.62,4,1,No,No,Yes,Premium,No
Female,29,34602.97,Mobile,0.39,4,2,Yes,Yes,No,Premium,No
Male,24,65373.39,Mobile,2.11,5,0,No,Yes,No,Basic,Yes
Female,56,99344.02,Mobile,2.33,4,1,No,No,Yes,Basic,Yes
Male,59,53039.68,Desktop,4.44,5,2,No,Yes,No,Premium,Yes
Female,43,72120.09,Mobile,6.49,2,3,No,Yes,Yes,No Membership,Yes
Female,57,37224.95,Mobile,8.3,3,1,Yes,Yes,No,Premium,No
Female,26,24638.36,Mobile,1.69,4,3,No,Yes,No,Basic,Yes
Male,58,71450.93,Desktop,2.33,3,1,No,Yes,No,Basic,No
Male,51,64829.32,Mobile,2.21,5,1,No,No,Yes,Premium,No
Male,62,46617.35,Desktop,2.7,7,0,No,No,Yes,Premium,Yes
Male,30,85711.95,Desktop,47.85,3,0,No,No,Yes,No Membership,Yes
Male,53,23239.2,Desktop,9.03,7,0,Yes,No,No,Premium,Yes
Female,42,32859.46,Mobile,22.13,5,0,No,No,No,Premium,Yes
Male,41,45228.38,Desktop,7.09,3,3,Yes,No,Yes,No Membership,Yes
Male,61,48584.85,Desktop,3.13,5,1,Yes,No,No,Basic,Yes
Female,34,81376.38,Mobile,2.96,4,0,No,Yes,No,Basic,Yes
Male,19,55885.56,Desktop,4.02,3,1,Yes,Yes,Yes,No Membership,Yes
Female,30,51526.83,Tablet,3.24,4,4,Yes,No,No,Premium,Yes
Male,48,32139.88,Desktop,10.57,3,2,Yes,No,Yes,Premium,Yes
Male,46,74559.4,Desktop,3.75,8,0,No,No,No,No Membership,No
Male,45,34540.46,Desktop,2.1,4,0,No,No,No,No Membership,No
Male,44,32057.0,Desktop,8.95,2,1,No,No,No,Premium,Yes
Female,32,,Desktop,11.56,4,2,Yes,Yes,No,No Membership,Yes
Male,48,57937.49,Desktop,3.27,6,2,No,Yes,Yes,Premium,Yes
Female,57,42037.43,Desktop,6.61,1,1,No,Yes,No,Basic,Yes
Male,32,67726.32,Mobile,0.36,5,4,Yes,No,No,No Membership,No
Male,50,49906.43,Mobile,4.52,7,0,No,No,No,No Membership,Yes
Female,37,73949.84,Desktop,0.28,3,2,No,Yes,No,No Membership,Yes
Male,59,64091.99,Mobile,0.18,2,2,No,Yes,Yes,Premium,No
Female,29,87246.63,Desktop,5.69,5,0,No,No,No,No Membership,No
Female,54,47039.88,Tablet,2.17,5,0,No,Yes,No,Premium,Yes
Female,26,70191.48,Desktop,8.14,9,1,No,No,No,No Membership,Yes
Female,40,22837.4,Tablet,13.58,2,5,Yes,No,No,Basic,Yes
Male,25,107049.86,Desktop,0.9,6,3,No,Yes,No,Basic,Yes
Male,49,69291.04,Mobile,7.74,5,0,No,Yes,No,Premium,Yes
Male,31,49666.47,Desktop,4.34,3,2,No,No,No,Premium,No
Female,44,50335.75,Mobile,0.71,4,1,Yes,No,Yes,No Membership,Yes
Female,42,50553.58,Mobile,6.33,5,0,No,Yes,Yes,Basic,Yes
Male,30,88120.66,Mobile,5.64,5,2,No,Yes,No,No Membership,No
Female,38,71173.89,Mobile,4.35,7,3,No,Yes,No,No Membership,Yes
Male,62,47020.27,Mobile,15.66,2,1,No,No,No,No Membership,Yes
Female,48,32701.33,Mobile,4.42,6,0,No,Yes,Yes,No Membership,No
Male,54,76529.88,Desktop,27.95,7,1,Yes,No,No,No Membership,Yes
Female,60,70093.88,Desktop,4.27,8,1,Yes,No,No,No Membership,Yes
Female,22,67714.67,Mobile,0.74,2,2,No,Yes,Yes,Premium,Yes
Male,30,53492.6,Mobile,3.81,9,0,Yes,Yes,Yes,No Membership,Yes
Male,45,49606.89,Desktop,1.21,1,0,No,Yes,No,Premium,No
Male,60,85334.02,Desktop,5.45,9,0,No,Yes,Yes,Premium,Yes
Male,42,87008.85,Tablet,7.09,3,1,Yes,Yes,No,Basic,Yes
Male,52,66522.25,Mobile,3.79,3,1,No,Yes,No,No Membership,No
Female,64,72457.14,Desktop,0.62,5,0,No,No,No,Basic,No
Female,56,59249.77,Mobile,3.79,6,1,Yes,Yes,No,Basic,Yes
Female,24,30340.26,Desktop,0.51,8,0,Yes,Yes,No,Basic,Yes
Male,55,37364.63,Mobile,6.88,6,2,No,No,No,Basic,No
Female,49,75631.27,Mobile,9.37,5,1,Yes,No,No,No Membership,Yes
Female,20,77926.7,Mobile,19.68,6,1,No,No,No,No Membership,Yes
Male,62,73974.29,Mobile,0.97,4,3,No,Yes,No,No Membership,No
Female,56,61228.94,Mobile,4.56,3,1,Yes,Yes,No,Basic,Yes
Female,54,74643.38,Desktop,5.03,5,2,No,No,No,Basic,No
Male,39,53953.53,Desktop,15.34,6,1,Yes,No,No,Basic,Yes
Male,25,66185.03,Desktop,5.92,6,1,No,No,No,No Membership,Yes
Male,34,51315.72,Mobile,0.94,7,4,No,No,No,Basic,No
Male,44,35977.86,Mobile,3.44,4,1,No,No,Yes,No Membership,No
Female,50,70562.3,Tablet,6.38,5,0,No,No,No,No Membership,No
Female,63,77952.24,Desktop,7.23,8,3,Yes,No,No,Basic,Yes
Female,34,99531.26,Mobile,11.93,2,2,No,No,No,No Membership,Yes
Male,59,59752.52,Mobile,1.19,10,1,No,Yes,No,Premium,Yes
Male,29,36139.42,Desktop,18.16,6,3,No,No,Yes,Basic,Yes
Female,63,49088.07,Mobile,0.37,5,1,No,No,No,Premium,Yes
Female,44,52553.96,Mobile,24.72,5,1,No,No,No,No Membership,Yes
Male,25,57672.96,Desktop,11.7,5,0,Yes,No,No,No Membership,No
Female,40,63475.77,Desktop,6.48,1,3,Yes,Yes,No,Basic,Yes
Female,59,61533.45,Desktop,7.97,3,1,No,No,No,Premium,No
Male,46,68987.48,Mobile,0.45,8,1,No,No,No,No Membership,No
Male,37,58553.61,Mobile,0.25,3,2,No,Yes,No,Basic,Yes
Female,33,14944.67,Tablet,0.64,5,1,No,No,No,Basic,No
Male,34,59088.41,Desktop,0.55,4,3,Yes,Yes,No,No Membership,Yes
Male,33,56561.15,Mobile,4.76,2,1,No,Yes,Yes,No Membership,Yes
Male,36,64904.8,Mobile,1.46,10,2,Yes,No,No,No Membership,Yes
Male,25,48493.32,Mobile,11.81,3,3,No,Yes,No,No Membership,Yes
Female,55,59023.46,Mobile,3.54,7,1,Yes,No,No,Premium,No
Female,55,65012.36,Desktop,7.13,10,2,No,Yes,No,No Membership,Yes
Male,46,52119.24,Tablet,6.35,3,1,Yes,No,Yes,Basic,Yes
Female,58,67165.67,Mobile,2.31,2,4,No,Yes,Yes,No Membership,Yes
Female,53,56262.25,Mobile,1.67,3,0,No,No,Yes,No Membership,Yes
Female,43,57819.86,Desktop,2.52,5,3,No,No,No,No Membership,No
Male,48,12000.0,Mobile,9.56,9,1,No,No,Yes,Premium,Yes
Male,61,34410.03,Tablet,5.3,3,3,Yes,No,No,Premium,No
Female,29,34459.02,Desktop,1.75,5,2,No,Yes,No,Basic,Yes
Female,34,58893.98,Tablet,10.22,4,2,No,No,No,Basic,Yes
Male,32,77889.97,Mobile,0.34,5,2,No,Yes,No,Basic,Yes
Male,26,52868.53,Mobile,7.21,7,2,Yes,No,No,Basic,Yes
Male,56,70269.37,Mobile,3.47,7,3,Yes,Yes,Yes,Premium,Yes
Female,59,66668.55,Mobile,7.88,4,2,Yes,Yes,No,Basic,Yes
Female,29,57518.08,Mobile,15.74,8,1,No,No,Yes,Premium,No
Male,49,65331.58,Tablet,8.32,7,1,Yes,Yes,Yes,Basic,Yes
Male,42,59426.99,Desktop,3.5,6,0,No,Yes,Yes,Premium,No
Female,56,52438.95,Desktop,0.98,9,1,No,No,Yes,No Membership,No
Female,35,62039.45,Mobile,9.85,7,1,No,Yes,No,Basic,Yes
Male,32,81039.37,Desktop,3.7,3,1,No,No,No,Basic,Yes
Female,49,63509.48,Desktop,0.47,2,1,No,No,No,No Membership,No
Female,23,58923.48,Mobile,7.62,5,0,No,No,No,Basic,Yes
Male,61,39205.89,Tablet,2.07,11,2,No,No,Yes,No Membership,Yes
Female,60,80485.75,Mobile,0.3,1,1,Yes,Yes,No,Premium,Yes
Male,52,29673.13,Mobile,13.98,5,1,Yes,No,No,Basic,Yes
Female,51,24290.86,Mobile,3.96,7,1,No,No,No,No Membership,No
Female,55,61686.29,Desktop,1.98,8,2,No,Yes,No,Basic,Yes
Female,22,39146.32,Desktop,7.56,3,0,No,Yes,No,No Membership,No
Female,35,74603.78,Mobile,13.02,9,1,No,Yes,No,No Membership,Yes
Male,33,24693.3,Mobile,0.0,7,2,No,Yes,No,Basic,Yes
Female,25,72312.52,Mobile,6.99,3,1,No,No,Yes,No Membership,Yes
Female,42,69777.67,Mobile,8.74,10,3,No,Yes,Yes,No Membership,Yes
Male,49,57124.29,Mobile,1.41,6,1,Yes,Yes,No,No Membership,Yes
Female,43,17207.71,Mobile,4.04,4,1,Yes,Yes,No,No Membership,Yes
Female,39,23980.54,Mobile,0.56,1,1,No,Yes,Yes,Premium,Yes
Male,48,59318.83,Desktop,8.24,8,2,No,Yes,No,No Membership,Yes
Female,60,50809.74,Mobile,11.28,5,2,No,No,Yes,Premium,Yes
Female,27,68091.95,Desktop,0.69,7,0,Yes,Yes,No,No Membership,Yes
Male,29,53772.11,Mobile,10.17,3,1,No,No,No,No Membership,No
Female,45,52206.75,Mobile,8.86,5,2,No,No,Yes,No Membership,Yes
Male,23,12000.0,Mobile,2.56,3,0,No,No,No,Basic,No
Male,37,69803.78,Mobile,7.03,5,1,No,Yes,Yes,Premium,Yes
Male,22,43315.37,Mobile,0.0,6,3,No,Yes,Yes,No Membership,Yes
Female,40,47832.29,Desktop,16.11,8,1,No,Yes,Yes,No Membership,Yes
Female,26,35743.98,Tablet,4.8,3,1,No,No,Yes,No Membership,No
Male,46,27272.6,Mobile,5.81,4,3,No,Yes,No,Basic,Yes
Male,33,81498.48,Mobile,6.56,6,1,Yes,Yes,No,Basic,Yes
Female,63,69318.78,Tablet,4.94,4,2,Yes,Yes,No,Basic,Yes
Male,39,69615.92,Mobile,11.66,5,2,Yes,Yes,Yes,Premium,Yes
Female,25,51102.81,Desktop,5.65,11,1,No,Yes,No,Premium,Yes
Female,37,23717.4,Tablet,14.3,2,1,No,Yes,No,No Membership,No
Female,31,92836.81,Tablet,5.24,11,1,Yes,Yes,Yes,Basic,Yes
Female,56,62601.25,Mobile,1.13,7,1,Yes,No,No,Premium,Yes
Male,54,57462.21,Mobile,14.69,7,0,No,Yes,Yes,Premium,No
Female,51,48535.61,Mobile,6.87,6,1,Yes,No,Yes,No Membership,No
Female,28,18197.99,Desktop,7.21,5,1,Yes,No,No,No Membership,Yes
Female,57,75548.06,Tablet,25.39,5,2,No,No,Yes,Premium,Yes
Male,50,35961.34,Desktop,0.47,4,1,No,No,Yes,No Membership,No
Female,48,64838.24,Desktop,3.36,5,0,Yes,No,No,No Membership,Yes
Male,61,68875.01,Desktop,1.64,3,0,No,Yes,Yes,Basic,Yes
Male,51,61014.84,Desktop,5.97,3,0,No,No,Yes,No Membership,No
Male,24,63459.52,Desktop,9.86,4,2,Yes,Yes,No,Basic,Yes
Female,40,79230.16,Desktop,20.34,5,1,No,No,Yes,Basic,Yes
Female,63,40736.52,Mobile,3.64,3,2,No,Yes,No,Premium,No
Female,24,57961.05,Mobile,9.26,7,2,Yes,No,No,No Membership,Yes
Female,42,50948.1,Desktop,14.94,3,0,No,Yes,Yes,No Membership,No
Male,20,21887.83,Mobile,6.9,8,2,Yes,No,Yes,No Membership,Yes
Female,55,60154.0,Mobile,1.67,8,2,Yes,Yes,No,Basic,Yes
Male,37,77522.51,Desktop,5.62,6,0,No,No,No,No Membership,Yes
Female,51,79774.01,Desktop,21.03,7,1,No,No,No,No Membership,Yes
Female,61,88434.59,Tablet,26.32,7,1,No,Yes,No,Premium,Yes
Female,61,23073.06,Mobile,6.17,6,2,No,Yes,No,Basic,Yes
Female,47,84315.3,Desktop,13.08,5,3,No,No,Yes,No Membership,Yes
Male,34,58327.12,Mobile,1.34,8,2,Yes,Yes,No,Basic,Yes
Male,27,83810.13,Tablet,1.69,4,1,Yes,No,No,No Membership,Yes
Female,52,47893.92,Mobile,18.33,5,1,No,No,No,No Membership,Yes
Male,37,45445.59,Desktop,0.87,4,1,Yes,Yes,Yes,Premium,Yes
Male,35,33125.09,Desktop,1.27,6,1,No,Yes,Yes,No Membership,No
Male,62,68967.6,Mobile,3.27,4,2,No,No,No,Basic,No
Female,61,64260.57,Tablet,5.34,1,1,Yes,No,No,Premium,Yes
Male,44,34893.83,Desktop,5.56,6,2,No,Yes,Yes,No Membership,Yes
Male,53,16045.54,Mobile,2.07,7,1,Yes,Yes,Yes,No Membership,Yes
Female,40,62474.41,Mobile,15.2,7,0,No,No,No,Premium,No
Female,49,64525.07,Mobile,14.8,8,1,No,No,No,Basic,Yes
Male,27,37234.87,Mobile,2.99,6,2,No,Yes,No,Basic,Yes
Male,28,33619.09,Desktop,3.42,8,1,No,Yes,No,No Membership,No
Male,55,66805.63,Tablet,7.27,10,2,No,No,No,Basic,Yes
Male,23,88415.09,Mobile,6.53,1,3,No,No,Yes,No Membership,Yes
Male,58,46090.18,Mobile,2.89,4,0,Yes,Yes,Yes,Basic,No
Female,64,39166.5,Mobile,3.21,5,3,Yes,Yes,No,No Membership,Yes
Female,51,60379.45,Mobile,2.57,6,1,No,No,No,Basic,No
Female,53,66434.56,Mobile,1.61,5,1,No,Yes,Yes,Premium,Yes
Male,54,48442.78,Mobile,3.68,8,4,Yes,No,Yes,No Membership,Yes
Female,34,91451.64,Mobile,6.96,4,1,No,No,No,No Membership,Yes
Male,57,71230.33,Desktop,8.13,3,1,Yes,No,Yes,Basic,No
Female,57,48137.13,Desktop,9.05,4,2,No,Yes,Yes,Premium,Yes
Female,29,26335.31,Mobile,2.82,6,1,Yes,No,No,Premium,Yes
Male,38,78749.59,Desktop,8.68,2,1,No,No,No,Premium,No
Female,57,76454.76,Desktop,0.04,5,0,Yes,Yes,No,No Membership,Yes
Male,36,49550.45,Desktop,3.89,6,0,Yes,Yes,Yes,Basic,Yes
Female,20,61310.36,Mobile,9.48,2,1,No,Yes,No,Basic,Yes
Male,35,52291.54,Desktop,5.97,9,1,Yes,Yes,No,Basic,Yes
Male,36,64370.78,Desktop,3.86,3,3,No,No,Yes,Basic,Yes
Female,64,36550.91,Mobile,6.21,4,2,No,No,No,Basic,No
Male,23,33984.66,Mobile,14.25,7,2,No,No,No,No Membership,Yes
Female,33,69595.55,Tablet,5.01,3,1,No,No,Yes,Basic,No
Male,25,71877.07,Desktop,9.65,2,1,No,No,No,Basic,No
Female,35,46165.74,Tablet,23.7,4,0,No,Yes,No,Premium,Yes
Female,60,41515.82,Desktop,7.34,3,3,Yes,Yes,No,No Membership,Yes
Female,56,75656.2,Desktop,5.11,4,2,No,Yes,No,No Membership,Yes
Male,29,42125.27,Mobile,0.23,5,1,Yes,Yes,No,No Membership,Yes
Male,62,55997.4,Mobile,2.82,4,4,No,No,No,Basic,Yes
Male,27,53714.53,Tablet,5.0,7,2,No,No,No,Basic,Yes
Male,24,28595.69,Mobile,9.57,6,3,No,Yes,Yes,Basic,Yes
Female,63,58458.06,Mobile,3.46,3,1,No,No,No,Basic,No
Female,18,56699.33,Desktop,19.32,10,3,No,No,No,No Membership,No
Female,53,61483.44,Desktop,1.9,2,3,No,Yes,No,No Membership,No
Female,38,57848.16,Mobile,8.19,5,2,No,Yes,No,Basic,Yes
Female,54,93442.37,Mobile,3.26,2,3,Yes,No,No,Premium,Yes
Female,41,75910.21,Mobile,3.99,3,0,No,No,No,No Membership,No
Male,42,55698.56,Mobile,9.73,3,3,No,No,No,No Membership,Yes
Female,24,57344.3,Desktop,2.11,3,2,No,Yes,No,No Membership,Yes
Female,59,86745.15,Mobile,0.61,5,3,Yes,No,Yes,No Membership,Yes
Female,34,,Desktop,4.41,4,1,Yes,Yes,No,Premium,Yes
Male,46,32877.95,Desktop,4.51,4,2,No,No,No,No Membership,No
Male,47,72081.07,Desktop,9.57,3,2,Yes,No,No,No Membership,Yes
Male,24,77370.42,Mobile,20.71,3,1,No,No,No,No Membership,Yes
Female,50,84118.91,Mobile,0.34,3,2,No,No,No,Basic,No
Female,24,47773.15,Mobile,5.37,9,2,No,No,No,No Membership,No
Male,41,46459.89,Mobile,6.86,2,1,No,No,No,No Membership,No
Female,28,38047.33,Desktop,25.53,5,0,No,No,No,Premium,Yes
Male,26,60546.29,Mobile,17.15,4,2,Yes,No,No,Premium,Yes
Male,29,68191.62,Desktop,7.48,2,0,Yes,No,No,Basic,No
Male,52,45760.07,Mobile,4.43,2,2,No,Yes,No,No Membership,Yes
Female,21,52447.32,Mobile,1.06,7,0,No,No,No,Basic,No
Female,53,18033.08,Tablet,2.91,9,0,Yes,No,No,Premium,No
Male,45,82170.08,Desktop,5.28,7,1,No,Yes,No,Premium,Yes
Female,30,26830.43,Mobile,7.75,2,2,Yes,No,Yes,No Membership,No
Male,40,61746.04,Mobile,6.05,3,1,Yes,Yes,No,Premium,Yes
Female,36,59288.59,Mobile,7.51,4,3,No,Yes,No,Basic,Yes
Female,59,55824.54,Desktop,3.36,7,2,No,No,No,No Membership,No
Female,54,56238.34,Mobile,7.8,7,1,Yes,No,No,Basic,Yes
Male,56,36787.94,Desktop,0.93,5,0,No,No,No,Basic,No
Female,41,49094.83,Desktop,1.06,2,3,No,No,No,Basic,No
Female,33,72441.11,Tablet,1.07,5,1,No,No,No,Premium,No
Male,50,77772.8,Mobile,13.29,5,1,Yes,Yes,No,Premium,Yes
Female,29,47423.78,Mobile,0.47,5,2,No,No,Yes,No Membership,No
Male,51,26912.45,Desktop,9.7,5,2,No,No,No,Basic,No
Female,24,40983.87,Mobile,1.6,8,0,No,Yes,No,No Membership,Yes
Male,28,88348.55,Mobile,3.79,3,0,No,Yes,No,Basic,No
Female,48,42055.4,Mobile,14.86,5,2,No,Yes,Yes,Premium,Yes
Female,46,53250.33,Mobile,5.29,2,1,No,No,No,No Membership,No
Male,30,80486.42,Mobile,1.42,6,2,No,Yes,Yes,Premium,Yes
Male,48,45515.87,Mobile,2.01,4,1,No,Yes,No,No Membership,No
Male,19,52020.36,Tablet,15.19,11,1,No,No,No,No Membership,Yes
Male,56,69300.97,Desktop,3.34,8,0,No,No,Yes,No Membership,Yes
Male,32,85812.52,Mobile,5.31,4,1,No,Yes,No,Premium,Yes
Female,28,43380.07,Mobile,3.7,4,2,Yes,Yes,No,Premium,Yes
Male,51,80057.71,Desktop,2.85,5,1,Yes,Yes,Yes,Basic,Yes
Male,56,49932.48,Desktop,1.52,5,1,Yes,Yes,No,Basic,Yes
Female,21,39053.28,Mobile,6.95,4,2,Yes,Yes,No,Premium,No
Male,28,59492.02,Desktop,7.6,8,1,No,Yes,No,No Membership,Yes
Female,46,34163.77,Desktop,1.93,7,1,No,No,No,No Membership,Yes
Female,19,63496.21,Mobile,9.34,7,1,Yes,No,No,No Membership,Yes
Female,33,111693.66,Tablet,11.57,2,2,No,No,No,No Membership,Yes
Female,56,74900.81,Desktop,15.21,6,2,No,No,Yes,Basic,Yes
Female,30,53111.81,Desktop,1.05,7,0,No,No,Yes,Premium,Yes
Male,54,73939.63,Mobile,2.17,3,0,No,No,No,Basic,No
Male,34,38232.61,Desktop,11.81,5,5,No,Yes,No,Premium,No
Male,38,41253.86,Desktop,1.33,3,1,No,Yes,No,Basic,No
Female,61,53611.03,Mobile,0.02,5,2,No,No,Yes,Premium,Yes
Male,36,56580.06,Desktop,12.28,5,0,Yes,No,No,Premium,Yes
Female,24,31720.55,Mobile,2.37,6,1,Yes,No,Yes,Basic,Yes
Female,55,49483.41,Mobile,3.21,2,0,No,No,No,No Membership,No
Female,25,52397.4,Mobile,3.55,9,2,Yes,No,Yes,No Membership,No
Female,30,82755.5,Desktop,11.31,9,5,No,Yes,No,Basic,Yes
Male,54,31719.78,Tablet,2.47,4,0,No,No,No,No Membership,No
Female,19,30051.13,Mobile,13.37,4,1,No,No,Yes,Premium,Yes
Female,58,,Desktop,5.76,2,1,Yes,No,No,Basic,Yes
Male,28,75715.78,Mobile,4.5,3,0,No,No,Yes,Premium,Yes
Male,41,64928.67,Tablet,2.36,10,3,No,No,No,No Membership,No
Female,23,60448.18,Desktop,1.68,9,1,Yes,Yes,Yes,No Membership,Yes
Female,43,49805.06,Desktop,5.87,8,2,No,No,Yes,Basic,Yes
Female,24,67169.89,Desktop,3.55,6,1,No,Yes,No,No Membership,Yes
Female,56,69884.01,Mobile,14.48,3,3,Yes,Yes,No,No Membership,Yes
Female,36,50368.4,Mobile,4.06,6,3,No,No,No,Basic,Yes
Female,23,37924.76,Tablet,4.3,8,1,Yes,Yes,Yes,No Membership,Yes
Male,60,38041.8,Mobile,3.23,5,1,No,No,No,Premium,Yes
Male,46,70817.22,Desktop,9.34,5,3,Yes,Yes,Yes,Premium,Yes
Male,60,27203.08,Tablet,3.32,2,1,No,Yes,No,Premium,Yes
Female,56,85187.07,Mobile,1.88,3,2,Yes,Yes,No,Premium,Yes
Female,19,46789.74,Desktop,11.88,8,2,Yes,No,No,No Membership,Yes
Female,36,60571.57,Tablet,5.45,11,2,Yes,Yes,No,No Membership,Yes
Male,21,67630.78,Desktop,5.37,4,0,No,No,Yes,Basic,No
Female,23,42693.66,Mobile,5.66,5,2,Yes,No,No,No Membership,Yes
Female,54,46721.84,Mobile,7.61,4,0,No,Yes,Yes,Basic,No
Female,45,57375.46,Mobile,2.25,3,0,No,Yes,No,No Membership,No
Female,47,39633.03,Desktop,0.21,3,1,Yes,Yes,Yes,Premium,Yes
Male,24,35782.45,Desktop,9.98,5,2,No,Yes,No,Basic,No
Female,26,37399.92,Desktop,0.83,4,1,No,Yes,No,Premium,No
Male,42,76764.63,Mobile,7.68,5,3,No,No,No,Premium,No
Male,50,62162.65,Mobile,0.52,5,0,No,No,No,Basic,No
Male,18,40722.99,Desktop,2.82,2,1,Yes,No,No,Basic,No
Female,23,70709.67,Desktop,0.39,1,4,No,No,Yes,No Membership,Yes
Female,35,41720.41,Tablet,4.43,1,2,No,No,Yes,Premium,Yes
Female,27,19892.58,Desktop,6.35,1,2,Yes,Yes,Yes,Basic,Yes
Female,45,67542.56,Desktop,1.13,4,0,No,No,No,Premium,No
Female,28,,Desktop,2.79,7,1,No,Yes,No,Basic,Yes
Female,50,65044.71,Desktop,15.98,2,1,No,No,Yes,Basic,Yes
Male,18,21027.93,Mobile,3.5,2,4,No,No,No,Basic,No
Male,30,54576.0,Tablet,9.73,7,1,Yes,Yes,No,No Membership,Yes
Male,54,50057.6,Desktop,15.72,1,2,No,No,No,Basic,No
Male,37,61807.82,Mobile,21.98,6,0,Yes,Yes,No,Premium,Yes
Male,18,39749.15,Mobile,13.72,7,2,No,No,No,Basic,Yes
Male,20,48997.41,Mobile,2.29,3,2,No,No,Yes,Premium,Yes
Male,35,29438.51,Mobile,19.71,5,1,Yes,Yes,Yes,Premium,Yes
Female,58,58991.87,Mobile,10.04,7,1,No,Yes,No,Premium,Yes
Male,31,30107.87,Mobile,10.89,6,1,No,No,No,Premium,Yes
Male,48,62873.64,Mobile,0.09,11,2,Yes,Yes,No,No Membership,Yes
Male,44,41490.15,Mobile,18.51,4,1,No,No,No,No Membership,Yes
Female,34,12000.0,Desktop,9.03,9,2,Yes,Yes,No,Basic,Yes
Male,63,69287.65,Mobile,8.77,9,2,No,Yes,Yes,Premium,Yes
Male,46,63892.72,Desktop,0.51,7,2,No,Yes,No,No Membership,Yes
Female,53,79352.96,Mobile,1.59,5,3,No,No,No,Basic,No
Male,54,17377.87,Mobile,19.66,3,1,Yes,Yes,No,No Membership,Yes
Male,43,43218.11,Mobile,4.17,4,1,Yes,Yes,No,No Membership,Yes
Male,34,57368.67,Desktop,3.04,6,0,No,Yes,No,Premium,No
Male,39,65290.71,Desktop,10.99,4,0,Yes,No,No,Premium,Yes
Male,42,28668.09,Mobile,0.55,4,3,Yes,No,No,Basic,Yes
Male,19,62766.28,Desktop,3.24,7,1,No,Yes,No,Basic,Yes
Female,39,44708.02,Mobile,2.83,2,1,Yes,Yes,No,Premium,Yes
Female,22,21608.58,Tablet,2.58,2,1,No,Yes,No,Basic,Yes
Female,21,41487.74,Tablet,2.21,5,3,No,No,No,Basic,Yes
Male,53,64258.79,Desktop,1.41,5,2,Yes,Yes,No,No Membership,Yes
Female,23,22360.63,Desktop,1.14,3,1,Yes,No,No,Basic,Yes
Male,38,66466.93,Desktop,6.14,4,1,No,No,No,No Membership,No
Male,30,60100.8,Desktop,15.11,6,1,Yes,No,Yes,No Membership,Yes
Female,54,50430.54,Desktop,4.27,4,1,Yes,No,No,Premium,No
Male,42,25566.44,Tablet,2.12,1,1,Yes,Yes,No,No Membership,Yes
Male,43,27010.92,Desktop,1.04,2,0,Yes,No,Yes,Basic,No
Female,56,47827.33,Desktop,10.64,3,3,No,No,Yes,No Membership,No
Female,37,34751.08,Desktop,21.35,9,1,Yes,Yes,No,No Membership,Yes
Male,50,48992.35,Desktop,2.58,3,0,No,Yes,Yes,Basic,No
Female,31,71311.28,Desktop,2.06,5,2,No,No,No,Basic,No
Female,53,50085.62,Mobile,5.52,3,2,No,No,No,Basic,No
Male,34,49591.99,Mobile,8.96,2,1,No,No,No,No Membership,No
Male,38,49606.25,Mobile,3.65,5,4,No,No,Yes,No Membership,Yes
Male,63,73241.23,Mobile,5.97,6,2,No,No,No,Premium,Yes
Male,33,78280.66,Mobile,7.56,4,2,Yes,Yes,No,Premium,Yes
Male,63,62594.81,Tablet,19.4,9,0,Yes,No,No,Premium,Yes
Female,33,57458.65,Desktop,1.08,10,2,No,Yes,Yes,Premium,Yes
Female,37,59132.13,Desktop,35.67,5,3,No,Yes,No,Premium,Yes
Female,46,80703.13,Mobile,2.99,5,0,Yes,No,No,Basic,Yes
Male,45,63572.55,Desktop,7.71,3,0,No,No,Yes,Basic,No
Female,25,82403.9,Desktop,5.1,6,3,No,No,No,No Membership,No
Female,41,47456.47,Desktop,4.0,6,3,No,Yes,Yes,Basic,Yes
Female,20,30959.76,Mobile,7.19,3,1,No,No,Yes,Premium,Yes
Male,42,42956.93,Mobile,3.02,5,2,No,Yes,No,Basic,No
Female,36,44869.66,Desktop,0.81,7,3,No,No,No,Premium,Yes
Male,50,83881.5,Desktop,4.03,6,3,No,Yes,No,Basic,Yes
Male,19,68255.45,Tablet,4.43,7,5,No,No,No,Premium,No
Male,32,43525.78,Desktop,1.35,3,4,Yes,Yes,Yes,Premium,Yes
Female,39,69551.4,Tablet,16.46,7,2,No,Yes,No,No Membership,Yes
Female,27,52667.54,Desktop,1.55,5,1,No,No,Yes,Basic,No
Male,35,84421.93,Tablet,3.16,8,1,No,No,Yes,Basic,Yes
Male,39,48993.38,Desktop,1.01,8,3,No,No,No,No Membership,Yes
Male,63,27299.99,Mobile,4.6,7,0,Yes,Yes,No,Premium,Yes
Male,44,51638.48,Mobile,2.21,6,2,No,No,Yes,No Membership,Yes
Male,30,49003.22,Mobile,4.03,6,0,No,Yes,No,No Membership,Yes
Male,50,30821.92,Mobile,1.53,6,1,No,No,No,No Membership,No
Female,22,65546.41,Mobile,0.33,12,0,No,Yes,No,Basic,Yes
Male,43,80644.94,Mobile,9.06,5,1,No,Yes,No,Basic,Yes
Male,30,34795.28,Desktop,6.15,7,1,No,No,No,No Membership,No
Male,44,72508.79,Mobile,2.5,4,1,No,Yes,No,Premium,No
Female,31,44080.65,Mobile,0.29,6,0,No,No,No,Basic,No
Female,41,54555.07,Desktop,12.04,6,2,Yes,Yes,No,Basic,Yes
Female,20,52664.1,Desktop,1.12,6,1,No,No,Yes,Premium,Yes
Male,64,54555.2,Tablet,16.02,2,5,No,Yes,No,No Membership,Yes
Female,47,63515.49,Desktop,3.91,4,2,No,No,No,No Membership,No
Male,52,36564.71,Mobile,2.5,4,1,No,Yes,Yes,No Membership,Yes
Female,31,78279.4,Mobile,8.12,2,3,No,Yes,No,No Membership,Yes
Female,29,64063.77,Mobile,12.57,6,1,No,Yes,Yes,No Membership,Yes
Female,45,70040.49,Mobile,2.78,6,1,No,No,No,No Membership,Yes
Female,61,40958.81,Mobile,3.14,2,0,No,Yes,Yes,Basic,No
Female,46,34934.07,Tablet,3.41,5,0,No,Yes,No,No Membership,No
Male,60,76288.84,Mobile,15.33,4,3,Yes,Yes,No,Basic,Yes
Female,34,34160.51,Mobile,7.08,4,0,No,Yes,No,Basic,No
Male,57,57687.49,Mobile,1.71,5,0,No,Yes,No,Premium,No
Female,38,73341.92,Desktop,1.23,8,3,Yes,Yes,No,Basic,Yes
Male,40,52717.56,Mobile,1.57,5,0,Yes,Yes,No,Basic,No
Male,37,76061.39,Mobile,1.84,5,2,Yes,No,No,No Membership,No
Male,28,50111.95,Mobile,1.57,6,0,Yes,Yes,Yes,Basic,Yes
Male,51,32006.48,Mobile,6.45,4,0,No,Yes,No,No Membership,No
Male,27,61735.11,Mobile,0.74,8,3,Yes,No,Yes,No Membership,Yes
Female,27,58569.33,Mobile,2.94,4,1,No,No,No,No Membership,Yes
Male,60,103383.57,Mobile,5.89,3,1,No,Yes,Yes,No Membership,No
Male,23,37988.04,Desktop,2.06,9,1,No,No,Yes,No Membership,Yes
Female,53,50466.75,Desktop,0.41,6,1,No,No,No,Premium,No
Male,41,41844.42,Desktop,0.51,1,1,No,No,No,No Membership,No
Female,29,52435.28,Mobile,0.81,6,4,Yes,Yes,No,Premium,Yes
Female,60,51709.56,Mobile,10.84,6,2,Yes,No,No,Basic,Yes
Female,40,39298.6,Mobile,6.44,2,0,Yes,No,No,No Membership,No
Female,44,63428.28,Mobile,0.4,6,3,Yes,Yes,No,Basic,Yes
Male,62,51145.41,Mobile,2.98,6,1,No,Yes,Yes,Basic,Yes
Female,54,79218.69,Mobile,1.96,3,2,Yes,No,Yes,No Membership,Yes
Male,23,43325.97,Desktop,5.18,5,2,No,Yes,No,Premium,Yes
Male,18,88504.72,Desktop,4.44,3,0,No,Yes,No,Premium,No
Female,23,59965.73,Desktop,3.94,9,1,No,Yes,No,No Membership,No
Male,39,77884.0,Mobile,2.27,6,1,No,Yes,Yes,Basic,Yes
Female,58,57078.16,Desktop,0.89,5,1,No,Yes,No,No Membership,No
Female,41,40948.22,Mobile,8.14,9,0,Yes,No,Yes,Premium,Yes
Female,42,50256.62,Desktop,12.71,6,1,No,No,No,Premium,No
Female,32,30038.17,Mobile,17.31,5,1,Yes,No,No,No Membership,No
Male,43,52992.39,Mobile,0.36,5,1,Yes,Yes,Yes,No Membership,Yes
Male,25,58097.67,Desktop,8.08,4,1,Yes,No,No,Premium,No
Female,41,55823.01,Desktop,7.78,3,6,Yes,No,No,Premium,Yes
Male,55,78942.83,Mobile,17.64,5,0,Yes,Yes,No,No Membership,Yes
Female,23,52315.59,Mobile,1.75,3,0,No,No,No,Premium,No
Female,52,20908.12,Mobile,8.13,7,0,No,No,Yes,No Membership,No
Female,59,118793.17,Tablet,0.34,5,0,No,No,No,Premium,No
Male,18,42569.05,Desktop,5.99,4,0,No,Yes,No,Premium,No
Male,63,72437.41,Tablet,2.59,8,2,No,Yes,No,No Membership,Yes
Male,53,27923.56,Mobile,8.79,3,0,Yes,Yes,No,Basic,No
Male,29,59413.82,Desktop,11.94,4,0,No,Yes,Yes,Premium,Yes
Female,55,40698.18,Desktop,2.72,3,2,No,No,Yes,No Membership,Yes
Male,28,12000.0,Mobile,4.47,7,2,No,Yes,No,No Membership,No
Male,29,49909.42,Mobile,0.75,3,1,No,No,Yes,No Membership,No
Male,59,54098.82,Desktop,3.24,9,2,No,No,Yes,Premium,Yes
Female,56,51060.05,Desktop,2.69,3,2,No,Yes,No,No Membership,Yes
Female,24,59376.04,Desktop,1.21,3,3,No,No,Yes,Basic,Yes
Male,28,50148.85,Desktop,13.49,3,0,Yes,No,Yes,Premium,Yes
Male,53,56244.7,Desktop,0.96,3,1,No,No,Yes,Premium,No
Male,48,58062.02,Desktop,6.06,6,1,No,Yes,No,Basic,No
Male,50,54366.79,Mobile,13.25,8,3,Yes,Yes,No,No Membership,Yes
Female,30,51926.04,Mobile,14.58,0,0,No,No,Yes,Premium,Yes
Female,35,38914.24,Desktop,9.46,3,1,No,Yes,No,No Membership,Yes
Male,58,65700.02,Tablet,1.16,7,2,Yes,No,Yes,Premium,Yes
Male,41,49906.05,Mobile,10.2,3,2,No,Yes,Yes,Premium,Yes
Female,26,48451.14,Mobile,1.94,7,2,Yes,No,Yes,Basic,Yes
Male,48,64221.3,Mobile,15.34,2,1,Yes,Yes,Yes,No Membership,Yes
Female,58,58815.24,Mobile,7.41,6,1,Yes,No,Yes,Premium,Yes
Male,27,42432.03,Mobile,9.23,4,1,No,Yes,No,No Membership,Yes
Male,19,77511.86,Desktop,0.53,5,0,No,No,No,Premium,No
Male,55,33593.97,Mobile,5.24,3,4,Yes,Yes,No,No Membership,Yes
Female,32,36433.46,Desktop,10.33,6,4,No,No,Yes,No Membership,Yes
Female,20,67030.37,Desktop,11.87,6,1,Yes,Yes,No,Basic,Yes
Male,60,86520.44,Tablet,0.17,7,1,No,Yes,No,No Membership,Yes
Male,48,44606.76,Mobile,16.8,3,1,No,No,Yes,Premium,Yes
Male,23,62430.78,Desktop,0.27,2,3,Yes,No,Yes,No Membership,Yes
Male,20,33537.46,Mobile,5.72,8,3,No,No,No,No Membership,Yes
Male,28,38278.26,Mobile,7.09,2,1,No,No,No,Premium,No
Male,32,75379.57,Desktop,0.68,8,3,No,Yes,No,Basic,Yes
Female,62,61583.73,Desktop,0.3,4,0,No,Yes,Yes,Premium,Yes
Male,45,75938.14,Mobile,9.22,7,3,No,Yes,No,Premium,Yes
Male,27,74553.56,Tablet,2.91,4,1,No,Yes,No,Premium,No
Female,55,17388.11,Desktop,0.68,7,3,Yes,Yes,No,Premium,Yes
Male,64,33472.82,Desktop,8.63,3,0,Yes,No,Yes,No Membership,No
Female,24,59940.56,Desktop,11.35,5,3,No,Yes,No,No Membership,Yes
Male,32,24452.38,Mobile,5.31,6,1,No,No,No,Premium,Yes
Female,35,36022.51,Desktop,1.05,8,1,No,Yes,No,Basic,Yes
Female,35,80685.41,Mobile,0.09,7,3,No,Yes,No,No Membership,No
Female,58,45251.81,Desktop,7.24,5,0,No,No,Yes,No Membership,Yes
Female,41,67785.37,Mobile,4.79,9,0,No,No,No,No Membership,Yes
Male,19,54492.97,Mobile,6.31,6,2,No,No,Yes,Basic,Yes
Female,57,42761.15,Desktop,10.07,9,1,Yes,Yes,No,No Membership,Yes
Male,37,25044.23,Mobile,3.42,6,2,No,Yes,No,Basic,Yes
Male,51,59199.44,Mobile,0.8,9,0,No,Yes,No,Basic,No
Male,60,81182.9,Mobile,16.88,5,2,No,Yes,No,Premium,Yes
Female,43,43272.51,Desktop,4.73,8,1,Yes,Yes,No,No Membership,Yes
Male,24,56234.77,Mobile,5.73,4,1,Yes,No,Yes,Basic,Yes
Female,55,27643.8,Mobile,16.26,5,2,Yes,Yes,No,No Membership,Yes
Female,47,42900.85,Mobile,16.09,0,1,Yes,Yes,Yes,Basic,Yes
Female,59,61135.87,Mobile,5.09,2,1,Yes,Yes,No,Basic,No
Female,22,68386.88,Mobile,2.12,2,0,No,No,No,Basic,No
Male,28,65007.08,Desktop,35.09,2,3,No,Yes,No,No Membership,Yes
Male,18,18432.08,Mobile,6.85,2,2,No,Yes,No,Basic,No
Male,51,46775.17,Mobile,3.15,2,1,No,No,No,Basic,No
Male,18,37588.94,Mobile,4.92,2,3,No,No,Yes,Basic,Yes
Male,36,49437.49,Mobile,3.23,11,0,No,Yes,Yes,No Membership,No
Male,19,52998.55,Mobile,13.15,6,3,No,No,Yes,Basic,Yes
Male,38,74194.33,Desktop,3.95,3,3,Yes,No,No,Premium,No
Female,37,60314.27,Mobile,10.41,3,2,No,No,No,Basic,Yes
Female,40,80520.98,Mobile,11.0,5,2,No,Yes,No,Premium,Yes
Male,38,42408.81,Desktop,10.43,5,3,No,Yes,No,No Membership,No
Female,41,29492.62,Mobile,7.68,2,4,Yes,No,Yes,Basic,Yes
Male,21,81194.37,Desktop,11.58,5,3,No,Yes,No,No Membership,Yes
Male,29,62802.19,Mobile,2.94,7,5,No,Yes,No,Basic,Yes
Female,39,41621.11,Mobile,0.73,6,2,Yes,No,No,No Membership,No
Male,37,62880.81,Desktop,11.09,3,2,No,Yes,No,No Membership,No
Male,35,70034.67,Mobile,4.14,6,0,No,Yes,No,Basic,Yes
Female,18,57145.43,Desktop,0.82,1,3,Yes,No,No,Basic,Yes
Female,47,41877.34,Desktop,0.74,11,2,Yes,No,No,Basic,Yes
Female,50,47057.27,Desktop,1.04,4,2,No,No,No,Premium,Yes
Female,41,60231.19,Desktop,8.34,5,2,No,No,Yes,Premium,Yes
Female,31,58579.98,Desktop,7.44,4,1,No,Yes,Yes,Basic,No
Male,53,76820.68,Desktop,1.37,1,0,Yes,No,No,Premium,No
Male,22,50033.62,Desktop,11.26,5,2,No,No,No,Basic,Yes
Male,28,37652.31,Mobile,1.98,6,3,Yes,No,No,Premium,Yes
Male,41,101386.98,Mobile,9.45,7,2,No,Yes,No,Basic,No
Female,48,58140.79,Mobile,4.03,6,0,No,No,No,No Membership,Yes
Male,30,70016.73,Mobile,7.89,8,1,No,No,No,Basic,Yes
Female,33,64393.27,Desktop,2.88,4,2,Yes,No,No,Basic,Yes
Female,41,58358.34,Mobile,2.56,11,0,Yes,Yes,No,Premium,Yes
Female,30,50900.61,Mobile,11.05,7,1,Yes,No,No,Basic,Yes
Female,41,12000.0,Desktop,0.22,8,1,No,No,Yes,No Membership,No
Female,43,35862.02,Mobile,22.07,6,3,Yes,Yes,Yes,No Membership,Yes
Male,19,60924.15,Mobile,6.27,7,1,Yes,No,Yes,Premium,Yes
Female,33,12000.0,Desktop,3.4,2,1,No,Yes,No,No Membership,No
Male,55,56289.13,Desktop,5.93,6,2,Yes,Yes,No,No Membership,Yes
Female,63,66902.15,Desktop,0.79,3,2,Yes,Yes,No,Basic,Yes
Male,18,69999.02,Mobile,4.33,6,1,Yes,No,Yes,No Membership,Yes
Female,28,65766.79,Mobile,25.24,6,0,Yes,Yes,Yes,No Membership,Yes
Female,52,72251.06,Desktop,1.61,3,0,No,No,No,Basic,No
Male,60,83901.0,Mobile,7.69,9,1,Yes,No,Yes,No Membership,Yes
Male,46,74730.12,Desktop,3.43,3,0,Yes,Yes,No,No Membership,Yes
Female,54,58542.97,Desktop,6.34,6,1,No,Yes,No,No Membership,Yes
Male,34,52576.84,Mobile,1.38,5,1,Yes,Yes,No,Basic,Yes
Female,56,57063.48,Mobile,3.81,2,1,No,Yes,No,Basic,No
Female,59,50041.03,Mobile,23.5,6,2,No,No,No,No Membership,Yes
Male,45,75116.45,Desktop,1.3,6,1,No,No,No,Premium,No
Male,46,65297.8,Mobile,6.07,4,2,No,No,No,No Membership,Yes
Male,60,48140.62,Mobile,5.14,8,2,No,Yes,No,No Membership,Yes
Female,20,78833.58,Desktop,5.0,2,2,No,No,No,Basic,No
Male,27,49746.18,Mobile,5.73,6,1,No,No,No,Premium,No
Female,59,37976.11,Mobile,4.19,7,2,No,No,No,Premium,Yes
Male,31,54806.63,Desktop,0.1,4,1,Yes,Yes,No,Basic,No
Female,29,40165.6,Mobile,13.82,4,2,No,Yes,No,No Membership,Yes
Female,64,71851.7,Desktop,10.53,7,1,No,No,No,No Membership,No
Female,59,39782.22,Desktop,1.15,5,2,Yes,No,Yes,Basic,Yes
Male,47,52923.35,Mobile,3.2,1,2,No,No,Yes,No Membership,No
Female,49,71914.73,Tablet,8.83,3,2,Yes,No,Yes,No Membership,No
Female,49,42180.36,Mobile,23.49,5,2,No,Yes,No,No Membership,Yes
Female,59,62400.58,Tablet,18.11,3,1,Yes,No,No,Premium,No
Female,49,37478.52,Mobile,13.78,4,1,Yes,No,No,No Membership,Yes
Male,43,59398.9,Mobile,1.03,5,0,No,Yes,No,No Membership,Yes
Male,18,65210.44,Mobile,14.75,4,2,Yes,Yes,No,No Membership,Yes
Female,59,54241.29,Mobile,12.64,1,0,No,Yes,No,Premium,Yes
Male,19,55603.47,Desktop,2.84,9,0,No,No,No,Premium,No
Female,34,62991.74,Desktop,3.01,3,1,Yes,No,No,Basic,Yes
Female,47,49950.85,Desktop,3.7,10,0,Yes,No,No,Basic,Yes
Male,56,71011.97,Mobile,6.41,2,1,Yes,Yes,Yes,Premium,Yes
Female,24,79680.54,Mobile,1.81,2,0,No,No,Yes,Basic,No
Male,44,38335.88,Desktop,0.14,4,2,No,No,No,Premium,Yes
Female,26,86807.07,Mobile,0.91,7,1,Yes,Yes,No,No Membership,Yes
Female,39,49537.22,Desktop,3.48,5,1,Yes,Yes,No,Basic,Yes
Female,51,90898.21,Desktop,1.99,2,1,Yes,No,No,No Membership,Yes
Male,63,49781.49,Mobile,8.68,6,2,Yes,Yes,Yes,Basic,Yes
Male,18,67732.81,Desktop,0.68,6,3,No,Yes,No,No Membership,No
Female,26,67636.19,Desktop,14.97,4,3,Yes,No,Yes,Basic,Yes
Female,37,48028.39,Desktop,13.54,4,0,Yes,Yes,No,Basic,Yes
Female,36,56307.29,Mobile,14.37,3,0,No,No,Yes,No Membership,Yes
Male,53,80918.21,Mobile,8.07,1,3,No,No,No,No Membership,No
Male,57,49200.72,Mobile,0.68,5,1,No,Yes,No,No Membership,No
Male,62,47484.17,Mobile,3.46,4,0,No,Yes,No,No Membership,No
Female,21,34237.59,Mobile,0.85,2,2,No,No,No,Basic,No
Male,26,83215.94,Desktop,26.39,2,1,No,Yes,No,Premium,Yes
Male,58,46346.02,Desktop,2.43,8,3,No,No,Yes,Premium,Yes
Female,39,76599.64,Desktop,5.28,6,0,Yes,No,No,Premium,Yes
Male,35,44175.61,Mobile,9.07,4,4,No,Yes,No,No Membership,No
Female,29,76034.52,Tablet,15.2,4,2,Yes,No,No,No Membership,Yes
Female,59,69519.58,Mobile,8.45,3,0,No,No,No,No Membership,No
Female,60,50888.23,Desktop,6.73,3,3,No,Yes,No,Premium,Yes
Male,56,41783.03,Tablet,3.76,5,3,No,No,No,No Membership,Yes
Male,26,43245.45,Desktop,5.58,4,4,No,Yes,Yes,Basic,Yes
Female,23,43015.6,Tablet,0.59,7,0,No,Yes,No,No Membership,Yes
Female,36,74173.3,Desktop,12.92,7,1,No,No,No,Premium,Yes
Female,64,57884.15,Mobile,4.71,5,2,Yes,No,No,Basic,Yes
Male,24,34927.8,Mobile,0.25,5,1,No,Yes,No,Premium,No
Female,33,50461.6,Mobile,15.15,4,1,No,No,Yes,No Membership,Yes
Female,22,52641.64,Mobile,4.03,3,1,No,No,Yes,Premium,No
Female,33,16498.2,Desktop,12.18,4,3,No,Yes,No,No Membership,Yes
Female,18,51462.77,Mobile,11.66,2,1,No,No,Yes,Premium,Yes
Female,54,68017.47,Desktop,10.15,2,1,No,Yes,No,No Membership,No
Female,56,52522.7,Mobile,0.38,6,0,No,No,No,Premium,No
Male,36,59579.32,Mobile,1.7,7,0,No,No,No,No Membership,Yes
Male,54,63721.24,Tablet,12.5,2,1,No,Yes,No,No Membership,Yes
Male,34,48833.16,Mobile,13.76,4,0,No,No,No,Premium,Yes
Male,43,68153.58,Desktop,3.68,7,2,Yes,No,Yes,Premium,Yes
Male,39,81234.72,Desktop,3.48,2,2,No,No,No,Basic,Yes
Male,25,27570.54,Mobile,1.16,6,1,Yes,No,Yes,Premium,Yes
Male,50,48792.7,Mobile,20.73,5,1,No,No,Yes,Basic,Yes
Male,19,96933.11,Mobile,1.44,9,1,No,No,No,No Membership,No
Female,47,58070.18,Desktop,1.27,5,3,Yes,No,Yes,Basic,No
Female,64,54372.66,Desktop,6.49,3,1,Yes,No,Yes,Basic,Yes
Male,37,50355.24,Mobile,1.67,5,1,Yes,No,No,No Membership,Yes
Female,35,77939.83,Desktop,16.76,2,1,No,Yes,Yes,Premium,Yes
Female,60,38098.12,Mobile,0.07,15,1,Yes,Yes,Yes,Basic,Yes
Male,27,71671.14,Desktop,0.03,8,2,No,No,Yes,Basic,Yes
Male,41,50018.48,Desktop,4.22,6,7,Yes,Yes,Yes,No Membership,Yes
Female,21,41502.83,Desktop,4.02,4,3,No,Yes,No,Premium,Yes
Female,54,50840.15,Desktop,1.07,10,1,No,No,Yes,Premium,Yes
Female,21,54165.15,Mobile,4.09,3,3,No,No,Yes,Premium,Yes
Male,30,46040.61,Tablet,3.18,3,1,Yes,No,Yes,Basic,No
Male,42,75029.91,Mobile,13.26,6,1,Yes,No,Yes,Premium,Yes
Male,30,41642.49,Desktop,0.06,5,2,Yes,No,Yes,Basic,Yes
Male,35,57521.35,Mobile,22.45,6,2,No,Yes,No,Premium,Yes
Male,41,64673.79,Tablet,5.88,5,3,No,Yes,No,Premium,No
Male,19,57335.01,Desktop,0.99,6,1,Yes,No,No,No Membership,Yes
Female,50,68900.14,Desktop,0.29,6,2,No,No,No,No Membership,No
Female,36,47195.85,Mobile,4.63,8,1,Yes,No,No,Premium,No
Male,26,66207.29,Desktop,1.61,2,0,No,Yes,Yes,Premium,No
Female,45,66740.11,Desktop,2.15,5,1,No,No,No,Premium,No
Male,52,72426.16,Desktop,1.69,4,3,No,No,No,No Membership,No
Male,56,21058.16,Mobile,6.3,2,0,No,Yes,Yes,Premium,Yes
Male,27,64162.83,Mobile,4.84,6,4,No,No,No,No Membership,Yes
Female,18,71222.86,Mobile,0.49,7,1,Yes,Yes,No,Premium,No
Female,59,47593.74,Mobile,4.49,6,3,No,Yes,No,No Membership,Yes
Female,38,45139.21,Mobile,9.4,9,3,No,No,No,Premium,Yes
Male,26,42375.2,Mobile,0.51,4,4,Yes,Yes,No,Premium,Yes
Female,64,36423.9,Mobile,13.23,5,1,Yes,Yes,No,No Membership,Yes
Male,32,66983.68,Mobile,5.18,3,3,No,Yes,Yes,No Membership,Yes
Female,52,96074.25,Mobile,18.05,0,2,No,No,No,Premium,Yes
Female,22,44991.64,Tablet,0.96,8,4,No,Yes,Yes,No Membership,Yes
Male,58,46602.13,Mobile,30.28,5,1,Yes,No,No,Premium,Yes
Female,39,55277.14,Mobile,6.2,7,2,Yes,No,No,No Membership,Yes
Female,58,26164.45,Mobile,5.03,7,2,No,No,No,Basic,No
Male,40,42480.13,Desktop,4.35,5,0,No,No,Yes,No Membership,Yes
Female,24,53974.62,Tablet,0.14,2,2,No,Yes,No,Premium,Yes
Male,40,38909.29,Mobile,16.84,6,2,No,No,No,Basic,Yes
Female,61,76553.94,Mobile,6.2,3,1,No,Yes,No,No Membership,No
Female,42,31711.29,Tablet,0.58,9,1,No,No,No,No Membership,Yes
Female,44,71218.1,Mobile,0.13,2,0,No,No,No,No Membership,No
Female,58,81433.04,Mobile,0.31,3,0,No,No,No,No Membership,No
Female,23,61871.05,Mobile,5.64,11,1,No,No,No,No Membership,Yes
Male,51,52525.89,Mobile,5.71,6,1,No,Yes,No,No Membership,Yes
Female,26,59433.07,Tablet,4.15,1,2,Yes,Yes,No,No Membership,No
Male,50,47069.86,Mobile,2.2,8,0,No,Yes,Yes,Premium,No
Male,23,18350.77,Tablet,4.55,8,2,No,No,Yes,No Membership,No
Male,54,37373.46,Tablet,4.36,8,1,No,No,No,No Membership,Yes
Male,48,54798.78,Desktop,0.12,3,2,No,Yes,Yes,Premium,Yes
Female,51,38067.64,Mobile,1.99,8,0,Yes,Yes,Yes,No Membership,Yes
Male,58,47563.79,Mobile,0.33,7,1,No,No,No,Basic,Yes
Female,46,63625.22,Mobile,13.82,4,1,No,Yes,No,No Membership,Yes
Male,31,57610.44,Mobile,7.75,6,1,Yes,Yes,No,Basic,Yes
Male,53,74052.55,Desktop,33.3,7,6,No,No,No,No Membership,Yes
Female,53,60295.02,Mobile,2.16,2,1,No,Yes,No,Premium,No
Male,32,61353.47,Tablet,12.65,8,4,Yes,Yes,Yes,Premium,Yes
Male,25,42178.79,Mobile,5.54,14,2,Yes,Yes,No,No Membership,Yes
Female,43,31040.09,Desktop,3.62,6,3,Yes,No,Yes,Basic,Yes
Male,53,47567.4,Desktop,1.51,2,2,Yes,Yes,No,Premium,Yes
Female,38,41910.67,Mobile,8.05,3,2,No,No,Yes,No Membership,No
Male,45,51998.18,Mobile,14.07,5,4,No,No,No,Basic,Yes
Male,21,35811.31,Mobile,1.61,8,1,Yes,No,No,Basic,Yes
Female,33,70164.8,Mobile,1.16,5,2,Yes,No,Yes,No Membership,Yes
Male,39,41844.25,Mobile,7.15,1,0,Yes,Yes,Yes,No Membership,Yes
Male,29,48452.16,Mobile,22.63,4,1,No,No,No,Basic,Yes
Male,33,54636.54,Mobile,8.32,7,4,No,No,No,Basic,Yes
Male,57,75217.19,Tablet,2.01,12,2,Yes,Yes,No,No Membership,Yes
Female,55,86656.47,Mobile,3.27,1,0,No,No,No,No Membership,No
Male,59,87893.95,Mobile,2.91,6,1,No,Yes,No,No Membership,Yes
Female,54,31927.68,Mobile,11.47,2,2,No,No,No,Premium,Yes
Female,46,48283.47,Mobile,8.85,1,1,No,Yes,Yes,No Membership,Yes
Male,35,44859.04,Mobile,5.33,12,1,No,Yes,No,No Membership,Yes
Female,27,61665.56,Tablet,1.93,5,1,No,No,No,Premium,No
Male,59,60567.09,Mobile,16.68,9,1,Yes,Yes,No,No Membership,Yes
Female,56,44505.97,Mobile,6.36,3,1,No,Yes,Yes,Premium,No
Male,35,43085.14,Mobile,21.14,4,2,No,No,Yes,Basic,Yes
Female,18,37046.19,Mobile,5.21,3,3,No,Yes,Yes,Basic,No
Male,56,12000.0,Mobile,10.33,1,3,No,Yes,No,No Membership,No
Male,38,31633.04,Desktop,10.06,4,1,Yes,Yes,Yes,Premium,Yes
Female,18,70601.94,Mobile,2.47,6,1,No,No,No,Basic,No
Female,32,81364.68,Mobile,19.95,5,3,No,Yes,No,No Membership,Yes
Male,21,79261.44,Desktop,0.13,4,1,No,No,No,No Membership,Yes
Male,37,71366.21,Mobile,8.78,6,3,Yes,Yes,No,Basic,Yes
Female,27,36785.04,Mobile,20.21,4,3,Yes,Yes,No,Premium,Yes
Female,40,33738.0,Tablet,2.48,2,3,No,No,Yes,No Membership,No
Female,58,22401.58,Mobile,6.27,7,0,No,No,No,No Membership,No
Female,51,44502.45,Desktop,4.96,3,2,No,No,No,Basic,Yes
Female,63,56567.91,Mobile,8.6,3,0,No,Yes,No,No Membership,No
Female,50,36859.88,Mobile,12.07,4,1,No,Yes,No,Premium,Yes
Male,51,62759.59,Mobile,5.54,4,4,No,Yes,No,Premium,Yes
Male,56,66733.44,Mobile,10.15,5,1,No,No,Yes,Basic,No
Female,27,46459.17,Mobile,2.25,1,2,No,No,No,No Membership,No
Female,37,30879.68,Mobile,1.56,1,1,Yes,No,No,Premium,Yes
Male,18,79856.68,Desktop,3.38,5,1,No,Yes,No,Basic,Yes
Male,30,55632.56,Desktop,6.79,2,0,No,No,Yes,No Membership,No
Female,18,89941.71,Mobile,1.24,2,1,No,No,No,Basic,No
Female,22,56662.82,Desktop,6.84,7,2,No,Yes,No,Basic,Yes
Male,33,57919.83,Desktop,3.01,2,1,No,Yes,No,Basic,Yes
Male,32,37639.06,Desktop,9.53,5,1,No,No,No,Basic,No
Male,45,47376.22,Mobile,0.23,5,1,No,No,No,No Membership,No
Male,48,26941.55,Desktop,6.62,6,2,No,No,No,Basic,No
Male,40,30814.76,Mobile,6.3,6,1,No,Yes,No,No Membership,Yes
Male,62,68340.97,Mobile,16.97,3,1,No,Yes,Yes,Basic,Yes
Female,60,49913.5,Mobile,7.5,6,0,Yes,No,Yes,Basic,No
Male,34,47392.16,Desktop,9.55,9,1,No,No,No,Basic,Yes
Female,51,41672.33,Tablet,14.1,3,1,Yes,No,Yes,No Membership,Yes
Female,30,48060.57,Tablet,6.74,4,0,No,No,No,No Membership,No
Male,31,75395.14,Mobile,2.06,3,2,Yes,No,No,Basic,Yes
Female,28,57595.99,Tablet,12.23,4,0,No,Yes,Yes,Basic,No
Male,45,33759.73,Mobile,8.26,9,1,No,Yes,Yes,Basic,Yes
Female,59,73546.92,Mobile,3.31,3,3,Yes,Yes,No,Basic,Yes
Male,49,86050.69,Mobile,7.44,3,1,No,Yes,No,Premium,No
Female,52,63904.68,Mobile,12.14,4,1,Yes,No,No,No Membership,Yes
Female,48,71043.22,Desktop,22.29,6,2,Yes,Yes,No,Basic,Yes
Male,34,76974.09,Mobile,18.26,3,2,No,No,No,No Membership,Yes
Male,64,25181.11,Tablet,2.36,5,2,Yes,Yes,No,Basic,Yes
Female,26,88556.87,Mobile,3.29,2,3,Yes,Yes,No,No Membership,Yes
Female,27,74778.65,Mobile,0.7,5,2,No,Yes,Yes,No Membership,Yes
Male,25,63799.38,Tablet,1.71,4,3,Yes,Yes,No,No Membership,Yes
Female,38,52741.71,Mobile,12.84,11,1,No,Yes,No,No Membership,No
Male,30,30929.64,Desktop,2.69,5,0,Yes,Yes,No,No Membership,Yes
Female,22,49034.78,Desktop,5.81,7,1,No,No,No,No Membership,Yes
Male,23,63071.15,Mobile,6.58,5,2,No,Yes,No,Premium,Yes
Female,47,35121.55,Desktop,9.13,2,4,No,No,No,Basic,No
Male,48,53744.55,Mobile,1.21,6,1,Yes,No,No,No Membership,Yes
Male,34,33696.26,Desktop,2.18,5,0,No,No,No,No Membership,No
Male,28,48076.76,Mobile,3.57,2,1,Yes,Yes,No,Premium,Yes
Male,37,30652.71,Mobile,2.72,5,1,No,Yes,No,Basic,Yes
Female,26,28760.03,Mobile,24.41,4,0,Yes,No,No,No Membership,Yes
Male,19,61121.61,Mobile,10.81,4,1,No,No,Yes,No Membership,No
Female,54,44564.36,Desktop,3.92,5,1,No,No,No,Basic,No
Male,18,46255.77,Tablet,12.69,4,0,Yes,Yes,No,No Membership,Yes
Male,21,43598.01,Desktop,2.56,6,0,Yes,Yes,Yes,Basic,Yes
Male,53,104016.12,Mobile,9.25,4,1,No,No,No,Premium,Yes
Male,42,65932.61,Tablet,1.52,6,1,No,No,No,Basic,No
Male,20,67865.38,Mobile,8.88,5,1,No,No,No,Premium,Yes
Male,26,41042.52,Desktop,3.66,3,0,No,Yes,Yes,Premium,Yes
Male,39,64085.51,Desktop,0.68,3,1,No,Yes,No,Basic,Yes
Male,40,50901.02,Mobile,1.92,6,3,Yes,No,No,Premium,Yes
Female,29,40897.9,Desktop,3.09,4,0,Yes,No,No,Basic,Yes
Female,27,89723.65,Mobile,8.3,5,1,Yes,No,Yes,Premium,Yes
Male,51,65310.24,Desktop,0.45,3,2,Yes,Yes,No,No Membership,Yes
Male,60,64402.1,Desktop,6.46,6,3,No,Yes,No,Basic,No
Female,27,37508.79,Tablet,7.55,8,0,No,Yes,Yes,Premium,Yes
Female,47,32136.23,Desktop,6.37,1,3,No,No,No,Basic,Yes
Female,39,53964.07,Mobile,8.58,6,2,Yes,No,No,Basic,No
Male,23,44676.75,Desktop,1.18,5,0,No,Yes,No,Premium,Yes
Female,19,66027.54,Mobile,5.31,5,1,Yes,No,Yes,Premium,Yes
Female,47,67226.7,Mobile,17.0,6,2,No,No,No,No Membership,Yes
Female,19,56179.06,Tablet,5.66,9,0,No,Yes,Yes,Premium,No
Female,49,69898.84,Tablet,5.67,6,2,No,No,No,Basic,Yes
Male,59,58479.48,Desktop,8.0,7,1,No,Yes,No,Basic,No
Male,33,39309.59,Mobile,2.43,3,0,Yes,No,No,Basic,No
Female,29,51431.06,Desktop,7.23,5,1,Yes,No,Yes,No Membership,No
Female,18,57443.19,Tablet,14.88,4,1,No,Yes,No,Basic,Yes
Male,25,71720.65,Mobile,0.07,7,1,No,No,Yes,Basic,No
Male,30,59049.12,Mobile,12.25,2,0,Yes,Yes,No,Basic,Yes
Male,32,44713.89,Desktop,1.48,4,2,No,Yes,No,No Membership,No
Male,61,72391.08,Desktop,3.65,8,1,No,No,No,Premium,Yes
Female,25,61853.61,Tablet,11.48,1,2,No,Yes,No,Basic,Yes
Female,27,82822.13,Mobile,10.42,4,2,No,No,No,No Membership,Yes
Male,63,56570.99,Desktop,13.35,12,0,Yes,No,No,No Membership,Yes
Male,22,36328.08,Desktop,16.92,4,3,No,No,Yes,Premium,No
Male,36,76185.63,Mobile,3.56,8,2,Yes,Yes,No,No Membership,Yes
Male,64,44617.78,Desktop,6.41,6,1,No,No,No,Basic,No
Female,55,60317.63,Mobile,2.97,9,2,Yes,No,No,Premium,Yes
Female,28,58342.9,Mobile,2.59,7,1,Yes,Yes,No,No Membership,Yes
Female,60,55821.33,Mobile,3.39,5,3,Yes,No,No,Basic,Yes
Male,37,,Mobile,8.15,4,1,No,Yes,No,No Membership,Yes
Female,37,25261.41,Desktop,4.18,8,1,Yes,Yes,No,No Membership,Yes
Female,38,36962.13,Tablet,10.09,2,0,Yes,Yes,Yes,No Membership,Yes
Female,35,75198.38,Mobile,8.2,3,2,Yes,Yes,No,Premium,Yes
Male,27,62718.41,Mobile,0.12,2,2,Yes,Yes,Yes,Basic,No
Male,51,89367.35,Mobile,5.97,4,0,No,Yes,No,Premium,No
Male,43,36321.31,Desktop,3.44,9,1,No,Yes,No,No Membership,No
Male,47,54448.19,Tablet,3.66,5,1,No,Yes,Yes,Basic,No
Male,26,75937.48,Desktop,10.23,4,2,No,No,Yes,Premium,Yes
Male,63,44815.18,Desktop,4.76,5,0,Yes,No,Yes,No Membership,Yes
Male,48,46263.39,Desktop,13.01,6,0,Yes,No,No,Premium,No
Female,59,49719.88,Mobile,7.49,4,2,No,No,No,Basic,Yes
Male,21,46983.74,Desktop,4.83,6,3,No,No,No,Premium,Yes
Male,23,64572.35,Desktop,8.43,6,3,Yes,No,No,Premium,Yes
Female,31,22956.22,Desktop,0.23,7,1,No,No,Yes,No Membership,Yes
Female,21,84569.07,Desktop,0.16,7,4,No,No,No,Basic,Yes
Female,43,37726.06,Desktop,0.52,3,0,Yes,Yes,Yes,Premium,Yes
Female,64,16890.91,Desktop,3.45,5,3,No,No,Yes,No Membership,No
Female,56,54815.69,Tablet,1.61,3,0,Yes,Yes,No,Basic,Yes
Female,34,48206.78,Tablet,24.91,5,1,No,No,No,No Membership,Yes
Male,36,51796.36,Desktop,4.69,5,1,Yes,No,Yes,Basic,No
Male,23,60626.38,Mobile,6.52,4,2,Yes,No,Yes,Premium,Yes
Male,46,66607.14,Mobile,1.96,4,2,Yes,No,No,No Membership,No
Male,28,85359.72,Desktop,2.33,4,1,No,Yes,No,Premium,Yes
Male,33,42577.46,Mobile,2.45,5,3,No,No,No,Premium,Yes
Female,47,68937.24,Mobile,7.2,7,3,No,No,No,Basic,Yes
Female,42,67760.86,Mobile,3.85,2,1,Yes,No,No,Basic,Yes
Female,57,12000.0,Desktop,4.37,4,1,Yes,No,No,Basic,No
Male,28,40002.5,Mobile,5.38,7,0,Yes,Yes,No,Premium,Yes
Female,24,31834.35,Mobile,8.79,2,2,No,Yes,No,Premium,No
Female,43,63062.07,Mobile,0.57,5,1,Yes,Yes,Yes,Basic,Yes
Male,39,61080.87,Desktop,9.0,10,2,Yes,No,Yes,No Membership,Yes
Female,42,61442.7,Mobile,4.97,9,2,Yes,No,No,Basic,Yes
Male,36,49499.34,Mobile,6.64,6,1,No,No,No,No Membership,No
Male,48,51314.38,Desktop,2.38,3,3,Yes,No,No,Basic,No
Female,43,54485.55,Desktop,3.16,10,3,No,Yes,No,No Membership,No
Male,59,47779.96,Mobile,1.58,1,1,No,No,Yes,Premium,Yes
Male,58,68989.28,Desktop,23.27,11,2,Yes,No,No,No Membership,Yes
Female,53,35746.05,Mobile,4.12,2,1,Yes,Yes,No,No Membership,No
Female,40,40927.35,Desktop,33.25,6,0,Yes,No,No,Premium,Yes
Male,64,57183.75,Mobile,4.04,5,3,Yes,Yes,No,Premium,Yes
Male,30,48377.27,Mobile,1.49,9,2,Yes,No,No,No Membership,Yes
Male,42,35041.93,Desktop,4.25,9,1,No,Yes,Yes,No Membership,Yes
Female,19,64574.66,Desktop,0.24,7,2,No,Yes,No,Premium,Yes
Male,19,44698.83,Mobile,14.11,9,2,Yes,No,Yes,Premium,Yes
Male,33,39795.02,Mobile,10.24,7,2,No,No,No,Basic,Yes
Female,26,51861.17,Desktop,7.76,4,1,No,No,Yes,No Membership,Yes
Female,45,38921.51,Desktop,5.65,2,1,No,Yes,Yes,Basic,No
Male,30,54384.74,Mobile,5.2,3,1,No,Yes,No,Basic,Yes
Female,52,48525.42,Desktop,34.33,5,1,Yes,No,No,Basic,Yes
Female,58,45773.56,Mobile,1.95,4,3,No,No,No,No Membership,No
Male,30,45886.0,Mobile,9.08,2,0,No,No,No,No Membership,No
Male,48,72921.07,Mobile,5.23,2,1,No,No,Yes,Basic,Yes
Female,38,61645.91,Mobile,22.35,3,3,Yes,Yes,No,Premium,Yes
Male,49,24234.46,Mobile,10.55,1,0,No,No,No,Basic,No
Female,51,70893.75,Mobile,39.12,4,1,No,Yes,Yes,Premium,Yes
Male,25,64298.03,Mobile,5.33,4,0,Yes,Yes,Yes,No Membership,No
Male,58,63235.27,Mobile,1.37,7,2,Yes,No,No,Basic,Yes
Male,19,70982.4,Mobile,4.2,6,1,Yes,Yes,No,Basic,No
Male,55,55270.54,Mobile,7.45,1,2,Yes,No,No,Basic,Yes
Male,49,66161.51,Desktop,8.93,4,4,No,No,Yes,Premium,Yes
Male,57,46639.51,Mobile,0.0,5,3,No,Yes,No,Basic,Yes
Female,45,70256.45,Desktop,4.22,5,1,No,Yes,No,No Membership,No
Female,54,58926.04,Mobile,1.61,4,1,No,No,No,No Membership,No
Female,58,30214.69,Mobile,12.47,4,3,No,No,No,Basic,No
Female,18,73654.93,Desktop,1.0,9,2,Yes,Yes,No,Basic,Yes
Male,58,52679.72,Tablet,6.59,9,0,Yes,No,Yes,Premium,Yes
Female,27,50173.79,Mobile,1.86,4,2,No,No,No,No Membership,Yes
Male,21,47031.99,Mobile,2.65,7,3,Yes,No,No,No Membership,Yes
Female,52,48351.45,Desktop,16.94,2,1,Yes,Yes,Yes,Basic,No
Female,27,59133.44,Tablet,1.65,5,4,No,Yes,No,No Membership,Yes
Female,64,37223.56,Tablet,0.6,6,2,No,No,No,Basic,No
Female,28,26764.97,Mobile,0.43,4,0,No,No,No,Basic,Yes
Female,31,35839.62,Mobile,4.21,1,1,No,No,No,No Membership,No
Male,55,61870.92,Desktop,6.16,5,1,No,No,No,Premium,Yes
Male,29,52085.11,Desktop,2.38,2,7,No,No,No,Basic,No
Female,62,75037.48,Desktop,7.03,5,2,Yes,Yes,Yes,Basic,Yes
Male,34,53831.57,Desktop,0.38,7,3,No,No,No,Basic,Yes
Female,33,70165.24,Desktop,11.68,3,1,Yes,No,No,Basic,Yes
Female,52,42529.34,Mobile,10.18,4,3,No,No,No,No Membership,No
Male,19,47167.44,Mobile,25.4,5,0,Yes,Yes,Yes,No Membership,Yes
Female,28,55171.43,Desktop,16.54,6,2,No,Yes,Yes,No Membership,Yes
Female,58,52354.41,Mobile,2.64,6,1,No,No,No,Premium,No
Female,20,50673.43,Mobile,3.06,5,3,Yes,No,Yes,Basic,Yes
Female,46,39301.94,Mobile,8.22,11,1,Yes,Yes,No,No Membership,Yes
Female,35,26459.88,Mobile,0.86,4,5,No,Yes,Yes,No Membership,Yes
Female,37,66358.3,Mobile,2.26,2,0,Yes,Yes,No,Premium,Yes
Female,64,64346.69,Desktop,0.76,6,1,No,Yes,No,Basic,No
Male,31,43950.35,Mobile,3.64,2,1,Yes,No,No,Basic,Yes
Male,51,61819.91,Mobile,4.82,10,2,No,No,No,No Membership,Yes
Female,48,52003.97,Mobile,1.42,2,2,Yes,No,No,Premium,No
Male,57,74911.09,Mobile,0.16,6,1,No,Yes,No,Premium,No
Female,59,31379.33,Tablet,7.62,3,2,No,No,No,No Membership,Yes
Female,35,52718.93,Desktop,0.12,5,2,No,No,No,No Membership,Yes
Male,47,51282.16,Mobile,21.76,4,2,Yes,No,Yes,Basic,Yes
Female,42,57900.09,Desktop,1.5,5,3,Yes,Yes,No,No Membership,No
Female,36,82668.48,Mobile,6.54,5,1,Yes,Yes,No,Basic,Yes
Male,25,52773.09,Tablet,3.42,6,1,No,No,Yes,No Membership,No
Male,45,68376.38,Mobile,0.37,2,1,Yes,No,No,No Membership,Yes
Male,25,52339.31,Mobile,3.83,5,2,Yes,No,No,Premium,Yes
Male,48,74276.43,Desktop,4.36,9,4,Yes,No,No,Premium,Yes
Female,20,68551.27,Desktop,11.57,6,3,No,Yes,Yes,No Membership,Yes
Male,20,49000.33,Mobile,7.91,5,1,No,Yes,No,Premium,Yes
Female,61,47704.58,Desktop,0.5,4,0,No,Yes,No,Basic,No
Male,39,63765.29,Mobile,1.41,5,2,No,No,Yes,Basic,Yes
Male,34,43202.69,Tablet,2.24,4,0,No,No,No,No Membership,No
Female,53,58431.39,Mobile,0.74,5,2,No,Yes,Yes,Premium,Yes
Female,34,48595.66,Tablet,3.66,4,2,No,No,No,No Membership,Yes
Male,31,61625.85,Mobile,24.93,7,1,Yes,Yes,Yes,Basic,Yes
Male,26,52101.68,Mobile,4.34,4,1,Yes,Yes,No,No Membership,Yes
Male,47,42533.54,Tablet,8.13,5,1,No,Yes,No,Basic,No
Male,38,74895.52,Tablet,6.89,3,2,Yes,No,No,Basic,Yes
Female,29,59312.01,Desktop,11.38,3,1,No,No,No,Basic,Yes
Male,54,54035.46,Mobile,1.46,3,1,No,No,No,No Membership,No
Male,49,62559.8,Mobile,8.41,5,4,No,Yes,No,No Membership,Yes
Male,28,24918.63,Mobile,12.79,5,1,No,No,No,No Membership,Yes
Female,37,92623.33,Mobile,1.13,1,0,No,No,Yes,Premium,No
Female,52,55444.38,Desktop,2.56,1,0,Yes,Yes,Yes,No Membership,Yes
Male,64,19662.89,Mobile,21.06,2,3,Yes,Yes,No,Premium,Yes
Female,63,76547.7,Desktop,9.11,5,2,Yes,No,No,Basic,Yes
Male,28,41475.01,Desktop,1.99,5,2,Yes,No,Yes,Premium,Yes
Male,25,73786.84,Mobile,4.98,0,0,Yes,No,No,No Membership,No
Female,21,57188.21,Desktop,3.11,3,2,Yes,Yes,No,No Membership,Yes
Female,44,26732.53,Desktop,4.04,5,4,Yes,No,Yes,Premium,Yes
Female,61,59702.71,Desktop,2.63,4,0,Yes,Yes,No,Basic,Yes
Female,57,58378.77,Mobile,1.97,4,3,No,No,No,Premium,Yes
Male,55,75731.89,Desktop,6.74,1,2,No,No,No,No Membership,Yes
Female,64,64398.95,Mobile,9.05,2,1,Yes,No,No,Basic,No
Male,47,32690.59,Mobile,12.43,6,0,No,No,No,No Membership,No
Female,61,73040.85,Desktop,1.01,7,1,Yes,Yes,Yes,Basic,Yes
Male,44,47546.84,Desktop,10.38,6,2,No,No,Yes,No Membership,Yes
Female,38,85964.78,Mobile,1.76,6,0,Yes,No,No,No Membership,Yes
Male,37,48613.96,Desktop,3.34,6,1,No,Yes,Yes,Basic,Yes
Male,21,51196.76,Tablet,13.9,10,1,Yes,No,No,Basic,Yes
Female,28,40205.43,Mobile,3.64,11,0,No,No,No,No Membership,Yes
Male,30,46025.24,Desktop,1.32,4,1,No,Yes,No,Premium,Yes
Female,26,41267.07,Desktop,1.05,3,2,Yes,Yes,No,Premium,Yes
Male,21,76176.08,Desktop,3.84,5,0,No,Yes,No,Basic,Yes
Male,29,31032.85,Mobile,8.63,4,1,Yes,No,Yes,Basic,Yes
Male,26,69482.43,Mobile,35.28,2,1,Yes,No,Yes,No Membership,Yes
Male,30,69915.88,Tablet,9.29,4,2,Yes,No,No,No Membership,Yes
Female,43,79795.86,Mobile,12.57,3,0,No,No,No,No Membership,No
Male,55,55787.71,Mobile,8.27,7,2,Yes,No,No,Premium,Yes
Female,59,36519.51,Desktop,13.55,6,1,No,Yes,No,Basic,No
Female,30,51908.36,Mobile,0.48,7,0,No,No,No,No Membership,No
Male,56,65704.57,Desktop,15.95,4,3,Yes,Yes,No,No Membership,Yes
Female,45,56525.14,Desktop,3.03,5,3,Yes,No,No,Basic,Yes
Female,36,61601.1,Desktop,15.28,2,4,No,Yes,No,No Membership,Yes
Female,41,79575.15,Desktop,0.47,3,1,Yes,No,Yes,No Membership,Yes
Male,36,65476.06,Mobile,7.54,4,0,Yes,Yes,Yes,Basic,No
Male,30,58571.95,Mobile,7.98,4,0,No,No,No,No Membership,No
Female,30,21801.49,Desktop,34.68,4,2,Yes,No,No,No Membership,Yes
Female,45,40890.69,Mobile,8.79,9,2,Yes,Yes,Yes,No Membership,Yes
Female,19,47715.85,Tablet,2.89,8,0,No,No,No,No Membership,No
Male,27,19411.96,Desktop,4.89,7,0,No,Yes,No,Basic,Yes
Female,39,35033.17,Mobile,2.74,4,3,No,Yes,No,No Membership,Yes
Male,30,50167.85,Desktop,1.31,4,3,Yes,Yes,No,No Membership,No
Male,26,53097.08,Mobile,1.71,7,2,Yes,No,Yes,No Membership,No
Male,50,64104.58,Mobile,1.51,3,2,No,Yes,No,No Membership,Yes
Female,31,51304.73,Desktop,4.78,8,2,No,Yes,No,Premium,Yes
Male,37,59464.73,Desktop,14.2,7,1,Yes,No,Yes,No Membership,Yes
Male,32,47479.79,Mobile,14.63,4,0,No,No,No,No Membership,No
Female,49,55756.24,Mobile,0.34,4,2,No,Yes,No,Premium,No
Male,50,63117.51,Mobile,0.5,3,4,No,Yes,Yes,No Membership,Yes
Male,34,81507.34,Mobile,1.69,5,0,Yes,No,Yes,No Membership,Yes
Male,41,45736.43,Mobile,1.77,3,2,Yes,Yes,Yes,Premium,Yes
Female,47,57595.28,Mobile,0.6,7,2,No,No,No,No Membership,No
Female,30,70644.3,Desktop,2.95,5,1,No,Yes,No,Basic,Yes
Male,64,29087.32,Tablet,5.32,9,2,No,Yes,No,No Membership,Yes
Female,33,90960.87,Mobile,5.18,3,2,No,Yes,Yes,No Membership,Yes
Female,19,76222.55,Mobile,4.7,5,0,No,No,No,No Membership,No
Male,34,24193.21,Desktop,2.48,6,2,Yes,Yes,Yes,Premium,Yes
Female,49,61684.87,Desktop,7.35,4,3,No,No,No,No Membership,Yes
Female,60,44839.84,Tablet,10.51,3,3,No,No,No,No Membership,Yes
Female,25,47847.74,Mobile,2.55,8,1,No,Yes,No,No Membership,No
Male,20,61309.03,Mobile,0.54,13,3,No,Yes,No,Basic,Yes
Female,29,73907.19,Mobile,2.11,1,0,No,Yes,Yes,No Membership,No
Female,37,46614.29,Desktop,0.89,4,3,Yes,Yes,Yes,No Membership,Yes
Male,33,46855.93,Mobile,3.78,5,2,No,Yes,No,Premium,Yes
Male,31,61699.0,Desktop,1.02,3,2,Yes,Yes,No,Premium,Yes
Male,33,65295.21,Mobile,3.73,3,0,No,Yes,No,Premium,No
Male,60,36871.64,Mobile,1.5,4,2,No,Yes,No,Basic,Yes
Female,50,86026.11,Desktop,8.05,3,1,Yes,No,Yes,Premium,No
Male,47,43420.34,Mobile,0.17,4,0,No,Yes,Yes,No Membership,No
Male,29,72364.14,Desktop,4.85,8,2,No,Yes,No,Premium,No
Female,32,63130.68,Mobile,1.11,4,1,Yes,Yes,No,No Membership,Yes
Male,35,65913.83,Mobile,0.01,0,0,Yes,Yes,No,No Membership,Yes
Female,45,43768.87,Mobile,12.2,8,2,No,No,Yes,Basic,Yes
Male,40,23970.7,Mobile,6.68,2,0,No,Yes,No,Premium,No
Male,31,54614.77,Mobile,0.63,5,0,No,Yes,Yes,No Membership,No
Male,47,54688.96,Desktop,6.55,3,1,No,No,Yes,Premium,No
Male,50,37755.61,Desktop,5.68,4,2,Yes,No,Yes,No Membership,Yes
Male,62,71522.98,Mobile,3.85,5,2,No,No,Yes,No Membership,Yes
Female,32,54072.47,Mobile,3.26,1,1,Yes,Yes,No,Basic,Yes
Female,24,40436.69,Tablet,13.09,9,1,Yes,No,Yes,Basic,Yes
Male,32,65531.28,Mobile,1.69,7,2,No,No,No,Basic,No
Female,59,66009.16,Mobile,3.05,5,5,No,Yes,Yes,Basic,Yes
Female,63,42105.74,Mobile,2.39,6,1,No,No,Yes,No Membership,Yes
Female,55,77201.05,Desktop,8.85,3,2,No,Yes,No,Premium,Yes
Male,63,95378.39,Mobile,14.89,6,0,No,Yes,No,Basic,Yes
Male,61,35379.45,Desktop,11.37,4,2,Yes,No,No,Premium,Yes
Male,28,51693.51,Mobile,9.59,6,0,No,Yes,No,No Membership,Yes
Female,46,61066.18,Mobile,25.96,5,0,No,Yes,No,Basic,No
Female,48,96044.68,Mobile,7.17,11,2,Yes,No,No,Basic,Yes
Male,42,41792.01,Desktop,8.34,5,1,No,No,No,Basic,Yes
Male,41,38087.48,Desktop,24.38,9,1,Yes,Yes,No,No Membership,Yes
Female,36,37964.46,Mobile,0.04,7,2,Yes,Yes,No,Basic,Yes
Female,19,76985.62,Mobile,6.03,6,1,Yes,Yes,No,No Membership,No
Female,39,42259.04,Desktop,8.06,6,3,Yes,No,No,Basic,Yes
Female,37,39697.58,Desktop,14.99,7,2,Yes,No,No,Basic,Yes
Male,50,59157.41,Mobile,12.92,5,2,Yes,No,No,No Membership,Yes
Female,25,60547.98,Desktop,11.07,6,0,No,No,Yes,Basic,Yes
Female,42,74278.37,Mobile,17.49,6,1,Yes,No,Yes,Premium,Yes
Male,63,56654.67,Mobile,4.63,6,1,No,No,Yes,Basic,Yes
Female,26,59480.78,Mobile,0.04,4,3,Yes,No,No,Premium,Yes
Female,51,53105.13,Desktop,0.07,7,2,No,No,No,Basic,No
Male,40,31522.48,Mobile,4.72,4,1,Yes,Yes,Yes,No Membership,Yes
Female,22,51407.12,Desktop,3.43,4,0,Yes,No,No,No Membership,No
Female,42,56131.0,Desktop,3.6,7,3,Yes,No,No,No Membership,Yes
Female,25,47011.18,Desktop,3.07,0,2,Yes,No,No,No Membership,Yes
Male,33,26839.83,Mobile,14.99,5,2,No,Yes,Yes,Basic,Yes
Male,62,34570.17,Mobile,2.67,4,1,No,No,No,Premium,Yes
Female,32,54291.14,Tablet,11.64,3,3,Yes,Yes,No,Basic,Yes
Male,18,,Desktop,13.99,4,2,No,No,No,Basic,Yes
Female,39,85281.11,Desktop,4.15,4,1,Yes,No,No,Basic,No
Female,20,51691.05,Mobile,3.55,7,4,Yes,No,Yes,No Membership,Yes
Male,55,42096.26,Mobile,8.59,5,2,Yes,Yes,No,Premium,Yes
Female,31,48294.83,Desktop,7.39,8,0,No,No,No,Premium,Yes
Female,53,36164.53,Mobile,2.39,6,0,No,Yes,Yes,No Membership,Yes
Male,35,69179.42,Desktop,0.65,5,0,No,Yes,No,Premium,Yes
Female,64,93477.01,Mobile,1.85,6,0,No,Yes,Yes,Premium,No
Female,58,42534.37,Mobile,0.84,4,1,Yes,No,Yes,No Membership,Yes
Female,35,33543.25,Mobile,2.1,2,1,No,Yes,Yes,Basic,No
Female,20,73116.7,Mobile,1.82,5,3,Yes,Yes,No,Basic,Yes
Male,27,60724.93,Mobile,6.09,5,0,No,No,No,Premium,Yes
Female,56,61028.72,Desktop,18.54,9,0,No,No,No,Premium,Yes
Female,64,83587.13,Mobile,6.95,7,1,No,Yes,Yes,Basic,Yes
Female,18,,Mobile,15.68,3,2,No,Yes,Yes,Basic,Yes
Female,44,29900.5,Desktop,9.2,2,0,No,Yes,No,Basic,No
Male,44,52089.14,Mobile,7.81,7,1,No,No,No,No Membership,Yes
Female,28,56141.26,Mobile,3.21,5,1,Yes,No,Yes,No Membership,Yes
Male,22,48610.93,Desktop,2.36,5,3,No,No,No,Basic,Yes
Male,24,99293.55,Tablet,11.24,3,3,No,No,No,Premium,Yes
Male,36,49415.64,Mobile,14.15,6,1,No,No,Yes,No Membership,Yes
Female,46,45086.94,Mobile,3.61,2,0,Yes,Yes,No,Basic,Yes
Female,32,57238.18,Desktop,0.05,5,2,Yes,No,Yes,No Membership,Yes
Female,52,72475.96,Mobile,9.44,7,2,No,No,No,Premium,Yes
Female,64,41942.3,Desktop,2.01,4,1,Yes,Yes,No,Basic,No
Female,54,52354.24,Tablet,0.06,8,2,No,Yes,No,Premium,No
Female,29,72987.12,Tablet,9.81,8,1,No,Yes,No,No Membership,Yes
Male,47,73986.52,Mobile,4.37,8,2,No,No,No,Basic,Yes
Male,37,58917.31,Mobile,6.94,3,0,Yes,Yes,No,Basic,No
Male,54,98531.04,Tablet,14.77,4,0,No,No,No,Basic,No
Female,20,90651.72,Mobile,4.67,8,4,No,No,No,Basic,Yes
Female,26,29689.91,Mobile,4.2,11,0,Yes,No,No,Basic,Yes
Male,58,24544.7,Desktop,2.06,7,2,Yes,No,No,No Membership,No
Male,56,69322.86,Mobile,2.18,8,1,Yes,No,No,Premium,Yes
Female,43,79576.58,Mobile,9.55,5,1,Yes,Yes,No,No Membership,Yes
Male,19,50954.34,Desktop,3.58,5,2,Yes,Yes,No,Basic,Yes
Female,40,45960.48,Mobile,1.07,6,3,No,Yes,No,Basic,Yes
Female,40,40234.77,Mobile,0.6,6,0,No,Yes,No,No Membership,No
Male,38,33975.79,Mobile,3.84,0,1,No,Yes,No,Basic,No
Male,33,75454.17,Desktop,3.75,8,4,Yes,Yes,No,No Membership,Yes
Female,26,48136.69,Mobile,6.36,7,1,Yes,No,No,No Membership,Yes
Female,30,60432.41,Mobile,3.82,5,1,No,No,Yes,Premium,Yes
Female,45,22135.5,Desktop,0.93,3,2,No,No,Yes,Basic,Yes
Female,44,73040.88,Desktop,4.25,4,2,No,Yes,No,No Membership,Yes
Male,34,65580.01,Mobile,14.24,6,4,No,Yes,No,No Membership,Yes
Female,55,30795.59,Desktop,1.04,4,1,No,No,No,Basic,No
Female,53,59662.52,Mobile,7.02,4,0,Yes,Yes,Yes,Basic,Yes
Female,18,55085.38,Desktop,5.41,6,3,Yes,No,No,No Membership,Yes
Male,35,46897.21,Mobile,8.28,3,1,Yes,No,No,No Membership,No
Female,26,12000.0,Mobile,0.98,3,2,Yes,No,Yes,Premium,Yes
Female,30,43114.07,Desktop,17.04,3,2,No,No,No,Premium,Yes
Male,57,60443.76,Mobile,5.82,5,0,No,Yes,No,Premium,Yes
Male,62,45125.83,Mobile,11.27,7,2,Yes,No,No,Premium,Yes
Female,32,51009.49,Mobile,1.7,5,0,No,No,No,Basic,No
Male,60,81941.62,Desktop,8.07,6,1,Yes,No,Yes,No Membership,Yes
Male,61,53604.86,Mobile,9.11,2,1,No,No,No,Premium,Yes
Male,63,17257.61,Mobile,3.04,2,2,No,No,No,No Membership,No
Female,21,51672.69,Mobile,2.91,5,1,Yes,No,Yes,No Membership,Yes
Female,50,56789.09,Mobile,6.43,5,4,No,No,Yes,Basic,Yes
Female,41,40143.62,Mobile,0.59,3,1,Yes,No,No,No Membership,No
Male,53,68225.47,Mobile,7.98,9,1,No,Yes,No,No Membership,Yes
Female,58,28679.88,Mobile,0.26,4,1,No,Yes,No,No Membership,No
Female,27,52520.66,Mobile,1.27,6,1,Yes,Yes,No,Basic,Yes
Female,53,28472.34,Desktop,6.55,6,1,No,No,Yes,No Membership,No
Female,37,49677.62,Desktop,0.62,4,1,No,No,No,No Membership,Yes
Male,58,67746.34,Desktop,21.42,8,5,Yes,No,Yes,Premium,Yes
Female,62,52089.76,Mobile,12.17,5,1,No,No,No,Premium,Yes
Male,61,51039.04,Tablet,5.91,5,1,No,Yes,No,No Membership,No
Female,28,55499.86,Mobile,10.26,7,1,No,No,Yes,Basic,Yes
Male,29,56399.81,Tablet,13.11,6,0,No,No,No,No Membership,No
Male,35,67487.53,Mobile,1.8,6,3,Yes,Yes,No,No Membership,Yes
Male,47,67596.68,Mobile,11.36,7,3,No,No,Yes,Basic,Yes
Female,61,80590.53,Mobile,1.3,6,1,Yes,No,No,No Membership,Yes
Male,54,58017.11,Mobile,3.2,9,3,Yes,No,No,Premium,Yes
Female,37,25106.96,Desktop,4.9,4,0,No,Yes,Yes,Basic,No
Male,42,70443.07,Desktop,7.51,5,2,No,No,No,No Membership,Yes
Male,29,79296.84,Tablet,0.18,10,2,No,No,No,Basic,No
Female,38,99310.51,Desktop,2.06,4,0,No,Yes,Yes,Basic,No
Male,42,81130.71,Mobile,5.63,1,3,Yes,No,Yes,No Membership,Yes
Male,28,46174.63,Mobile,2.65,7,1,No,No,No,Basic,Yes
Female,26,58369.31,Tablet,8.95,2,2,Yes,Yes,No,No Membership,Yes
Male,42,50128.72,Desktop,6.33,7,1,No,No,Yes,No Membership,Yes
Male,52,47682.52,Desktop,1.6,6,1,Yes,Yes,No,Premium,Yes
Male,49,52957.26,Mobile,0.95,5,3,Yes,No,No,Basic,Yes
Female,31,78143.38,Mobile,5.95,5,0,No,No,Yes,Basic,Yes
Female,18,26394.92,Tablet,3.59,1,0,Yes,No,Yes,No Membership,No
Female,34,36954.18,Mobile,1.11,4,3,Yes,Yes,Yes,Premium,Yes
Female,42,76950.87,Mobile,2.37,7,0,No,Yes,No,Premium,No
Male,25,81166.03,Mobile,2.17,3,1,Yes,No,No,Basic,Yes
Male,22,43129.08,Desktop,0.69,9,0,Yes,Yes,No,No Membership,Yes
Female,22,84713.47,Mobile,4.75,6,1,No,No,No,Premium,Yes
Male,58,72565.88,Mobile,8.65,7,1,No,No,No,Premium,Yes
Male,52,50180.3,Mobile,5.14,4,3,Yes,No,No,Premium,Yes
Male,36,12000.0,Mobile,10.5,4,2,No,Yes,Yes,No Membership,No
Male,40,24975.73,Mobile,0.82,3,3,Yes,No,No,Basic,No
Female,26,43152.82,Mobile,3.43,6,1,Yes,Yes,Yes,No Membership,Yes
Male,47,68678.87,Tablet,5.64,2,3,Yes,No,Yes,Basic,Yes
Female,33,68735.8,Tablet,6.76,7,1,No,Yes,No,Basic,Yes
Male,50,46603.91,Mobile,7.14,5,0,Yes,No,No,Basic,No
Female,19,50837.06,Desktop,7.83,1,1,No,No,No,Basic,No
Male,31,54415.34,Desktop,6.32,8,2,No,Yes,Yes,Premium,Yes
Male,63,51062.72,Mobile,0.59,7,0,No,No,No,Basic,No
Female,18,57945.41,Mobile,7.13,1,1,No,No,No,Basic,Yes
Female,43,54459.26,Mobile,7.74,2,1,Yes,No,No,No Membership,No
Male,42,24863.91,Mobile,30.2,3,1,No,No,No,No Membership,Yes
Male,33,51263.89,Mobile,7.09,7,4,No,Yes,No,Basic,Yes
Male,32,54593.24,Desktop,6.97,4,0,No,No,No,Basic,No
Male,43,72816.39,Mobile,4.34,2,1,Yes,Yes,No,Basic,Yes
Male,64,40036.49,Desktop,12.15,6,3,No,Yes,No,No Membership,Yes
Male,61,58670.3,Mobile,34.53,2,3,No,No,No,Basic,Yes
Male,33,65131.12,Mobile,9.06,7,0,Yes,Yes,Yes,Premium,Yes
Male,31,52329.75,Mobile,5.69,3,2,Yes,No,Yes,Basic,Yes
Female,46,23413.64,Mobile,0.49,4,2,No,No,No,No Membership,No
Female,41,73181.24,Desktop,7.78,6,2,No,No,No,No Membership,Yes
Female,64,68448.54,Desktop,7.4,4,4,No,No,No,Premium,Yes
Male,32,59117.92,Mobile,8.97,6,1,No,No,No,Basic,No
Male,36,55725.95,Desktop,0.8,5,0,Yes,No,No,No Membership,No
Female,25,22934.35,Tablet,6.36,5,3,No,No,No,Basic,Yes
Male,51,68943.82,Desktop,2.1,5,1,Yes,Yes,No,Basic,Yes
Male,19,81755.13,Mobile,8.57,7,1,Yes,No,Yes,Basic,Yes
Female,44,34952.58,Desktop,1.65,6,1,No,Yes,No,Premium,Yes
Female,27,79210.34,Mobile,6.91,4,2,Yes,Yes,Yes,Premium,Yes
Female,52,75366.24,Desktop,2.1,5,1,Yes,No,No,Basic,No
Male,40,34422.48,Mobile,0.05,6,1,No,Yes,No,Premium,Yes
Male,25,47905.42,Mobile,6.02,3,4,No,No,Yes,Premium,Yes
Female,45,29882.12,Mobile,0.72,6,0,No,No,Yes,Premium,No
Male,40,53827.51,Mobile,6.46,10,3,No,No,Yes,No Membership,Yes
Female,21,63069.72,Tablet,15.59,5,3,Yes,No,No,Basic,Yes
Female,31,31231.57,Mobile,20.89,8,2,Yes,Yes,Yes,Premium,Yes
Female,59,61944.45,Mobile,1.61,6,1,No,Yes,Yes,Basic,Yes
Male,46,66504.26,Tablet,9.94,5,1,Yes,Yes,No,No Membership,Yes
Male,18,66762.62,Mobile,2.62,5,1,No,No,No,No Membership,No
Female,21,63181.05,Mobile,13.84,7,1,No,Yes,Yes,No Membership,Yes
Female,49,32887.17,Desktop,9.29,7,2,Yes,No,Yes,Premium,Yes
Female,50,52813.47,Mobile,0.46,4,2,No,Yes,No,Basic,No
Male,43,61342.34,Mobile,3.14,6,2,Yes,Yes,No,Premium,Yes
Male,34,81298.46,Mobile,2.47,4,3,Yes,No,Yes,Basic,Yes
Female,56,55044.38,Desktop,9.23,8,1,No,No,No,Premium,Yes
Female,40,62659.74,Tablet,3.17,4,2,No,No,No,No Membership,Yes
Female,49,38223.52,Mobile,6.92,2,1,No,No,No,Basic,Yes
Male,32,34211.91,Mobile,5.53,5,0,No,No,No,Premium,No
Female,30,31904.7,Mobile,22.29,6,3,No,Yes,No,Basic,Yes
Female,19,47435.17,Desktop,16.66,4,4,Yes,Yes,No,Basic,Yes
Female,36,92116.92,Mobile,3.35,5,1,No,No,No,Premium,Yes
Male,41,47762.63,Desktop,7.71,7,1,Yes,No,Yes,Basic,Yes
Male,62,61563.27,Mobile,10.61,8,1,Yes,No,No,No Membership,Yes
Female,41,65027.76,Tablet,13.75,4,2,No,Yes,Yes,No Membership,Yes
Male,28,35352.48,Desktop,0.42,5,1,No,Yes,No,No Membership,No
Male,39,47168.08,Desktop,2.16,6,2,Yes,No,No,No Membership,No
Female,32,66239.47,Mobile,2.32,2,0,No,No,Yes,No Membership,No
Male,27,62709.89,Desktop,3.42,3,0,No,No,Yes,No Membership,Yes
Female,58,19108.1,Mobile,1.11,6,0,No,No,No,Premium,Yes
Male,44,65699.39,Mobile,4.11,3,2,Yes,No,No,Basic,Yes
Female,26,45082.17,Mobile,6.53,5,2,No,Yes,Yes,No Membership,Yes
Female,45,45553.29,Desktop,4.13,8,0,Yes,No,No,Basic,Yes
Male,18,62287.58,Desktop,6.58,2,3,Yes,No,No,No Membership,Yes
Male,34,82412.85,Mobile,0.41,3,1,No,No,No,No Membership,No
Male,48,51392.18,Desktop,12.52,3,1,No,No,Yes,Premium,Yes
Male,61,76222.9,Mobile,16.79,7,3,No,Yes,Yes,No Membership,Yes
Female,27,29063.39,Desktop,5.77,7,1,Yes,Yes,No,Basic,Yes
Female,54,57353.38,Desktop,12.79,7,0,Yes,No,Yes,No Membership,Yes
Male,46,45261.0,Desktop,0.85,3,1,Yes,Yes,Yes,No Membership,Yes
Male,35,60076.13,Mobile,9.58,2,1,Yes,Yes,No,Premium,Yes
Male,64,49666.47,Tablet,0.76,4,0,No,Yes,No,Basic,No
Female,55,30860.89,Desktop,3.15,5,4,No,No,No,No Membership,Yes
Male,56,39026.63,Desktop,2.35,7,3,Yes,Yes,No,Basic,Yes
Female,23,25422.38,Mobile,5.29,5,2,No,No,No,Premium,Yes
Female,57,31475.78,Desktop,2.15,4,0,No,No,No,Basic,No
Female,29,63645.84,Desktop,6.09,9,1,No,No,Yes,No Membership,Yes
Male,31,50481.33,Mobile,2.75,6,2,No,No,No,No Membership,No
Female,61,59155.56,Mobile,11.83,12,0,Yes,No,No,No Membership,Yes
Male,27,87680.39,Mobile,6.03,3,1,Yes,Yes,Yes,No Membership,Yes
Male,37,49672.51,Desktop,1.45,4,1,No,No,No,Basic,No
Female,32,66417.11,Mobile,2.46,6,6,No,Yes,No,No Membership,Yes
Female,48,55506.44,Mobile,11.28,6,5,No,Yes,No,No Membership,Yes
Male,24,104728.32,Desktop,2.93,4,1,Yes,Yes,No,No Membership,Yes
Male,58,12000.0,Mobile,4.6,2,0,No,Yes,No,No Membership,No
Male,27,42082.08,Mobile,6.28,5,4,No,No,Yes,Premium,Yes
Male,27,66772.43,Mobile,2.56,8,0,No,Yes,No,Premium,No
Male,56,41447.7,Desktop,2.09,6,0,No,Yes,No,No Membership,No
Male,45,65189.29,Desktop,3.87,2,2,No,Yes,No,Basic,Yes
Male,47,53918.57,Mobile,1.45,4,2,No,No,No,Basic,No
Female,54,70569.08,Tablet,2.01,4,2,No,No,No,Basic,No
Female,20,34621.79,Mobile,0.38,4,1,Yes,Yes,No,No Membership,No
Female,60,58111.16,Tablet,2.17,2,2,No,Yes,Yes,No Membership,No
Male,32,63388.33,Mobile,2.32,5,1,No,Yes,Yes,Basic,Yes
Female,38,57372.2,Mobile,19.59,8,1,Yes,Yes,No,Basic,Yes
Female,54,57689.42,Mobile,5.35,4,2,No,No,Yes,Basic,Yes
Female,29,76643.76,Mobile,9.29,7,2,Yes,Yes,No,No Membership,Yes
Female,21,24761.7,Mobile,0.28,2,2,No,No,No,Basic,No
Female,64,57249.41,Desktop,0.68,3,3,No,Yes,No,Basic,No
Female,26,33235.33,Desktop,10.11,3,0,No,Yes,Yes,Basic,No
Male,56,68637.0,Mobile,5.86,5,1,Yes,No,No,No Membership,Yes
Female,59,39917.2,Mobile,1.27,4,2,No,Yes,Yes,Basic,No
Female,45,12000.0,Mobile,3.11,6,6,No,No,No,No Membership,Yes
Female,40,69066.41,Mobile,4.64,6,0,Yes,Yes,No,Premium,No
Female,62,50169.32,Desktop,11.13,4,2,No,No,Yes,Premium,Yes
Male,57,61419.33,Mobile,0.37,3,0,No,No,No,Premium,No
Male,61,80686.16,Desktop,5.45,2,2,Yes,No,Yes,Premium,Yes
Female,39,61685.22,Mobile,7.57,5,1,Yes,Yes,Yes,Basic,No
Female,41,58049.71,Mobile,22.87,5,2,No,No,Yes,No Membership,Yes
Female,43,54149.13,Mobile,9.88,3,0,Yes,No,No,Premium,Yes
Male,47,34348.48,Mobile,1.94,2,1,Yes,No,No,No Membership,No
Male,50,51125.54,Mobile,7.42,3,0,No,Yes,No,Premium,Yes
Female,33,90530.17,Desktop,8.65,4,7,Yes,Yes,Yes,No Membership,Yes
Female,39,48246.05,Mobile,7.85,8,2,No,No,No,No Membership,Yes
Female,60,52191.75,Mobile,10.29,5,1,Yes,No,No,Premium,Yes
Male,35,77627.53,Desktop,14.04,7,1,Yes,No,No,No Membership,Yes
Female,24,27256.8,Mobile,0.62,2,4,No,Yes,No,Basic,Yes
Male,43,66162.23,Desktop,0.66,7,0,No,Yes,Yes,Basic,Yes
Female,25,26400.16,Mobile,9.55,4,1,No,Yes,No,No Membership,No
Male,23,62185.4,Mobile,1.75,3,2,Yes,Yes,Yes,No Membership,No
Male,47,54596.63,Desktop,0.36,5,0,Yes,Yes,No,No Membership,No
Female,56,66023.2,Desktop,3.08,4,0,Yes,No,No,Premium,No
Female,40,36775.46,Mobile,10.28,7,1,No,Yes,No,Basic,No
Male,49,45369.4,Mobile,0.81,7,0,No,Yes,No,Premium,No
Female,39,66952.95,Desktop,6.69,6,2,No,No,No,No Membership,No
Male,59,45823.01,Mobile,0.02,6,4,No,No,Yes,Basic,Yes
Male,60,68599.27,Mobile,0.7,3,1,Yes,No,Yes,No Membership,Yes
Male,62,58765.06,Desktop,2.59,9,1,No,No,No,Basic,Yes
Male,26,46976.47,Desktop,0.52,4,1,Yes,Yes,Yes,Basic,Yes
Female,48,49323.62,Desktop,11.22,7,4,No,No,No,Basic,Yes
Male,24,55063.09,Desktop,11.97,6,4,No,Yes,No,Basic,Yes
Male,26,51036.72,Desktop,8.45,1,1,Yes,Yes,No,No Membership,No
Female,30,68144.5,Desktop,1.67,0,2,Yes,No,No,Premium,No
Male,20,48316.97,Desktop,4.44,5,0,No,No,No,Basic,No
Female,52,44685.44,Mobile,1.22,7,0,No,No,No,No Membership,No
Male,50,71384.53,Mobile,1.98,6,1,Yes,Yes,Yes,Basic,No
Female,38,47401.68,Desktop,4.35,5,2,No,Yes,Yes,Premium,Yes
Male,48,45273.31,Desktop,7.97,1,2,Yes,No,No,Premium,Yes
Male,51,12000.0,Mobile,0.6,5,0,No,Yes,No,No Membership,No
Male,49,36288.94,Mobile,2.11,8,3,No,No,Yes,Basic,Yes
Male,52,39904.71,Tablet,15.67,9,1,No,Yes,No,Basic,Yes
Male,32,45277.65,Desktop,3.36,3,2,No,No,No,Basic,Yes
Female,49,42001.49,Mobile,16.77,3,2,No,No,No,Premium,Yes
Female,23,72694.9,Desktop,28.54,3,0,Yes,No,No,Basic,Yes
Female,62,41047.34,Tablet,4.49,3,3,No,Yes,Yes,Basic,Yes
Female,38,42388.73,Desktop,2.04,7,3,No,Yes,No,No Membership,Yes
Male,50,57801.78,Desktop,9.39,5,3,No,No,No,Basic,Yes
Male,49,35169.73,Mobile,1.04,5,3,Yes,Yes,No,No Membership,Yes
Male,36,83151.86,Desktop,1.74,3,1,No,No,Yes,Premium,Yes
Male,50,69438.82,Mobile,9.22,7,2,No,Yes,No,Premium,Yes
Female,45,33974.43,Desktop,3.41,7,1,Yes,No,Yes,Premium,No
Female,48,73246.01,Mobile,1.35,2,1,No,No,No,Basic,Yes
Male,38,,Mobile,6.32,6,2,Yes,No,Yes,Premium,Yes
Male,51,34441.93,Mobile,7.92,5,3,Yes,No,No,Premium,Yes
Female,32,34027.0,Mobile,0.8,2,2,Yes,Yes,No,Basic,Yes
Female,31,44012.56,Desktop,1.95,5,0,Yes,Yes,Yes,No Membership,Yes
Male,36,29526.31,Tablet,1.5,1,1,Yes,No,No,No Membership,No
Female,60,40954.81,Desktop,2.87,4,0,No,Yes,No,Premium,No
Female,32,47797.76,Desktop,8.65,7,0,No,Yes,No,Basic,No
Male,23,64074.74,Mobile,7.5,5,0,No,Yes,Yes,Premium,Yes
Male,26,56462.06,Desktop,6.52,5,1,Yes,Yes,No,Basic,Yes
Female,54,52335.61,Desktop,0.04,2,1,Yes,No,Yes,Basic,Yes
Female,37,46302.88,Desktop,0.92,5,5,No,Yes,No,Premium,Yes
Female,51,31456.8,Mobile,1.52,6,1,No,No,Yes,Basic,No
Male,55,65650.92,Desktop,1.9,3,0,Yes,Yes,No,Basic,No
Male,43,65248.73,Desktop,0.95,6,1,No,Yes,No,Basic,No
Female,35,43896.73,Mobile,3.17,4,2,No,Yes,No,No Membership,No
Female,45,35179.21,Desktop,0.47,5,2,No,No,No,Basic,No
Male,26,83009.88,Tablet,8.32,4,0,No,Yes,Yes,Basic,Yes
Female,49,59441.15,Mobile,9.3,9,0,No,Yes,No,Premium,Yes
Female,23,62145.43,Desktop,5.12,11,1,Yes,Yes,Yes,Premium,Yes
Female,31,62922.66,Desktop,0.56,5,3,Yes,No,Yes,Basic,Yes
Female,45,33355.29,Desktop,13.25,4,2,No,Yes,No,No Membership,Yes
Female,41,81986.98,Mobile,20.22,5,4,No,Yes,No,Basic,Yes
Male,30,47737.04,Desktop,1.36,4,3,No,No,No,No Membership,No
Female,60,69796.76,Mobile,7.32,6,1,No,Yes,Yes,Basic,Yes
Male,29,81251.79,Mobile,11.07,4,0,Yes,Yes,Yes,Basic,Yes
Female,36,56464.77,Desktop,4.66,5,2,No,Yes,No,No Membership,Yes
Male,38,33733.39,Desktop,2.34,5,0,No,Yes,No,Premium,Yes
Female,44,12000.0,Desktop,3.91,3,0,No,Yes,No,No Membership,Yes
Male,36,54308.52,Mobile,4.31,2,1,No,Yes,No,No Membership,No
Male,41,59502.6,Mobile,3.07,7,3,Yes,No,No,Basic,Yes
Male,43,44546.05,Tablet,15.94,6,1,No,Yes,No,No Membership,Yes
Male,62,57442.34,Mobile,8.17,4,2,Yes,No,Yes,Basic,Yes
Female,45,62746.21,Desktop,1.66,4,0,Yes,Yes,No,Premium,No
Female,63,72890.7,Desktop,5.28,4,2,Yes,No,Yes,Basic,Yes
Female,35,50885.82,Desktop,7.0,3,0,No,No,No,Premium,No
Male,61,54183.85,Mobile,0.91,5,1,No,No,Yes,No Membership,No
Male,53,51785.19,Desktop,2.66,5,0,Yes,No,No,No Membership,Yes
Male,59,55604.7,Desktop,14.16,0,0,No,No,No,Premium,No
Male,46,45762.68,Mobile,5.02,6,2,Yes,No,Yes,Basic,Yes
Female,34,45676.62,Mobile,1.47,5,0,No,Yes,No,Basic,No
Male,21,46809.59,Mobile,0.79,9,2,No,Yes,Yes,No Membership,Yes
Male,61,57812.79,Mobile,4.38,4,4,No,No,Yes,No Membership,No
Male,62,39748.35,Desktop,4.76,8,3,Yes,Yes,No,No Membership,No
Male,46,46882.11,Desktop,2.44,7,2,No,No,No,Basic,No
Female,21,87554.62,Tablet,5.97,4,1,No,Yes,No,Basic,Yes
Female,27,71135.19,Desktop,0.43,6,2,No,No,No,No Membership,No
Male,42,37772.54,Desktop,0.94,9,1,No,No,No,No Membership,No
Male,48,70564.11,Mobile,4.74,7,0,No,No,No,No Membership,No
Male,20,66293.06,Desktop,0.38,1,4,Yes,Yes,No,No Membership,Yes
Male,64,53129.45,Desktop,12.77,7,4,No,No,No,Basic,No
Male,19,42256.49,Tablet,0.92,9,3,No,No,Yes,Basic,Yes
Female,42,40212.75,Desktop,6.72,4,1,Yes,Yes,No,No Membership,Yes
Female,23,59029.12,Tablet,2.98,5,2,No,Yes,No,No Membership,Yes
Female,43,39767.79,Desktop,3.06,2,3,No,No,No,No Membership,Yes
Male,25,74749.98,Desktop,8.69,5,0,No,Yes,Yes,Basic,Yes
Male,52,79854.52,Mobile,4.15,2,0,Yes,No,Yes,No Membership,No
Female,44,54229.52,Desktop,7.76,0,1,Yes,No,No,No Membership,No
Female,42,75498.05,Desktop,4.22,4,1,No,Yes,No,No Membership,Yes
Female,35,47592.12,Mobile,5.39,5,2,Yes,No,No,No Membership,Yes
Male,18,42141.67,Mobile,8.58,5,0,Yes,Yes,Yes,Premium,Yes
Female,56,74804.95,Desktop,5.61,5,2,Yes,No,No,No Membership,Yes
Male,20,83437.61,Mobile,5.74,5,0,No,Yes,No,Premium,Yes
Female,21,90336.84,Mobile,9.34,6,0,No,Yes,No,Basic,No
Female,58,60987.79,Desktop,17.87,8,1,No,No,Yes,Basic,Yes
Female,54,70517.99,Tablet,2.84,6,2,No,No,No,No Membership,No
Male,32,60591.11,Desktop,5.16,2,2,Yes,Yes,Yes,Premium,Yes
Female,25,80260.82,Mobile,0.54,5,2,Yes,No,Yes,Basic,No
Male,55,62799.11,Mobile,2.67,1,2,Yes,Yes,No,Basic,Yes
Male,36,69491.51,Mobile,3.19,3,2,No,No,No,Basic,Yes
Male,64,34562.47,Mobile,10.82,10,2,No,Yes,No,Basic,Yes
Female,43,50839.07,Mobile,4.32,3,2,No,No,No,No Membership,No
Male,56,69645.45,Tablet,7.88,6,0,No,No,No,Basic,No
Male,27,68031.51,Desktop,0.12,3,2,Yes,Yes,Yes,Basic,Yes
Female,55,71180.26,Mobile,3.75,3,3,No,No,Yes,No Membership,Yes
Male,31,57171.78,Mobile,13.9,6,2,Yes,No,Yes,No Membership,Yes
Female,58,43263.6,Mobile,1.52,5,3,Yes,No,No,No Membership,No
Male,36,53938.96,Mobile,0.19,5,0,Yes,Yes,Yes,No Membership,No
Male,47,55846.62,Mobile,3.41,3,1,Yes,No,No,Basic,No
Female,22,59351.33,Tablet,7.31,4,2,Yes,Yes,No,No Membership,Yes
Male,48,37578.42,Mobile,3.64,4,2,Yes,Yes,No,No Membership,No
Male,24,50214.4,Mobile,3.7,7,0,No,No,No,Basic,Yes
Female,36,53403.98,Mobile,6.65,3,2,Yes,Yes,No,Basic,No
Female,48,14640.01,Desktop,1.76,2,0,No,No,Yes,No Membership,No
Female,56,69985.09,Mobile,8.36,4,1,Yes,No,Yes,Basic,Yes
Male,41,57952.29,Mobile,1.0,4,0,Yes,No,No,Basic,Yes
Male,51,59775.74,Mobile,3.02,4,0,No,Yes,No,Premium,Yes
Female,40,45721.07,Desktop,6.4,2,2,No,No,No,No Membership,No
Female,62,65552.51,Mobile,10.57,6,3,Yes,Yes,No,Premium,Yes
Female,57,40025.34,Mobile,9.41,7,3,No,No,No,Basic,Yes
Female,23,42853.34,Mobile,7.67,7,2,Yes,No,No,Basic,Yes
Female,55,66309.94,Mobile,2.67,4,2,Yes,No,No,Basic,Yes
Male,58,61428.91,Mobile,0.78,4,0,No,No,No,Premium,No
Male,53,32003.2,Mobile,1.47,4,2,No,Yes,Yes,Basic,Yes
Female,44,83392.68,Mobile,12.01,5,1,Yes,Yes,Yes,Basic,Yes
Male,28,41347.04,Mobile,11.68,7,2,No,Yes,Yes,Basic,Yes
Male,22,52613.32,Mobile,18.16,6,2,No,Yes,No,Premium,Yes
Female,34,86442.17,Mobile,0.47,3,3,No,Yes,No,No Membership,Yes
Female,24,17923.93,Mobile,4.62,8,0,Yes,No,No,No Membership,Yes
Male,44,24287.31,Tablet,6.28,4,2,No,Yes,No,Basic,No
Male,64,62954.81,Desktop,7.44,4,0,Yes,No,No,No Membership,No
Male,32,12000.0,Desktop,6.19,1,1,No,No,No,Premium,No
Female,63,18217.12,Desktop,8.82,3,1,No,Yes,No,No Membership,No
Female,30,76152.84,Tablet,2.67,5,1,Yes,No,No,No Membership,No
Male,28,47640.28,Desktop,1.19,6,2,No,No,No,No Membership,No
Male,62,94529.61,Desktop,1.37,7,2,No,No,Yes,Basic,Yes
Female,43,36374.14,Mobile,0.07,5,3,No,No,No,Basic,No
Male,39,49267.33,Mobile,2.59,8,1,Yes,No,No,Premium,Yes
Female,45,64731.35,Desktop,0.58,3,1,Yes,Yes,No,Premium,Yes
Female,41,63487.51,Tablet,2.33,5,2,No,Yes,No,No Membership,Yes
Male,46,50411.81,Mobile,5.94,2,1,Yes,No,No,No Membership,No
Female,26,43327.72,Desktop,13.49,5,2,Yes,Yes,No,Basic,Yes
Male,59,59164.52,Mobile,10.98,2,3,Yes,No,No,No Membership,Yes
Male,21,79783.95,Mobile,1.75,6,2,Yes,No,No,Basic,Yes
Female,63,68730.56,Mobile,0.86,7,1,Yes,Yes,No,No Membership,Yes
Male,35,43615.57,Mobile,1.29,3,0,No,Yes,No,No Membership,No
Female,60,37148.09,Mobile,21.24,4,1,No,Yes,Yes,No Membership,Yes
Female,33,42529.8,Desktop,4.78,5,1,No,No,No,No Membership,No
Male,50,32072.63,Desktop,1.21,6,1,No,Yes,Yes,Basic,Yes
Male,46,57653.37,Desktop,11.02,6,3,Yes,Yes,No,Basic,Yes
Male,56,69648.15,Mobile,3.02,5,1,No,Yes,No,Premium,Yes
Male,27,53715.88,Desktop,13.77,4,3,Yes,Yes,No,No Membership,Yes
Male,26,85955.8,Mobile,1.81,7,2,Yes,No,No,Basic,Yes
Male,48,86957.46,Mobile,3.0,6,1,Yes,No,Yes,No Membership,Yes
Male,45,60539.23,Desktop,4.22,4,0,No,No,Yes,Basic,Yes
Female,20,67634.88,Mobile,13.39,5,0,Yes,No,No,No Membership,Yes
Female,31,38791.76,Mobile,12.18,7,0,No,No,No,No Membership,Yes
Female,42,48505.48,Mobile,5.12,3,2,Yes,No,No,Premium,Yes
Male,32,77900.87,Desktop,1.5,4,2,No,No,No,No Membership,Yes
Male,19,44573.09,Mobile,3.1,3,0,No,Yes,No,No Membership,No
Female,41,81772.84,Desktop,22.29,6,2,No,Yes,Yes,Premium,Yes
Male,31,75026.15,Desktop,5.62,8,1,No,No,No,No Membership,Yes
Male,24,68529.23,Desktop,9.11,2,2,No,Yes,Yes,Basic,No
Female,53,33891.49,Desktop,3.59,8,1,No,No,No,Premium,Yes
Female,41,49384.24,Mobile,4.56,1,0,No,No,No,Premium,No
Female,44,66595.76,Mobile,3.36,7,2,No,Yes,No,Basic,No
Male,54,37256.53,Mobile,7.28,9,0,Yes,No,Yes,Premium,Yes
Female,55,51578.61,Mobile,11.44,8,1,Yes,Yes,No,Basic,Yes
Female,47,68538.36,Desktop,4.25,3,3,Yes,Yes,No,Basic,Yes
Female,44,44772.9,Mobile,3.93,3,4,No,No,No,Premium,Yes
Female,56,39763.82,Mobile,2.5,5,1,No,Yes,No,Basic,No
Female,32,22586.06,Desktop,1.17,8,2,Yes,No,No,No Membership,No
Female,43,48040.58,Desktop,16.81,6,2,Yes,No,No,Premium,No
Male,18,,Desktop,2.28,5,0,Yes,Yes,Yes,Premium,Yes
Female,21,39287.73,Desktop,9.68,14,0,Yes,Yes,No,No Membership,Yes
Female,46,55321.7,Desktop,7.54,5,1,No,No,No,Basic,No
Female,18,50964.23,Desktop,9.39,2,1,Yes,No,No,Basic,Yes
Male,60,43000.78,Mobile,16.57,8,2,No,No,No,No Membership,Yes
Male,63,70078.7,Tablet,5.86,4,3,Yes,No,No,No Membership,Yes
Female,39,84560.9,Desktop,13.69,4,1,Yes,Yes,No,Basic,No
Female,28,73078.08,Mobile,1.1,4,3,Yes,Yes,No,No Membership,Yes
Female,27,42473.14,Mobile,5.91,6,1,Yes,No,No,Premium,Yes
Female,34,90862.58,Desktop,8.88,3,4,Yes,No,Yes,Basic,Yes
Female,53,73025.25,Tablet,1.9,6,5,Yes,Yes,Yes,Premium,Yes
Female,64,46767.57,Mobile,8.1,3,1,Yes,Yes,No,No Membership,No
Female,43,41044.13,Mobile,9.04,6,3,No,No,No,Premium,Yes
Female,38,75178.71,Desktop,10.67,3,3,Yes,No,Yes,Premium,Yes
Female,30,58127.85,Tablet,2.25,6,1,No,No,Yes,Basic,Yes
Male,26,39686.23,Mobile,6.87,4,2,No,No,Yes,No Membership,No
Male,28,52334.04,Mobile,2.18,7,2,No,Yes,Yes,Basic,Yes
Female,28,47670.46,Desktop,8.06,5,3,No,No,No,Basic,No
Male,23,40166.94,Mobile,3.73,10,1,No,No,No,No Membership,Yes
Male,18,73262.55,Desktop,5.46,7,1,Yes,No,No,No Membership,Yes
Male,23,69071.04,Mobile,3.23,2,1,Yes,No,Yes,Premium,Yes
Male,30,70093.75,Mobile,1.06,5,0,No,No,Yes,Basic,No
Male,39,,Mobile,1.18,6,1,No,Yes,Yes,Premium,Yes
Male,48,38511.39,Mobile,0.48,4,3,No,No,Yes,No Membership,No
Female,39,44133.63,Mobile,5.78,5,2,No,No,Yes,No Membership,No
Female,54,81255.84,Mobile,11.33,6,4,No,Yes,No,Basic,Yes
Male,64,56944.22,Desktop,0.13,8,2,Yes,Yes,No,No Membership,Yes
Male,44,28531.53,Mobile,0.41,7,2,No,No,Yes,No Membership,No
Female,31,58905.0,Tablet,3.67,4,1,No,Yes,Yes,Premium,No
Male,64,66786.24,Mobile,8.03,6,2,No,Yes,Yes,No Membership,Yes
Female,22,64432.75,Desktop,1.03,4,1,No,No,No,Basic,No
Female,53,38118.35,Mobile,1.9,5,1,Yes,Yes,No,Premium,Yes
Female,49,88960.99,Mobile,1.58,10,1,Yes,Yes,No,Basic,Yes
Male,51,27989.3,Desktop,3.06,3,1,Yes,No,No,No Membership,No
Female,24,56996.14,Desktop,1.53,3,1,No,Yes,Yes,No Membership,No
Male,59,86257.95,Desktop,2.61,6,2,Yes,No,Yes,No Membership,Yes
Female,27,65649.83,Desktop,7.82,4,1,No,No,Yes,Premium,No
Female,34,70051.95,Desktop,5.67,6,5,Yes,No,Yes,Premium,Yes
Male,47,36043.05,Mobile,0.51,6,3,No,Yes,No,No Membership,Yes
Male,38,61246.84,Desktop,6.09,8,1,No,Yes,Yes,No Membership,Yes
Male,30,54341.15,Desktop,3.89,7,2,Yes,No,No,Basic,Yes
Female,18,34659.2,Tablet,16.36,3,0,Yes,Yes,No,Basic,No
Male,18,70571.29,Desktop,2.05,5,2,Yes,Yes,No,No Membership,No
Female,64,40249.24,Mobile,7.77,3,1,Yes,Yes,Yes,Premium,Yes
Male,50,42383.36,Mobile,7.88,7,0,No,No,No,Basic,No
Female,55,62786.43,Desktop,1.5,3,2,No,Yes,No,No Membership,Yes
Female,42,52421.58,Desktop,14.01,4,0,No,Yes,No,No Membership,No
Female,43,58047.18,Desktop,4.05,6,0,Yes,Yes,No,Basic,Yes
Female,30,51319.01,Desktop,6.82,6,1,Yes,No,Yes,Basic,Yes
Male,45,80435.1,Mobile,0.95,8,2,Yes,Yes,No,No Membership,Yes
Male,50,38349.45,Mobile,1.79,7,3,Yes,No,Yes,Basic,Yes
Female,54,46633.44,Mobile,5.29,4,0,Yes,No,No,No Membership,No
Male,58,63661.09,Desktop,2.31,4,2,Yes,Yes,No,Basic,No
Male,47,37217.48,Desktop,4.16,4,0,Yes,Yes,Yes,Basic,Yes
Male,25,36419.98,Mobile,2.81,6,2,No,Yes,No,No Membership,No
Male,64,57479.39,Desktop,6.14,7,1,No,Yes,No,Basic,No
Male,18,70612.36,Mobile,4.01,8,0,Yes,No,Yes,Basic,Yes
Female,29,72961.8,Mobile,0.03,3,3,No,Yes,No,No Membership,Yes
Male,22,56651.32,Desktop,6.29,4,1,Yes,No,No,Premium,Yes
Female,41,42901.61,Mobile,3.29,1,1,No,No,No,Premium,No
Male,23,59961.94,Desktop,2.51,5,1,No,Yes,No,No Membership,Yes
Female,42,65190.49,Desktop,0.59,5,1,Yes,No,No,No Membership,No
Male,18,59713.49,Desktop,1.49,5,0,No,Yes,Yes,No Membership,Yes
Female,42,77215.06,Mobile,1.52,1,4,No,No,No,Basic,No
Female,18,36745.1,Mobile,16.43,7,1,Yes,Yes,No,Premium,Yes
Male,49,42454.43,Desktop,3.4,3,2,No,Yes,Yes,No Membership,Yes
Female,59,74716.29,Desktop,0.26,6,0,Yes,Yes,No,Basic,No
Female,59,28485.64,Desktop,0.9,4,2,Yes,Yes,No,No Membership,No
Female,20,45291.06,Mobile,0.49,3,2,Yes,No,No,Basic,Yes
Female,36,41832.27,Mobile,5.33,9,2,No,Yes,No,Basic,Yes
Male,60,26844.31,Desktop,1.24,4,1,Yes,No,No,Basic,Yes
Female,46,51631.32,Desktop,4.14,8,0,Yes,No,No,Premium,No
Male,19,68433.29,Mobile,2.77,6,0,Yes,Yes,No,Basic,No
Male,26,57813.9,Mobile,9.77,2,1,Yes,No,Yes,No Membership,No
Female,34,69392.87,Desktop,2.32,9,2,Yes,No,No,Basic,No
Male,63,76455.21,Mobile,3.68,4,1,No,No,Yes,No Membership,Yes
Female,53,48058.63,Mobile,7.67,6,0,No,Yes,Yes,Basic,No
Female,34,102643.23,Mobile,3.41,8,2,No,Yes,No,Premium,Yes
Female,29,48782.52,Mobile,9.46,9,3,No,Yes,No,No Membership,Yes
Female,37,51174.44,Desktop,6.5,5,1,No,No,Yes,Basic,Yes
Male,20,42262.83,Mobile,3.17,7,1,No,Yes,No,No Membership,Yes
Male,60,64817.01,Mobile,4.21,6,3,Yes,No,Yes,No Membership,Yes
Male,21,49770.94,Mobile,20.5,5,1,No,Yes,No,Premium,Yes
Male,34,53579.94,Mobile,6.5,6,1,No,No,No,Basic,Yes
Male,54,51306.17,Desktop,14.12,6,1,Yes,No,No,Premium,Yes
Male,63,50897.72,Mobile,1.18,6,1,No,Yes,No,No Membership,No
Female,59,57849.15,Desktop,3.96,6,1,No,Yes,No,No Membership,Yes
Female,32,46895.98,Mobile,14.36,5,3,No,No,No,No Membership,Yes
Male,50,47740.68,Mobile,2.34,6,0,No,No,No,No Membership,No
Female,33,74311.33,Mobile,20.59,3,0,No,No,No,No Membership,Yes
Male,28,49716.6,Mobile,0.61,2,1,No,No,No,Basic,No
Male,37,61903.94,Desktop,13.98,11,4,No,No,No,Premium,Yes
Female,55,38989.15,Mobile,3.54,8,2,Yes,Yes,No,No Membership,Yes
Female,41,46995.58,Desktop,0.46,8,2,No,No,No,No Membership,Yes
Female,33,32813.91,Mobile,12.7,1,1,No,Yes,Yes,Basic,Yes
Male,47,88379.8,Mobile,1.74,7,3,No,No,No,No Membership,No
Female,51,79758.27,Mobile,0.14,6,2,No,No,Yes,Basic,Yes
Female,18,65718.26,Desktop,0.88,3,1,No,No,No,Premium,Yes
Female,41,93719.85,Mobile,6.46,9,3,No,No,Yes,Basic,Yes
Female,41,68865.15,Mobile,22.85,7,4,No,Yes,No,No Membership,Yes
Female,26,51904.44,Mobile,0.71,5,0,No,No,No,Basic,No
Female,39,61705.35,Mobile,3.72,4,0,No,No,No,No Membership,No
Female,29,79494.15,Tablet,1.2,6,0,Yes,No,No,Basic,Yes
Female,34,39154.31,Mobile,8.2,6,1,No,Yes,Yes,No Membership,Yes
Female,42,33889.28,Desktop,0.75,1,4,Yes,Yes,No,Basic,Yes
Male,45,62309.42,Desktop,1.65,7,1,Yes,Yes,No,Premium,Yes
Female,32,44436.7,Mobile,1.31,4,0,No,No,No,Basic,No
Male,47,14321.78,Mobile,4.82,4,3,No,Yes,No,No Membership,Yes
Male,44,32627.2,Desktop,12.39,6,2,No,No,No,Premium,Yes
Female,39,49394.36,Mobile,4.29,2,2,No,Yes,Yes,No Membership,No
Female,27,55867.4,Mobile,0.36,5,1,No,Yes,No,No Membership,No
Female,48,56403.44,Desktop,4.97,2,2,No,Yes,No,Basic,No
Male,44,91093.53,Desktop,9.58,5,4,Yes,No,No,Premium,Yes
Female,29,51262.75,Desktop,0.85,5,1,Yes,No,No,Basic,No
Male,63,60006.26,Desktop,0.45,1,3,No,Yes,No,Basic,Yes
Female,48,25733.94,Mobile,1.25,7,1,Yes,Yes,No,No Membership,No
Female,49,54439.56,Mobile,8.22,3,2,No,No,Yes,Basic,Yes
Female,49,61015.58,Mobile,5.37,4,0,No,No,Yes,Premium,Yes
Female,58,30245.33,Desktop,4.67,2,0,No,No,No,Basic,No
Female,62,38188.14,Tablet,1.72,5,0,No,No,No,Basic,No
Female,52,63805.04,Mobile,2.42,4,1,No,No,No,Premium,Yes
Male,63,45166.13,Mobile,20.27,6,2,No,No,Yes,Premium,Yes
Male,38,53154.25,Mobile,1.65,2,2,No,No,No,Basic,Yes
Female,27,64734.0,Desktop,13.92,2,0,No,No,No,Premium,Yes
Female,33,91663.7,Desktop,5.21,7,2,Yes,No,No,No Membership,Yes
Male,24,51007.87,Mobile,0.79,2,1,No,No,No,No Membership,No
Female,21,86845.57,Tablet,3.78,7,4,Yes,Yes,No,No Membership,Yes
Male,44,19742.07,Desktop,17.8,2,1,No,No,No,No Membership,Yes
Female,42,57670.53,Mobile,3.25,7,1,No,Yes,No,No Membership,Yes
Female,48,48986.39,Tablet,11.94,7,0,Yes,No,No,Premium,Yes
Female,28,45415.74,Mobile,1.78,6,1,No,Yes,No,Basic,No
Female,37,66845.22,Mobile,5.08,7,1,No,Yes,No,Basic,Yes
Male,53,51136.83,Mobile,11.14,7,0,No,No,No,No Membership,No
Male,34,18550.84,Desktop,15.21,4,4,No,Yes,Yes,No Membership,Yes
Female,62,26409.35,Desktop,3.99,4,1,Yes,No,No,Basic,Yes
Female,28,67996.49,Mobile,6.12,2,2,No,Yes,No,Basic,Yes
Male,47,25529.9,Tablet,0.02,3,1,No,No,No,Premium,No
Female,52,68478.78,Mobile,1.75,4,2,Yes,No,Yes,Basic,Yes
Male,58,57245.92,Desktop,1.96,5,1,No,Yes,Yes,Premium,Yes
Female,55,51934.88,Desktop,0.59,3,1,Yes,Yes,No,Basic,No
Female,39,53533.46,Mobile,1.97,4,1,No,No,Yes,No Membership,No
Male,60,64265.64,Mobile,2.32,2,1,Yes,No,No,No Membership,No
Male,44,33805.25,Desktop,20.8,6,3,Yes,No,No,Basic,Yes
Female,54,55761.24,Mobile,6.63,4,4,No,Yes,Yes,Basic,Yes
Female,63,34488.95,Desktop,3.33,3,0,No,No,Yes,No Membership,Yes
Female,52,57945.61,Mobile,26.56,7,1,Yes,No,No,No Membership,Yes
Female,21,66636.58,Desktop,1.0,5,2,Yes,No,Yes,No Membership,Yes
Female,33,57987.03,Mobile,3.88,9,1,No,No,No,Basic,Yes
Female,33,65954.84,Mobile,6.25,7,1,No,Yes,No,Basic,No
Female,38,42399.73,Mobile,0.34,3,3,Yes,Yes,No,No Membership,Yes
Male,43,53880.76,Desktop,7.57,4,0,No,No,No,No Membership,Yes
Male,53,50716.44,Mobile,0.63,8,0,Yes,Yes,Yes,Basic,Yes
Male,36,49538.09,Mobile,0.91,7,1,No,Yes,No,No Membership,Yes
Female,34,40588.46,Tablet,1.04,5,0,Yes,No,No,Premium,Yes
Male,62,47227.19,Desktop,15.86,3,2,Yes,Yes,No,Basic,Yes
Female,43,34971.32,Mobile,6.9,6,0,Yes,No,No,Premium,No
Female,39,24505.22,Tablet,6.39,2,1,No,Yes,No,Premium,Yes
Female,45,42387.1,Desktop,4.86,11,3,No,No,No,Basic,No
Male,18,66267.27,Mobile,2.08,4,1,No,No,Yes,Premium,No
Male,61,59213.19,Mobile,5.82,7,1,No,No,Yes,No Membership,No
Male,53,32381.14,Desktop,3.17,7,1,Yes,Yes,No,No Membership,Yes
Male,60,47691.8,Desktop,0.94,6,1,Yes,Yes,No,Basic,Yes
Male,54,67464.36,Mobile,7.02,7,1,No,No,Yes,No Membership,Yes
Female,19,46927.16,Mobile,0.83,4,1,No,No,No,Basic,Yes
Female,34,29480.21,Mobile,1.27,2,0,No,Yes,No,No Membership,No
Female,57,95637.31,Desktop,10.21,8,1,No,Yes,Yes,Premium,Yes
Female,55,51994.74,Mobile,6.47,5,4,Yes,Yes,No,No Membership,Yes
Male,38,34055.58,Mobile,5.98,5,1,No,Yes,Yes,Basic,Yes
Female,26,58082.74,Desktop,3.25,3,4,No,No,No,Basic,No
Female,30,53459.14,Desktop,3.03,4,1,No,No,Yes,Basic,No
Male,28,27253.39,Mobile,7.03,2,2,No,No,No,Basic,Yes
Female,33,56680.64,Mobile,8.08,7,3,No,Yes,No,Basic,Yes
Male,33,72707.24,Mobile,4.28,6,0,Yes,No,Yes,Basic,Yes
Female,19,50807.62,Mobile,20.89,1,3,Yes,No,No,Premium,Yes
Female,59,17916.43,Tablet,18.7,4,4,Yes,Yes,Yes,Basic,Yes
Male,61,61154.59,Desktop,3.19,6,2,Yes,Yes,Yes,Basic,Yes
Female,25,65852.2,Mobile,10.31,7,2,No,No,No,Basic,Yes
Female,60,44444.58,Mobile,4.7,6,1,No,No,No,No Membership,No
Female,59,44576.89,Mobile,4.3,4,3,No,No,No,Premium,No
Male,30,95641.41,Desktop,0.34,4,2,No,No,No,Basic,No
Female,34,43152.14,Mobile,5.12,10,2,No,Yes,Yes,Premium,Yes
Male,56,34806.14,Desktop,13.85,5,3,No,Yes,Yes,Basic,Yes
Male,41,55452.05,Desktop,9.09,8,2,No,Yes,No,Premium,Yes
Male,20,65347.16,Mobile,9.26,8,1,No,No,No,Basic,Yes
Female,47,64583.81,Desktop,1.05,3,1,Yes,No,No,Basic,Yes
Female,30,12000.0,Desktop,2.66,6,1,Yes,No,No,No Membership,No
Female,36,43106.83,Desktop,1.59,7,1,Yes,Yes,No,Basic,Yes
Female,24,75751.98,Tablet,2.28,6,1,No,No,No,Premium,Yes
Male,26,60880.41,Mobile,5.2,5,1,No,No,Yes,No Membership,No
Male,36,32755.75,Mobile,2.72,6,0,No,Yes,No,No Membership,No
Male,62,77363.37,Desktop,4.94,2,2,No,No,No,No Membership,No
Male,57,72368.16,Desktop,3.46,4,1,No,No,No,Basic,Yes
Male,39,49661.17,Tablet,2.03,4,1,Yes,No,No,No Membership,No
Male,35,70830.41,Mobile,0.6,2,1,Yes,Yes,No,Basic,Yes
Male,40,90995.6,Desktop,13.34,3,1,No,No,No,No Membership,Yes
Male,19,36021.16,Mobile,0.07,5,2,No,No,Yes,Basic,No
Male,28,64998.03,Mobile,0.01,5,0,No,No,No,Basic,Yes
Male,48,90747.01,Mobile,10.52,5,4,Yes,Yes,No,Basic,Yes
Female,50,66754.53,Mobile,34.49,8,2,Yes,Yes,No,Basic,Yes
Female,31,41421.11,Mobile,7.79,3,0,Yes,No,No,No Membership,No
Female,33,59300.44,Desktop,0.09,3,0,No,Yes,No,Basic,No
Male,28,79657.9,Mobile,1.54,5,3,No,No,No,Basic,No
Male,50,36716.2,Mobile,21.42,1,4,No,Yes,No,Basic,Yes
Female,24,54458.26,Mobile,9.92,5,1,No,No,Yes,Basic,Yes
Male,48,50617.31,Mobile,5.02,5,1,No,No,No,Basic,Yes
Male,63,43634.59,Tablet,1.62,3,2,No,No,No,Premium,Yes
Male,64,59347.99,Mobile,0.09,4,2,No,Yes,No,No Membership,No
Male,31,53187.09,Mobile,0.13,5,0,No,No,No,Premium,No
Male,45,66580.3,Desktop,5.68,4,3,No,Yes,Yes,No Membership,Yes
Male,60,75537.45,Desktop,0.13,8,4,Yes,No,No,Premium,Yes
Female,33,32089.05,Desktop,30.34,3,3,Yes,No,Yes,Basic,Yes
Male,36,56215.56,Desktop,1.22,5,2,No,Yes,No,Premium,Yes
Male,34,54043.73,Tablet,7.44,7,1,No,No,Yes,No Membership,No
Female,43,58661.46,Mobile,1.01,8,2,Yes,Yes,Yes,Premium,Yes
Male,23,54721.52,Tablet,4.66,5,0,Yes,No,No,Premium,Yes
Male,60,37348.07,Desktop,0.5,1,2,No,No,Yes,No Membership,No
Female,26,81185.49,Desktop,8.73,4,3,No,Yes,Yes,No Membership,Yes
Male,34,88853.7,Desktop,5.28,3,0,Yes,Yes,No,Premium,Yes
Male,48,64844.01,Desktop,0.54,4,0,No,Yes,No,Premium,Yes
Male,29,65765.83,Mobile,11.33,4,1,Yes,Yes,No,Basic,Yes
Male,40,57358.88,Mobile,4.75,1,0,Yes,Yes,No,Basic,Yes
Female,22,72445.66,Tablet,15.27,3,1,No,No,No,No Membership,Yes
Female,60,12000.0,Mobile,14.91,10,4,No,No,No,No Membership,Yes
Male,53,54930.48,Mobile,15.19,2,0,No,No,No,Basic,No
Female,53,44692.71,Desktop,0.49,4,3,No,No,No,No Membership,Yes
Female,20,57624.73,Mobile,0.77,5,0,No,No,No,Basic,Yes
Male,41,74667.3,Mobile,26.39,8,4,Yes,Yes,No,Basic,Yes
Female,34,55342.62,Desktop,4.01,4,0,Yes,No,Yes,Basic,No
Male,56,48511.14,Desktop,1.63,2,1,Yes,Yes,No,Premium,No
Male,43,29741.12,Mobile,8.81,2,1,No,Yes,Yes,Basic,Yes
Male,21,53033.02,Tablet,1.84,5,1,No,Yes,No,No Membership,No
Male,62,67101.0,Mobile,7.79,4,1,Yes,No,No,No Membership,Yes
Male,29,39860.41,Mobile,10.89,4,1,No,Yes,No,Basic,Yes
Female,18,18939.88,Mobile,9.2,7,1,No,Yes,Yes,Basic,No
Male,38,95936.32,Desktop,1.92,5,2,Yes,Yes,Yes,Basic,Yes
Male,36,61033.16,Mobile,3.08,3,2,No,Yes,No,Premium,Yes
Male,38,51011.68,Mobile,3.2,2,2,Yes,No,Yes,Basic,Yes
Female,35,80037.91,Desktop,4.06,4,1,Yes,No,Yes,Premium,Yes
Female,60,57546.63,Mobile,1.1,5,1,Yes,Yes,Yes,Basic,No
Female,20,78976.57,Desktop,3.61,4,3,No,Yes,No,Basic,Yes
Female,61,77434.5,Desktop,4.29,3,1,No,No,No,Premium,No
Female,49,32058.62,Tablet,4.55,5,0,No,No,Yes,No Membership,Yes
Male,27,63279.9,Desktop,10.29,4,1,No,No,No,No Membership,No
Female,57,86055.14,Mobile,4.37,7,1,Yes,No,No,No Membership,No
Female,32,37024.29,Mobile,1.57,8,1,No,No,No,Premium,No
Female,22,37245.26,Desktop,6.53,5,0,Yes,Yes,Yes,Premium,Yes
Female,21,40290.38,Desktop,9.58,3,0,No,No,No,No Membership,No
Male,45,71027.53,Mobile,2.31,7,0,No,Yes,No,Basic,Yes
Male,21,60118.94,Desktop,6.22,8,1,Yes,No,Yes,Premium,Yes
Male,32,20156.1,Mobile,0.95,7,1,Yes,No,No,Basic,Yes
Female,34,61137.03,Tablet,2.51,6,1,No,Yes,No,No Membership,Yes
Male,61,50465.53,Tablet,14.4,6,0,No,Yes,No,Premium,Yes
Male,20,52979.03,Tablet,14.54,1,1,No,No,Yes,No Membership,Yes
Female,27,39933.64,Desktop,5.14,3,2,No,No,Yes,Premium,Yes
Male,64,61268.65,Tablet,7.27,3,0,Yes,No,Yes,Basic,No
Female,59,73908.25,Mobile,11.55,4,0,No,No,No,No Membership,Yes
Male,40,43444.61,Desktop,19.1,2,0,No,Yes,Yes,Premium,Yes
Male,35,24715.79,Desktop,4.04,10,0,Yes,No,No,Basic,Yes
Male,18,49543.94,Tablet,4.95,4,1,Yes,No,No,Basic,No
Female,52,68613.16,Desktop,3.22,4,4,No,No,No,Basic,Yes
Male,48,47421.45,Mobile,0.45,7,1,No,Yes,No,Basic,No
Male,61,28044.12,Desktop,3.3,3,2,No,No,No,Premium,Yes
Female,18,68738.37,Desktop,9.38,4,1,Yes,No,No,No Membership,Yes
Male,20,80476.27,Mobile,9.81,5,2,Yes,No,No,Basic,Yes
Female,20,55360.28,Mobile,13.37,7,2,Yes,Yes,Yes,No Membership,Yes
Female,54,26095.76,Desktop,0.32,6,2,Yes,Yes,No,No Membership,Yes
Male,36,49279.05,Mobile,4.49,4,1,Yes,Yes,No,No Membership,Yes
Female,46,57727.7,Mobile,0.68,4,3,Yes,No,No,No Membership,Yes
Male,42,40425.16,Mobile,1.34,6,1,Yes,No,No,Premium,Yes
Female,50,65500.7,Tablet,13.83,2,0,No,Yes,Yes,Basic,Yes
Male,53,38665.7,Desktop,4.12,3,3,Yes,No,Yes,Premium,Yes
Female,46,55461.3,Mobile,8.53,6,1,No,No,No,Premium,Yes
Male,43,50890.2,Desktop,0.4,2,0,Yes,Yes,No,Basic,No
Female,21,66085.39,Desktop,3.24,4,3,No,Yes,Yes,No Membership,Yes
Male,31,54743.15,Mobile,6.73,4,1,Yes,No,No,Premium,Yes
Male,44,51463.15,Mobile,0.86,6,1,Yes,No,Yes,No Membership,Yes
Male,50,40548.43,Desktop,2.37,5,1,No,No,Yes,Premium,Yes
Male,39,55625.84,Mobile,0.4,4,0,No,No,No,Premium,No
Female,20,50316.26,Desktop,6.32,5,2,Yes,Yes,No,No Membership,No
Male,40,39330.46,Mobile,21.22,9,4,Yes,No,No,Basic,Yes
Female,38,57870.84,Mobile,10.53,9,2,No,No,Yes,No Membership,No
Female,58,61551.48,Tablet,22.04,8,2,No,Yes,No,Premium,Yes
Female,40,48908.67,Mobile,11.21,7,1,Yes,No,No,No Membership,No
Male,21,71768.25,Desktop,11.59,6,3,No,No,No,Basic,Yes
Male,38,59751.54,Mobile,5.16,5,2,Yes,Yes,No,No Membership,No
Female,54,31890.63,Mobile,4.38,3,2,No,No,No,Basic,No
Male,60,79073.09,Mobile,3.13,4,1,No,Yes,No,No Membership,Yes
Male,48,68805.78,Mobile,10.23,6,3,Yes,Yes,No,No Membership,Yes
Female,38,73032.96,Mobile,1.21,2,1,No,Yes,No,No Membership,No
Female,43,62209.05,Mobile,0.35,5,1,Yes,Yes,No,Basic,Yes
Female,58,12920.91,Desktop,17.73,2,1,Yes,No,No,No Membership,Yes
Male,52,74667.13,Desktop,0.02,0,2,No,No,Yes,No Membership,No
Female,55,56094.18,Mobile,22.59,9,1,Yes,No,Yes,Premium,Yes
Male,41,61357.95,Desktop,7.83,2,3,No,Yes,No,Basic,Yes
Male,28,64726.91,Mobile,2.39,6,0,Yes,No,No,Basic,Yes
Female,58,89852.99,Mobile,7.18,5,0,Yes,No,Yes,Premium,Yes
Male,46,45167.97,Desktop,10.22,6,3,No,No,No,No Membership,Yes
Male,64,45632.75,Mobile,1.69,7,1,No,No,No,No Membership,No
Male,20,39681.38,Mobile,8.84,6,2,No,No,Yes,Premium,Yes
Female,18,35741.03,Mobile,9.79,4,2,No,No,No,Basic,Yes
Female,36,36072.44,Desktop,1.72,5,1,No,No,No,Basic,No
Female,63,,Desktop,0.26,7,1,No,No,No,Basic,Yes
Female,39,62679.8,Mobile,1.37,4,2,No,No,No,Basic,No
Male,31,90780.52,Mobile,1.34,2,2,No,Yes,Yes,Basic,Yes
Male,31,91928.34,Desktop,0.4,5,2,No,No,Yes,No Membership,No
Male,61,39657.37,Desktop,7.77,6,2,Yes,No,Yes,Premium,Yes
Male,33,50101.22,Mobile,2.87,6,3,No,No,Yes,No Membership,Yes
Male,50,77200.16,Mobile,12.94,4,1,No,Yes,No,No Membership,Yes
Female,30,62782.25,Mobile,1.74,2,3,Yes,No,No,Basic,Yes
Male,55,57421.28,Mobile,3.62,5,1,Yes,No,No,No Membership,Yes
Male,29,50378.78,Desktop,6.11,5,2,No,No,No,Basic,Yes
Male,55,76209.43,Mobile,12.6,5,2,No,Yes,No,No Membership,Yes
Male,56,35685.08,Mobile,4.46,2,0,Yes,No,No,No Membership,No
Female,50,63655.75,Tablet,2.81,6,2,Yes,Yes,No,Basic,Yes
Male,50,61208.81,Desktop,12.11,4,1,No,Yes,Yes,Premium,Yes
Male,46,55780.7,Desktop,2.23,1,2,Yes,Yes,No,No Membership,Yes
Female,22,69179.13,Mobile,0.5,5,3,No,Yes,Yes,No Membership,No
Male,23,55607.27,Desktop,3.53,8,1,No,Yes,No,Basic,Yes
Male,48,45378.5,Desktop,9.23,8,2,No,No,No,Premium,Yes
Male,33,56665.2,Mobile,0.19,5,0,Yes,No,No,No Membership,Yes
Female,48,26342.13,Tablet,5.29,7,2,Yes,Yes,Yes,No Membership,Yes
Female,42,66028.87,Desktop,5.42,8,0,Yes,No,Yes,No Membership,Yes
Female,63,70628.13,Desktop,15.83,1,0,No,No,Yes,No Membership,Yes
Male,50,43180.94,Mobile,2.03,4,1,No,No,No,Premium,No
Female,30,38898.8,Mobile,1.96,5,0,No,Yes,Yes,No Membership,Yes
Male,27,43844.47,Mobile,3.48,1,0,No,Yes,No,Basic,Yes
Male,41,53865.59,Mobile,2.65,7,2,No,No,No,No Membership,No
Male,27,58885.95,Desktop,8.0,3,3,No,Yes,Yes,Basic,Yes
Male,58,84078.85,Mobile,6.16,3,2,No,No,No,No Membership,No
Female,48,81803.64,Desktop,8.54,3,2,Yes,No,No,Premium,Yes
Female,30,69967.77,Mobile,10.29,9,2,Yes,No,No,No Membership,No
Female,20,57182.69,Mobile,15.38,4,3,Yes,Yes,No,Basic,No
Female,51,38315.37,Desktop,3.38,3,3,Yes,No,No,No Membership,No
Female,45,85233.47,Mobile,25.08,1,1,Yes,Yes,No,Premium,Yes
Male,36,50542.44,Desktop,1.46,5,1,No,Yes,Yes,Premium,No
Male,40,60064.73,Tablet,7.52,4,0,No,Yes,Yes,No Membership,No
Female,62,66292.34,Mobile,4.58,5,1,No,No,No,No Membership,No
Male,49,56108.73,Mobile,10.19,8,2,No,Yes,Yes,No Membership,Yes
Female,30,75719.75,Mobile,3.89,2,2,Yes,No,No,Premium,No
Male,50,63197.05,Desktop,9.19,2,1,Yes,No,No,Premium,No
Male,51,72795.49,Mobile,15.97,2,2,No,No,No,No Membership,Yes
Male,50,63052.22,Desktop,7.91,1,2,Yes,No,No,No Membership,No
Male,22,54317.81,Mobile,8.98,8,0,Yes,No,No,Basic,Yes
Male,20,56335.34,Desktop,0.42,11,3,Yes,Yes,No,Basic,Yes
Female,24,53879.67,Desktop,1.38,2,0,Yes,No,No,No Membership,Yes
Male,41,31882.86,Mobile,21.97,3,2,Yes,No,No,No Membership,Yes
Female,39,36985.25,Mobile,7.09,2,1,Yes,Yes,No,Premium,Yes
Male,62,68329.86,Mobile,4.95,7,3,No,No,No,No Membership,Yes
Male,40,32331.32,Mobile,2.74,9,3,No,No,No,Basic,No
Male,47,47723.98,Mobile,0.27,4,1,No,No,No,Premium,No
Female,35,36098.14,Mobile,2.76,4,1,No,No,No,Basic,Yes
Male,49,46761.06,Tablet,4.15,5,2,No,Yes,Yes,Basic,No
Female,24,52205.15,Tablet,1.43,2,2,No,No,Yes,Basic,Yes
Male,50,47687.79,Desktop,1.14,7,1,No,Yes,Yes,Basic,Yes
Female,22,29289.44,Mobile,4.26,4,2,Yes,Yes,No,No Membership,Yes
Male,45,51660.45,Desktop,5.29,6,2,No,No,Yes,Basic,Yes
Female,25,37739.87,Mobile,1.65,5,1,No,No,Yes,Premium,Yes
Female,32,43541.97,Mobile,5.31,5,1,Yes,Yes,No,Basic,Yes
Female,21,68329.36,Mobile,13.84,2,2,Yes,No,Yes,No Membership,Yes
Male,51,72197.07,Mobile,3.85,6,1,No,No,Yes,No Membership,Yes
Male,22,31402.52,Mobile,11.69,8,1,No,Yes,No,Basic,Yes
Male,50,83235.99,Mobile,15.73,5,3,Yes,Yes,No,Basic,Yes
Female,22,45818.44,Tablet,0.58,3,3,No,No,No,Basic,Yes
Female,55,44181.82,Mobile,0.6,5,1,No,Yes,No,No Membership,Yes
Female,51,38950.21,Tablet,3.88,9,3,Yes,No,No,Basic,Yes
Male,43,56006.42,Mobile,5.32,2,0,Yes,No,Yes,Basic,Yes
Male,18,90667.9,Mobile,3.33,7,0,No,No,No,Premium,No
Male,21,27286.13,Mobile,2.37,4,1,No,Yes,No,Basic,Yes
Female,56,17976.05,Desktop,6.15,7,1,No,Yes,Yes,No Membership,No
Female,43,59833.19,Mobile,0.01,8,2,Yes,Yes,No,Basic,Yes
Female,50,65248.11,Mobile,20.67,3,0,No,Yes,Yes,No Membership,Yes
Male,50,55948.1,Mobile,1.58,3,3,No,No,No,Premium,Yes
Female,25,65724.39,Mobile,14.94,7,3,No,Yes,Yes,Basic,Yes
Female,37,34637.3,Desktop,0.69,6,3,Yes,Yes,No,Basic,No
Male,33,37992.34,Mobile,1.63,8,3,No,Yes,No,Premium,Yes
Female,38,57231.24,Mobile,1.61,8,0,Yes,No,No,No Membership,Yes
Female,62,86645.25,Desktop,33.36,4,0,Yes,Yes,No,Premium,Yes
Female,43,65092.25,Mobile,0.03,5,1,No,Yes,No,Basic,Yes
Female,40,65929.67,Desktop,6.12,6,2,Yes,Yes,No,Premium,Yes
Male,35,35673.82,Desktop,12.23,3,0,Yes,No,No,Basic,Yes
Male,48,62603.29,Tablet,6.69,4,1,No,Yes,Yes,Premium,No
Female,59,33721.31,Mobile,2.7,6,1,Yes,No,No,Premium,Yes
Male,29,86819.63,Desktop,19.06,5,1,Yes,Yes,No,No Membership,Yes
Female,18,36785.31,Mobile,13.44,5,4,Yes,Yes,No,No Membership,Yes
Female,59,40663.35,Desktop,3.41,6,2,No,Yes,Yes,No Membership,Yes
Female,26,28484.64,Mobile,5.11,6,1,Yes,No,Yes,No Membership,Yes
Female,20,56544.69,Mobile,20.56,4,1,No,No,No,Premium,Yes
Male,43,55788.25,Desktop,24.29,9,0,Yes,No,Yes,Premium,Yes
Male,26,82238.34,Mobile,3.59,6,0,Yes,No,Yes,No Membership,No
Male,59,68975.47,Desktop,11.28,0,2,No,Yes,Yes,Basic,No
Male,33,40766.2,Desktop,2.16,2,0,Yes,Yes,Yes,No Membership,Yes
Male,41,70721.12,Mobile,2.79,5,3,No,No,Yes,No Membership,Yes
Male,31,32616.72,Mobile,1.08,1,1,No,Yes,No,No Membership,Yes
Female,20,42069.65,Mobile,1.41,5,0,Yes,No,No,Basic,No
Female,51,57132.27,Tablet,6.42,3,4,Yes,No,No,No Membership,Yes
Male,50,34626.05,Mobile,4.29,5,2,No,Yes,No,Basic,Yes
Male,41,74163.86,Desktop,1.58,7,1,No,No,No,Basic,No
Female,26,96027.63,Desktop,3.09,7,1,No,Yes,No,No Membership,Yes
Male,30,49698.6,Tablet,2.8,6,1,No,Yes,No,Premium,Yes
Male,19,43269.64,Desktop,26.23,6,1,Yes,No,No,Premium,Yes
Male,24,52667.39,Desktop,11.53,1,0,No,No,No,Basic,Yes
Female,38,44967.3,Mobile,2.95,7,0,No,Yes,No,Basic,No
Male,36,59711.15,Mobile,14.71,6,0,No,Yes,Yes,No Membership,Yes
Female,42,31196.72,Mobile,2.52,5,1,No,Yes,No,No Membership,Yes
Male,64,60733.12,Desktop,6.61,3,1,No,Yes,No,No Membership,Yes
Female,39,89414.62,Desktop,20.4,6,1,Yes,No,No,No Membership,Yes
Male,28,18961.43,Desktop,2.97,3,2,No,No,Yes,Premium,Yes
Male,50,33964.35,Desktop,6.83,3,0,No,No,No,No Membership,No
Female,49,46988.97,Mobile,2.11,7,1,No,Yes,Yes,Basic,No
Female,38,64754.07,Mobile,1.86,4,1,No,Yes,No,Basic,No
Female,56,71026.88,Mobile,5.12,3,2,Yes,Yes,No,No Membership,Yes
Female,37,69578.82,Mobile,23.26,5,2,No,No,Yes,Basic,Yes
Female,25,24549.37,Desktop,3.62,5,3,No,Yes,No,Premium,Yes
Female,59,42861.78,Mobile,16.65,4,2,No,Yes,No,Basic,Yes
Female,54,38794.3,Desktop,14.75,6,1,No,Yes,No,Premium,Yes
Male,26,53826.42,Desktop,1.76,3,1,No,Yes,No,No Membership,No
Male,42,55329.04,Mobile,3.08,3,0,Yes,No,No,No Membership,No
Male,42,30353.91,Mobile,6.19,8,1,No,Yes,No,Basic,Yes
Female,50,47088.02,Mobile,4.38,3,2,No,No,No,No Membership,No
Male,19,65449.33,Mobile,0.61,8,2,No,No,No,No Membership,Yes
Male,36,43690.04,Desktop,30.4,4,2,Yes,No,No,Basic,Yes
Female,63,51395.8,Mobile,8.38,7,0,No,Yes,Yes,No Membership,Yes
Female,37,85544.02,Desktop,3.45,3,2,Yes,Yes,No,Premium,Yes
Female,59,90820.53,Desktop,5.78,3,0,No,No,Yes,No Membership,No
Male,58,16095.5,Mobile,0.55,3,0,No,No,Yes,No Membership,No
Female,59,57050.16,Desktop,4.1,7,6,Yes,No,No,Basic,Yes
Male,46,107506.59,Desktop,16.03,7,2,No,Yes,No,No Membership,Yes
Male,23,63619.24,Desktop,13.61,3,2,No,Yes,No,Basic,Yes
Male,34,55332.82,Mobile,2.47,0,2,Yes,No,No,No Membership,Yes
Male,42,78628.39,Mobile,4.55,3,0,Yes,Yes,No,No Membership,No
Male,55,58925.67,Mobile,7.17,5,0,No,Yes,Yes,Basic,Yes
Female,21,67764.47,Mobile,2.49,2,1,No,No,No,Basic,No
Male,47,51214.52,Desktop,0.4,7,2,No,No,No,No Membership,Yes
Female,37,58663.19,Desktop,4.22,6,3,No,Yes,Yes,No Membership,Yes
Female,20,62679.35,Tablet,5.52,5,1,No,Yes,Yes,No Membership,Yes
Male,40,70580.06,Mobile,0.04,4,0,No,Yes,No,No Membership,Yes
Male,35,47229.03,Mobile,0.6,9,1,Yes,Yes,No,Premium,Yes
Male,43,46739.82,Desktop,1.39,6,0,Yes,No,No,No Membership,No
Female,53,20305.32,Mobile,2.57,4,3,No,No,Yes,No Membership,Yes
Male,25,48031.28,Mobile,4.67,5,1,No,Yes,No,Basic,Yes
Male,34,72154.64,Mobile,2.09,10,2,Yes,No,No,No Membership,Yes
Male,48,63338.04,Mobile,1.94,4,1,No,Yes,No,No Membership,No
Female,54,37058.47,Desktop,12.21,3,1,No,No,No,Basic,No
Female,62,20730.48,Mobile,0.94,7,1,Yes,Yes,No,No Membership,Yes
Male,50,52436.43,Desktop,4.1,10,3,No,Yes,No,Premium,Yes
Female,44,71628.0,Desktop,18.32,5,1,No,Yes,Yes,No Membership,Yes
Female,62,46379.83,Mobile,5.89,3,1,No,Yes,Yes,No Membership,Yes
Female,21,28991.39,Tablet,7.58,3,0,Yes,Yes,No,No Membership,No
Female,39,44388.87,Mobile,3.39,5,2,No,No,Yes,Basic,Yes
Female,43,60870.86,Tablet,0.12,8,1,No,Yes,No,No Membership,No
Female,49,77363.87,Mobile,6.23,5,0,No,No,No,Premium,No
Female,41,50379.49,Desktop,6.0,3,0,No,No,No,No Membership,No
Male,63,73988.06,Mobile,0.7,4,2,No,No,No,No Membership,Yes
Male,52,71992.76,Desktop,3.72,4,1,Yes,Yes,No,Premium,Yes
Male,54,33820.03,Desktop,14.81,6,4,No,Yes,Yes,Basic,Yes
Female,49,77512.75,Mobile,1.38,4,0,No,No,No,No Membership,No
Female,24,60312.03,Tablet,3.71,5,1,Yes,No,No,Premium,Yes
Male,50,33279.71,Mobile,3.71,6,1,No,No,Yes,Basic,Yes
Female,48,86694.96,Mobile,9.99,5,2,No,Yes,Yes,No Membership,Yes
Male,29,52739.64,Desktop,10.44,7,2,No,Yes,Yes,No Membership,Yes
Male,28,20018.02,Desktop,8.54,6,0,Yes,No,No,Premium,No
Female,41,42287.21,Mobile,2.73,6,1,Yes,Yes,No,No Membership,Yes
Male,25,37855.82,Mobile,0.45,5,3,No,No,Yes,Basic,No
Male,49,42728.68,Tablet,2.58,3,3,No,No,No,No Membership,Yes
Female,55,46986.66,Desktop,6.83,5,3,No,No,No,No Membership,Yes
Female,39,50366.99,Mobile,7.28,4,2,Yes,No,No,Basic,Yes
Male,51,49689.95,Mobile,20.11,3,1,No,No,No,Basic,Yes
Female,36,53245.27,Tablet,3.63,3,0,No,No,No,Basic,No
Female,37,65573.08,Desktop,6.01,4,5,No,No,No,No Membership,No
Male,31,41564.15,Tablet,4.65,5,4,Yes,Yes,No,Premium,Yes
Male,50,76258.01,Mobile,0.98,3,3,Yes,No,No,Premium,Yes
Female,27,32946.7,Desktop,3.71,4,3,No,No,No,Basic,Yes
Male,33,66072.14,Desktop,4.72,2,1,Yes,No,Yes,Premium,Yes
Female,21,84578.88,Mobile,18.07,2,0,No,No,No,No Membership,Yes
Female,44,51807.58,Desktop,2.74,2,0,Yes,Yes,No,No Membership,Yes
Female,45,58482.38,Desktop,23.5,4,2,No,Yes,No,Basic,Yes
Male,60,37576.5,Mobile,4.69,1,0,No,No,No,Basic,No
Female,33,45787.93,Desktop,1.67,6,1,No,No,Yes,Basic,Yes
Male,50,83218.21,Desktop,1.28,9,1,Yes,No,No,Premium,No
Male,36,68472.68,Desktop,0.92,7,1,No,No,No,Premium,Yes
Male,38,62533.8,Desktop,3.62,7,1,No,No,No,No Membership,No
Male,39,20116.46,Mobile,0.13,3,3,Yes,No,Yes,No Membership,No
Female,26,42103.49,Mobile,3.53,6,3,No,No,No,Premium,Yes
Male,26,86301.85,Desktop,26.74,4,0,Yes,Yes,No,Premium,Yes
Male,26,62394.98,Mobile,6.65,9,1,No,No,No,Premium,Yes
Female,44,64640.72,Mobile,8.56,7,2,Yes,No,Yes,No Membership,Yes
Male,34,58069.99,Mobile,0.76,5,2,No,Yes,No,No Membership,No
Female,61,43966.19,Mobile,3.84,2,1,Yes,No,No,No Membership,No
Male,62,60985.75,Desktop,2.02,4,2,No,Yes,No,No Membership,No
Female,25,27456.15,Mobile,13.47,4,2,No,No,No,No Membership,Yes
Female,33,26101.82,Mobile,1.2,1,2,No,No,No,No Membership,No
Male,35,41765.06,Tablet,3.68,10,0,No,Yes,No,Basic,No
Male,50,58458.96,Desktop,5.32,5,3,No,No,No,No Membership,Yes
Male,18,26745.88,Desktop,4.33,7,1,Yes,Yes,Yes,Premium,Yes
Female,29,57286.77,Desktop,10.64,4,4,Yes,Yes,Yes,No Membership,Yes
Male,23,37097.93,Desktop,1.58,6,0,Yes,No,No,No Membership,No
Male,58,39523.14,Desktop,2.84,2,4,No,No,No,No Membership,No
Male,22,78392.59,Desktop,9.42,8,1,No,Yes,Yes,No Membership,Yes
Male,33,55671.29,Tablet,4.51,4,1,No,No,No,Basic,Yes
Male,35,38731.5,Mobile,3.09,3,2,No,No,Yes,Basic,No
Female,35,58363.0,Tablet,0.18,4,0,Yes,No,No,Premium,Yes
Male,18,28546.87,Mobile,8.4,5,1,Yes,No,Yes,Basic,No
Male,36,61881.95,Mobile,21.49,3,2,No,No,Yes,No Membership,Yes
Female,25,74931.73,Mobile,5.81,4,3,No,No,No,Premium,Yes
Female,20,66911.12,Mobile,11.65,3,5,No,No,No,No Membership,Yes
Male,42,93838.86,Desktop,4.36,3,1,Yes,No,Yes,No Membership,Yes
Male,22,20108.96,Tablet,1.58,7,0,No,No,Yes,Premium,No
Male,57,57285.44,Tablet,0.09,5,2,No,No,No,No Membership,Yes
Female,36,30816.99,Tablet,6.36,6,1,Yes,Yes,No,No Membership,Yes
Male,35,51882.01,Mobile,4.08,9,0,No,Yes,No,Premium,Yes
Female,48,55027.79,Tablet,9.14,7,0,Yes,No,No,No Membership,Yes
Female,50,96037.22,Mobile,7.12,6,3,No,Yes,No,No Membership,Yes
Female,64,53924.01,Desktop,26.51,8,2,Yes,No,No,Basic,Yes
Male,35,53588.26,Mobile,4.28,3,3,No,No,No,No Membership,Yes
Male,56,73092.86,Mobile,3.34,7,1,No,No,No,No Membership,No
Male,33,54049.21,Tablet,2.03,5,1,Yes,No,No,Basic,Yes
Male,33,87960.65,Tablet,3.89,10,0,Yes,Yes,No,No Membership,Yes
Female,64,67054.32,Desktop,12.38,5,0,Yes,No,No,Premium,Yes
Female,55,69913.06,Desktop,0.26,8,1,Yes,Yes,Yes,Premium,Yes
Female,58,21383.85,Mobile,22.87,11,8,No,No,No,Basic,Yes
Female,24,90733.83,Desktop,30.04,4,0,No,No,Yes,No Membership,Yes
Male,31,43183.74,Desktop,5.47,4,1,Yes,No,No,Premium,Yes
Male,60,54824.86,Mobile,2.42,5,0,Yes,Yes,Yes,Premium,Yes
Male,42,43251.33,Mobile,1.51,4,4,Yes,Yes,Yes,Basic,Yes
Female,49,36563.48,Mobile,1.94,5,1,Yes,No,No,No Membership,Yes
Female,55,33360.97,Desktop,0.31,5,1,No,Yes,Yes,No Membership,No
Female,39,56858.35,Mobile,3.87,12,0,Yes,No,Yes,Basic,No
Male,33,19541.86,Mobile,0.35,4,1,No,Yes,Yes,Basic,Yes
Male,46,50629.56,Mobile,7.61,1,3,Yes,No,No,No Membership,No
Female,33,74039.84,Desktop,2.79,7,1,Yes,No,No,Premium,Yes
Male,29,66374.96,Desktop,1.33,5,2,Yes,No,No,Premium,Yes
Female,34,62783.84,Desktop,4.72,3,1,Yes,No,No,No Membership,Yes
Female,54,38883.08,Mobile,21.84,3,0,Yes,No,No,No Membership,No
Female,44,,Mobile,7.13,3,2,No,No,Yes,Basic,Yes
Male,42,73752.29,Mobile,4.06,6,1,No,No,No,No Membership,Yes
Male,30,46918.72,Desktop,9.0,7,2,No,Yes,No,Basic,Yes
Male,25,53504.59,Mobile,8.02,6,1,Yes,No,Yes,Basic,Yes
Male,22,51443.3,Mobile,13.34,8,1,Yes,No,No,Basic,Yes
Male,29,67103.07,Desktop,1.37,7,1,Yes,No,Yes,Premium,Yes
Female,58,88179.69,Mobile,11.75,4,2,Yes,No,Yes,No Membership,Yes
Female,20,81322.73,Desktop,2.15,4,2,Yes,No,No,No Membership,Yes
Male,52,13019.71,Mobile,16.98,5,3,No,Yes,Yes,Basic,Yes
Male,50,49446.3,Desktop,1.98,3,1,Yes,No,Yes,Basic,No
Male,39,30758.62,Mobile,15.69,4,3,Yes,Yes,Yes,No Membership,Yes
Male,61,71891.72,Mobile,19.91,2,2,No,Yes,Yes,Premium,Yes
Female,26,55071.7,Mobile,0.94,4,1,No,Yes,Yes,Basic,No
Male,58,65910.73,Desktop,22.01,4,1,No,Yes,No,No Membership,Yes
Male,35,47905.76,Tablet,0.54,6,1,Yes,No,Yes,No Membership,Yes
Male,46,36291.31,Mobile,1.48,12,3,No,Yes,No,Premium,Yes
Female,56,39370.95,Desktop,3.52,4,0,No,Yes,No,Premium,Yes
Female,44,27405.77,Desktop,30.31,1,1,Yes,Yes,No,Premium,No
Male,53,32254.59,Tablet,4.02,2,0,No,No,Yes,Premium,No
Female,62,28462.73,Desktop,4.8,7,1,No,Yes,No,Premium,Yes
Female,34,36357.35,Mobile,7.11,3,0,No,Yes,No,Premium,No
Female,51,35338.99,Desktop,20.71,6,1,No,No,Yes,No Membership,Yes
Male,63,62093.68,Mobile,9.18,4,0,No,Yes,No,Premium,Yes
Female,20,61387.51,Mobile,1.52,2,1,No,No,No,No Membership,No
Female,22,62074.08,Mobile,2.17,6,0,No,No,No,Basic,No
Female,31,76149.92,Tablet,0.62,7,2,Yes,No,No,Basic,Yes
Female,20,53589.92,Tablet,6.2,3,4,No,Yes,Yes,Basic,Yes
Female,40,40945.34,Desktop,1.2,5,1,No,No,Yes,No Membership,No
Male,56,94805.26,Tablet,1.79,6,2,No,No,No,No Membership,Yes
Female,47,71301.63,Desktop,13.14,9,1,Yes,No,No,Premium,Yes
Female,62,57741.76,Mobile,2.37,6,0,Yes,Yes,Yes,Basic,Yes
Female,40,56491.74,Mobile,5.02,6,2,No,Yes,No,Basic,Yes
Male,44,60213.76,Mobile,3.04,3,2,Yes,No,Yes,Premium,Yes
Female,27,51362.18,Mobile,0.46,4,1,No,No,No,No Membership,No
Female,42,57308.04,Mobile,2.7,6,1,No,No,No,No Membership,Yes
Male,30,63988.83,Mobile,3.15,3,1,Yes,Yes,No,Basic,Yes
Female,33,41922.35,Desktop,13.56,4,4,No,No,No,No Membership,Yes
Female,58,25585.91,Desktop,2.35,5,2,Yes,Yes,No,Basic,No
Female,51,17638.43,Desktop,2.86,7,1,Yes,Yes,Yes,No Membership,No
Male,54,70982.18,Tablet,9.16,6,2,No,No,No,No Membership,No
Male,39,26507.37,Mobile,8.54,8,1,Yes,Yes,Yes,Basic,Yes
Female,34,63376.19,Desktop,9.61,5,1,No,Yes,No,Basic,Yes
Male,40,34221.59,Mobile,18.44,3,2,No,No,Yes,Basic,Yes
Female,53,34511.57,Mobile,9.52,5,0,Yes,No,No,Premium,Yes
Male,26,42072.42,Tablet,3.14,3,0,No,No,No,Basic,Yes
Female,19,58494.38,Mobile,10.34,4,0,Yes,No,No,No Membership,Yes
Male,49,31805.35,Mobile,4.26,1,4,Yes,No,No,Premium,Yes
Female,39,43895.22,Mobile,1.95,3,2,Yes,Yes,No,Premium,Yes
Male,60,54537.06,Desktop,2.17,2,2,Yes,No,No,Premium,No
Male,30,33215.29,Tablet,1.52,4,0,No,Yes,No,No Membership,No
Male,25,80708.22,Mobile,0.94,4,3,No,No,No,Basic,Yes
Male,18,23994.32,Desktop,1.22,3,0,No,Yes,No,No Membership,No
Female,34,51072.95,Mobile,0.39,1,2,Yes,No,No,No Membership,No
Female,29,77905.73,Mobile,13.16,4,3,No,No,Yes,No Membership,Yes
Male,21,31159.6,Mobile,16.04,2,1,Yes,No,No,Basic,No
Female,30,53026.73,Desktop,5.3,3,1,No,No,Yes,Basic,No
Male,48,57391.46,Mobile,11.01,1,2,Yes,Yes,No,No Membership,Yes
Female,58,40478.13,Desktop,1.22,5,0,No,Yes,No,No Membership,No
Female,24,53605.31,Mobile,13.92,6,5,No,Yes,No,No Membership,Yes
Female,40,65106.0,Mobile,4.24,8,1,No,Yes,No,Premium,Yes
Male,41,46591.47,Desktop,0.42,5,1,No,No,No,Premium,No
Female,22,68757.93,Mobile,0.91,3,2,No,No,No,Basic,No
Male,22,62069.16,Mobile,2.22,7,4,No,No,No,No Membership,Yes
Female,34,44507.8,Mobile,0.27,7,0,No,No,Yes,Basic,No
Male,47,75294.18,Desktop,2.22,4,2,No,No,No,Premium,Yes
Female,26,41663.13,Desktop,0.37,4,1,No,No,Yes,Basic,No
Female,23,70406.08,Mobile,1.62,5,3,No,No,No,No Membership,No
Female,42,41985.72,Mobile,1.85,4,0,No,No,No,Basic,No
Male,36,49310.68,Mobile,31.08,4,2,No,No,Yes,No Membership,Yes
Female,33,52072.4,Mobile,1.61,5,2,Yes,No,No,Premium,Yes
Male,38,61094.5,Desktop,1.64,4,1,No,No,Yes,Basic,No
Female,19,12000.0,Desktop,6.97,1,2,Yes,No,Yes,Basic,No
Male,27,63244.28,Desktop,11.77,5,0,No,No,Yes,No Membership,No
Male,33,53155.37,Mobile,2.94,3,0,No,Yes,No,Premium,No
Female,54,60143.32,Desktop,12.51,6,2,No,No,No,No Membership,Yes
Male,32,64044.79,Desktop,2.49,7,2,Yes,No,Yes,No Membership,Yes
Male,30,62088.56,Desktop,1.32,3,1,No,No,No,Premium,Yes
Male,30,18867.5,Desktop,2.4,4,3,Yes,No,No,No Membership,Yes
Male,49,35901.81,Desktop,5.64,5,5,Yes,No,No,No Membership,Yes
Female,62,60990.69,Desktop,2.75,5,0,No,No,No,Premium,No
Female,64,58594.53,Mobile,6.7,5,4,No,No,No,Basic,Yes
Male,63,40788.03,Desktop,1.62,5,1,No,No,Yes,No Membership,Yes
Male,25,68277.51,Mobile,7.24,3,2,No,No,No,Basic,Yes
Male,60,50384.35,Desktop,2.56,5,1,Yes,No,No,Premium,No
Male,35,70943.07,Desktop,3.65,3,0,Yes,Yes,Yes,No Membership,Yes
Female,53,76780.38,Desktop,4.9,4,0,No,Yes,No,Premium,No
Female,43,60009.44,Mobile,6.95,7,0,No,Yes,No,Basic,Yes
Male,27,64999.94,Mobile,1.64,5,3,No,No,Yes,No Membership,Yes
Male,48,44047.72,Mobile,10.85,5,2,No,No,Yes,Basic,Yes
Male,50,71059.78,Desktop,7.68,2,0,No,No,Yes,Basic,No
Female,46,58926.24,Desktop,1.6,6,3,No,No,Yes,Basic,Yes
Female,22,49695.2,Desktop,22.13,2,0,Yes,Yes,No,Premium,Yes
Male,30,33061.27,Mobile,6.56,1,2,Yes,No,Yes,No Membership,Yes
Male,18,46262.06,Tablet,3.61,4,2,No,Yes,Yes,No Membership,Yes
Female,40,35029.44,Tablet,1.03,5,2,No,No,No,No Membership,Yes
Female,57,68706.82,Mobile,4.57,6,2,No,No,No,No Membership,No
Male,20,76967.74,Desktop,1.08,8,2,Yes,No,No,No Membership,Yes
Male,20,71492.85,Desktop,3.37,5,0,Yes,Yes,No,No Membership,Yes
Male,24,99748.36,Desktop,3.15,9,2,Yes,Yes,No,No Membership,Yes
Female,53,46712.68,Tablet,7.64,2,1,No,No,No,Basic,No
Male,52,65738.3,Mobile,1.28,3,2,No,Yes,No,Basic,Yes
Male,32,33735.61,Desktop,10.35,3,2,No,Yes,No,Basic,Yes
Female,57,51449.49,Desktop,2.37,6,2,No,No,No,Basic,No
Male,20,28407.71,Desktop,3.52,13,2,Yes,No,No,No Membership,No
Female,46,65227.5,Desktop,8.88,4,4,No,No,No,No Membership,No
Male,47,48601.15,Tablet,5.89,6,4,Yes,No,No,Basic,Yes
Male,56,18017.52,Mobile,2.21,5,4,No,No,No,Basic,Yes
Female,35,42669.67,Desktop,2.93,3,0,Yes,No,No,No Membership,No
Male,28,87276.06,Mobile,2.19,4,2,Yes,Yes,No,No Membership,No
Female,60,62387.74,Mobile,5.42,9,2,Yes,No,No,Premium,Yes
Female,55,68843.67,Mobile,2.43,4,1,No,No,No,Basic,Yes
Male,57,57259.82,Desktop,7.76,2,2,Yes,No,Yes,Basic,Yes
Female,18,51731.94,Tablet,5.2,6,3,Yes,No,No,No Membership,Yes
Male,46,55280.42,Mobile,0.94,5,0,Yes,No,No,No Membership,Yes
Female,27,59417.79,Mobile,2.23,5,3,No,No,No,Basic,Yes
Male,45,35260.26,Desktop,1.5,9,0,Yes,Yes,No,Basic,Yes
Female,48,68735.12,Desktop,2.97,6,1,No,No,No,Premium,No
Male,36,75192.89,Tablet,4.35,3,1,Yes,No,No,No Membership,No
Male,20,51461.39,Mobile,4.24,5,1,No,Yes,No,No Membership,Yes
Female,53,45585.27,Mobile,8.43,6,1,No,Yes,Yes,No Membership,Yes
Female,60,41645.64,Mobile,1.26,4,0,No,No,No,No Membership,No
Male,32,86665.9,Mobile,17.57,3,1,No,Yes,No,No Membership,Yes
Male,50,46859.12,Mobile,2.52,0,0,Yes,Yes,Yes,Premium,No
Female,58,66759.66,Mobile,2.14,5,0,Yes,Yes,Yes,Basic,Yes
Female,60,51587.67,Mobile,6.93,3,0,No,Yes,No,Basic,No
Male,62,50614.66,Mobile,9.82,7,3,Yes,Yes,No,Basic,Yes
Male,43,41234.51,Tablet,2.85,4,0,Yes,Yes,No,No Membership,Yes
Male,33,37534.61,Mobile,8.24,2,1,No,No,No,No Membership,No
Female,53,68318.57,Mobile,12.91,7,1,Yes,No,No,Basic,Yes
Male,50,37127.4,Desktop,8.74,2,4,Yes,Yes,No,Premium,Yes
Male,37,63325.35,Desktop,0.21,3,0,No,No,Yes,Premium,No
Female,30,56630.51,Desktop,10.54,4,4,Yes,Yes,No,No Membership,Yes
Male,50,68547.49,Desktop,8.94,6,2,No,No,No,Basic,Yes
Male,22,44020.83,Desktop,6.64,11,1,Yes,Yes,Yes,Basic,Yes
Male,54,74442.59,Desktop,8.56,5,1,Yes,Yes,No,No Membership,Yes
Male,31,52458.57,Desktop,23.3,6,3,No,No,No,No Membership,Yes
Male,44,101650.5,Desktop,3.38,9,4,Yes,No,No,Basic,Yes
Female,40,25944.83,Mobile,0.42,4,2,No,No,No,Basic,Yes
Male,31,98720.83,Mobile,3.71,0,2,No,Yes,No,Premium,Yes
Female,57,52725.41,Desktop,0.29,6,1,No,No,Yes,No Membership,No
Female,21,59010.44,Mobile,2.09,6,2,No,No,Yes,Basic,Yes
Female,56,44122.79,Tablet,5.3,3,2,Yes,Yes,No,Premium,Yes
Male,36,26760.14,Mobile,2.22,8,1,No,Yes,Yes,No Membership,Yes
Male,64,45488.86,Mobile,6.94,4,1,No,No,No,Basic,No
Male,21,48417.63,Tablet,10.36,7,0,No,No,No,Basic,No
Male,47,58290.43,Mobile,3.27,7,0,Yes,Yes,No,No Membership,Yes
Male,36,75180.49,Tablet,13.82,6,0,No,No,No,No Membership,No
Female,48,58433.15,Tablet,0.5,6,0,Yes,No,Yes,No Membership,Yes
Male,48,58746.55,Desktop,11.0,6,0,No,Yes,No,Basic,Yes
Male,26,61918.62,Desktop,10.58,1,0,No,Yes,Yes,No Membership,Yes
Male,30,23411.26,Desktop,2.33,6,0,No,No,Yes,Basic,Yes
Female,31,25074.56,Desktop,2.13,5,1,Yes,No,Yes,Basic,No
Male,63,28054.2,Desktop,2.18,8,0,Yes,Yes,No,Premium,No
Female,27,48281.07,Desktop,10.01,1,3,No,Yes,Yes,No Membership,Yes
Male,48,21309.13,Tablet,10.69,2,3,No,No,No,No Membership,No
Female,54,42583.82,Desktop,2.4,8,0,Yes,No,Yes,No Membership,No
Female,40,30371.51,Tablet,5.39,6,2,Yes,Yes,No,No Membership,Yes
Male,44,63778.88,Mobile,0.9,7,2,Yes,Yes,No,Premium,Yes
Male,23,62877.8,Mobile,3.8,6,2,Yes,Yes,No,Basic,Yes
Male,43,49588.41,Mobile,40.32,3,0,No,No,No,Basic,Yes
Male,19,20800.7,Mobile,1.04,2,4,No,No,Yes,Basic,Yes
Female,62,50731.41,Desktop,17.69,3,3,No,No,No,No Membership,Yes
Female,30,60915.27,Mobile,10.43,9,3,No,Yes,No,Basic,Yes
Female,36,69593.08,Tablet,21.5,4,1,No,Yes,No,Basic,Yes
Female,18,86561.28,Mobile,1.19,2,2,Yes,No,No,No Membership,Yes
Male,57,75132.97,Mobile,1.44,8,2,No,No,Yes,Basic,Yes
Male,49,57965.98,Mobile,0.1,6,2,Yes,No,No,Premium,No
Female,39,49865.66,Desktop,7.74,4,3,No,Yes,No,Basic,Yes
Male,46,41627.19,Mobile,6.2,9,3,No,No,No,No Membership,Yes
Female,19,79401.91,Mobile,1.18,6,0,No,No,Yes,No Membership,No
Male,57,57998.63,Desktop,9.4,4,1,No,Yes,Yes,No Membership,Yes
Male,55,66349.8,Mobile,2.13,4,1,No,No,No,Basic,No
Female,28,44376.04,Mobile,0.87,5,2,No,No,Yes,Premium,Yes
Male,34,32663.64,Desktop,3.29,3,2,No,Yes,Yes,Basic,Yes
Female,60,47793.92,Mobile,0.57,6,1,No,No,Yes,Basic,Yes
Female,25,49547.29,Mobile,1.83,4,2,No,Yes,No,No Membership,No
Female,39,58451.9,Mobile,2.78,5,3,No,No,No,Premium,Yes
Female,21,41726.19,Mobile,11.46,4,1,No,No,No,Basic,Yes
Female,28,55449.46,Desktop,9.44,4,1,Yes,No,No,Premium,Yes
Female,25,76198.71,Mobile,3.51,2,2,No,No,No,Basic,No
Male,26,24886.69,Desktop,7.74,5,1,No,Yes,No,Basic,Yes
Male,43,16895.75,Tablet,5.05,2,1,No,No,Yes,Basic,No
Female,19,77426.45,Mobile,2.5,5,2,Yes,No,Yes,No Membership,Yes
Male,33,28654.72,Tablet,7.77,7,0,Yes,Yes,No,Premium,No
Male,48,48158.7,Mobile,6.9,6,0,Yes,No,No,Basic,Yes
Male,23,65952.63,Mobile,5.79,4,1,No,Yes,No,Basic,No
Female,38,53933.93,Mobile,5.77,0,1,Yes,Yes,Yes,No Membership,Yes
Female,43,,Mobile,6.89,3,1,No,No,Yes,No Membership,No
Male,36,56303.14,Desktop,2.91,5,2,No,Yes,No,Basic,Yes
Female,45,100336.85,Mobile,12.2,9,3,No,Yes,No,Premium,Yes
Female,25,87051.25,Desktop,1.06,3,1,Yes,No,Yes,No Membership,Yes
Female,31,42512.94,Desktop,12.92,7,2,Yes,No,No,Basic,Yes
Female,41,73915.99,Mobile,2.51,4,2,No,No,No,Premium,Yes
Female,61,64099.14,Desktop,0.8,6,3,Yes,No,No,Basic,Yes
Male,54,54648.73,Tablet,5.5,5,4,No,No,No,No Membership,No
Female,43,38658.36,Mobile,2.83,6,2,No,No,No,Premium,Yes
Male,48,63124.62,Mobile,10.14,2,0,No,Yes,No,Basic,No
Female,49,49491.18,Mobile,3.38,5,3,No,No,No,No Membership,No
Female,58,48167.92,Mobile,6.63,8,3,No,No,No,Premium,Yes
Male,19,41192.72,Mobile,2.21,6,2,Yes,Yes,No,Premium,Yes
Male,42,72996.82,Mobile,1.41,9,1,No,Yes,No,No Membership,No
Female,61,41180.72,Desktop,2.95,7,2,No,No,No,Premium,Yes
Male,19,41290.39,Desktop,5.6,3,0,No,No,No,No Membership,No
Female,59,69002.88,Desktop,6.42,2,2,No,No,No,No Membership,No
Male,18,52402.05,Mobile,5.18,8,1,No,No,No,No Membership,Yes
Male,53,52886.47,Mobile,26.57,3,2,No,Yes,Yes,Basic,No
Female,29,73592.08,Mobile,7.05,7,2,Yes,No,No,Basic,Yes
Female,26,78646.61,Mobile,16.09,6,1,No,No,No,Premium,No
Female,53,16698.78,Tablet,0.75,2,2,Yes,Yes,No,Basic,No
Male,58,52682.06,Mobile,0.38,4,0,No,Yes,Yes,Basic,No
Female,45,29615.24,Mobile,2.24,5,1,No,Yes,No,Basic,No
Female,55,48037.72,Mobile,0.88,5,1,No,Yes,Yes,Basic,No
Female,50,54878.75,Desktop,4.48,4,2,No,No,Yes,Premium,Yes
Female,59,48612.62,Desktop,4.39,5,1,Yes,No,Yes,No Membership,No
Female,63,36545.04,Mobile,5.13,5,2,No,No,No,No Membership,No
Male,39,35631.88,Mobile,8.2,10,1,Yes,Yes,No,Premium,Yes
Male,42,68102.95,Mobile,21.31,3,0,Yes,Yes,Yes,No Membership,Yes
Female,35,82626.58,Desktop,12.64,3,2,Yes,No,No,Premium,Yes
Male,23,17911.42,Tablet,0.76,2,2,No,No,No,Premium,No
Female,35,49102.86,Desktop,2.48,3,1,No,Yes,No,Basic,Yes
Male,33,68175.35,Desktop,1.77,0,0,Yes,Yes,Yes,No Membership,No
Female,32,54413.13,Mobile,1.17,6,6,No,No,No,No Membership,Yes
Female,25,34953.64,Mobile,4.72,4,1,No,Yes,No,Premium,No
Male,30,46399.79,Desktop,4.83,9,0,No,No,No,Premium,No
Male,60,60438.7,Mobile,1.55,6,1,No,Yes,No,No Membership,No
Male,24,49470.54,Tablet,7.47,6,0,No,Yes,No,Basic,Yes
Female,34,54136.36,Mobile,7.92,5,0,Yes,Yes,No,Premium,Yes
Female,49,54655.11,Mobile,0.13,5,4,No,No,Yes,Basic,Yes
Male,39,45562.93,Desktop,3.02,4,1,Yes,No,No,Basic,No
Female,30,69698.24,Mobile,13.25,4,3,Yes,Yes,Yes,Premium,Yes
Male,64,46405.15,Mobile,4.41,7,2,No,Yes,No,Premium,Yes
Male,40,36901.58,Mobile,2.56,7,1,No,No,No,No Membership,Yes
Female,46,95133.51,Desktop,1.76,1,0,Yes,Yes,No,No Membership,Yes
Male,39,53599.71,Mobile,1.67,2,2,No,Yes,No,No Membership,No
Male,18,12000.0,Mobile,0.63,10,3,No,Yes,Yes,Premium,Yes
Male,46,77585.41,Desktop,10.2,7,1,Yes,Yes,No,Premium,Yes
Male,22,77527.52,Mobile,0.54,5,2,Yes,No,No,Premium,Yes
Male,52,63229.16,Tablet,2.07,5,0,No,No,No,Basic,No
Male,27,66369.43,Mobile,0.28,8,1,No,Yes,No,No Membership,Yes
Female,36,93875.36,Desktop,9.12,7,1,No,Yes,No,No Membership,Yes
Male,54,37669.57,Mobile,0.24,4,2,No,Yes,No,No Membership,No
Female,24,57398.32,Desktop,2.21,7,2,No,Yes,No,No Membership,Yes
Male,63,90454.65,Desktop,5.11,5,1,Yes,No,Yes,Premium,Yes
Male,52,94268.24,Tablet,3.16,4,0,Yes,Yes,No,No Membership,Yes
Female,62,48410.34,Mobile,1.99,5,2,No,Yes,No,Basic,Yes
Female,30,91182.72,Mobile,1.93,4,0,Yes,No,No,No Membership,No
Male,27,69447.35,Desktop,9.59,5,0,No,No,No,Basic,Yes
Female,19,81913.86,Mobile,21.89,6,1,Yes,No,No,No Membership,Yes
Female,23,68856.78,Mobile,2.57,4,1,No,No,Yes,No Membership,No
Female,25,60498.03,Tablet,0.24,6,1,Yes,Yes,No,Basic,No
Female,53,94768.97,Mobile,0.22,9,1,No,Yes,No,Premium,Yes
Male,42,45485.02,Tablet,8.54,4,3,No,Yes,No,No Membership,No
Male,61,89241.1,Mobile,4.82,6,2,No,No,No,No Membership,Yes
Female,64,92092.4,Desktop,9.18,2,0,No,No,No,No Membership,No
Male,57,79534.87,Desktop,7.17,8,3,Yes,No,No,No Membership,Yes
Female,24,53708.88,Mobile,14.28,2,2,Yes,Yes,No,No Membership,No
Male,63,59399.84,Tablet,13.02,3,2,No,Yes,No,No Membership,Yes
Male,40,32053.5,Mobile,9.32,4,1,No,No,No,Premium,Yes
Female,36,46853.56,Desktop,3.87,5,1,No,No,No,Basic,Yes
Male,63,66172.81,Desktop,2.21,7,1,Yes,No,Yes,No Membership,Yes
Female,39,29319.18,Mobile,4.24,4,1,No,Yes,No,Basic,No
Female,30,49637.6,Tablet,4.18,11,5,No,No,No,Premium,Yes
Female,38,90006.92,Mobile,5.65,2,4,No,Yes,No,Premium,Yes
Female,18,52221.45,Desktop,1.24,6,1,Yes,No,Yes,No Membership,No
Female,36,73605.31,Mobile,6.4,3,1,No,No,No,Premium,No
Female,50,65197.04,Desktop,3.66,3,3,Yes,No,Yes,No Membership,Yes
Female,21,49461.59,Desktop,5.81,5,1,No,Yes,No,No Membership,Yes
Male,59,52209.12,Mobile,1.64,5,2,Yes,No,Yes,Premium,Yes
Male,20,58003.57,Desktop,3.42,7,1,No,Yes,No,Premium,No
Male,44,18081.6,Mobile,1.42,6,3,No,No,No,No Membership,Yes
Male,58,72045.55,Mobile,12.49,4,0,Yes,Yes,Yes,Basic,Yes
Female,52,52869.16,Mobile,4.02,3,2,No,Yes,Yes,Basic,Yes
Female,45,72674.51,Mobile,1.53,7,2,No,No,No,No Membership,No
Female,23,61987.61,Mobile,0.25,3,1,No,No,No,Premium,No
Male,23,52073.93,Mobile,6.76,3,0,No,Yes,No,Premium,Yes
Female,61,58555.88,Mobile,1.45,4,1,Yes,Yes,No,No Membership,Yes
Male,40,58616.4,Mobile,27.39,5,2,Yes,Yes,No,Premium,Yes
Female,50,81571.42,Mobile,4.58,5,1,No,No,No,No Membership,Yes
Female,33,56127.78,Desktop,2.05,8,0,No,No,No,Basic,No
Male,41,60186.98,Desktop,6.43,10,0,Yes,Yes,No,Basic,Yes
Male,22,32285.98,Mobile,1.93,6,2,No,Yes,No,No Membership,Yes
Male,58,54153.22,Desktop,10.3,7,2,No,Yes,No,Basic,Yes
Female,59,81177.58,Desktop,2.21,5,1,No,Yes,No,Premium,Yes
Female,30,62718.78,Desktop,26.66,5,3,Yes,No,No,No Membership,Yes
Female,64,35541.78,Mobile,5.58,2,1,No,Yes,No,No Membership,No
Male,29,37471.09,Mobile,11.16,1,1,Yes,No,No,Basic,Yes
Male,22,41653.08,Desktop,0.45,5,0,Yes,No,Yes,Premium,No
Female,54,72993.36,Desktop,2.57,4,2,Yes,No,No,Premium,Yes
Female,48,70777.73,Mobile,8.02,0,1,No,Yes,No,No Membership,Yes
Male,45,12000.0,Mobile,6.39,4,1,Yes,No,No,Basic,No
Male,45,53535.06,Desktop,1.3,5,2,Yes,No,Yes,Premium,Yes
Female,47,57657.49,Desktop,2.64,6,0,Yes,Yes,No,Basic,Yes
Male,35,37681.42,Desktop,1.83,4,1,No,No,No,Premium,No
Male,61,47971.45,Mobile,5.7,7,1,Yes,Yes,No,Basic,No
Male,44,78957.97,Mobile,2.53,3,2,No,Yes,Yes,Basic,Yes
Female,52,62359.18,Mobile,2.22,4,2,No,No,No,Basic,No
Female,43,46007.51,Mobile,1.39,4,2,Yes,No,No,No Membership,Yes
Female,56,51628.45,Mobile,3.16,8,0,Yes,Yes,No,Basic,Yes
Female,35,50898.28,Desktop,1.31,3,1,No,Yes,No,No Membership,Yes
Female,50,60075.19,Mobile,19.71,5,0,No,No,Yes,Premium,Yes
Male,42,29264.85,Desktop,1.01,7,0,Yes,Yes,No,No Membership,No
Female,48,42944.4,Mobile,14.67,5,3,No,Yes,Yes,Basic,Yes
Male,54,73637.14,Mobile,3.36,5,2,No,Yes,No,No Membership,Yes
Female,19,53693.8,Mobile,2.85,6,1,Yes,No,No,Basic,Yes
Male,50,39701.65,Mobile,1.58,4,2,No,No,Yes,Premium,No
Male,56,40444.12,Desktop,6.06,5,1,No,Yes,No,No Membership,No
Male,60,67975.18,Mobile,6.94,8,4,No,Yes,No,Premium,Yes
Male,60,45679.51,Mobile,3.78,5,3,No,Yes,Yes,No Membership,No
Male,49,64196.26,Mobile,0.34,2,1,Yes,No,No,Basic,Yes
Male,35,43716.98,Mobile,15.04,7,2,No,No,Yes,Premium,Yes
Female,34,34660.63,Desktop,23.57,3,2,Yes,Yes,No,Premium,Yes
Male,51,59400.06,Mobile,3.38,4,1,No,Yes,No,Premium,No
Female,56,53247.14,Desktop,5.71,4,1,Yes,Yes,No,Basic,No
Female,24,67332.24,Desktop,3.59,3,4,Yes,Yes,No,Basic,Yes
Female,59,70914.24,Mobile,2.33,7,2,No,Yes,No,No Membership,No
Female,52,48556.6,Mobile,0.48,5,5,Yes,No,No,Basic,Yes
Female,47,61280.81,Desktop,3.65,1,2,No,Yes,No,No Membership,No
Male,29,48001.42,Desktop,10.24,3,0,Yes,No,Yes,Premium,No
Male,52,66405.65,Mobile,0.1,5,0,No,No,No,No Membership,Yes
Male,28,59201.48,Mobile,5.24,7,0,Yes,No,No,Basic,Yes
Female,61,43770.94,Mobile,12.76,6,1,No,Yes,Yes,Basic,Yes
Female,21,42263.6,Mobile,1.47,1,0,No,Yes,Yes,Basic,No
Male,42,59836.02,Mobile,1.21,2,0,No,Yes,No,No Membership,Yes
Male,49,75919.44,Mobile,8.88,2,1,Yes,No,No,Premium,Yes
Female,37,71223.33,Mobile,1.77,4,1,Yes,Yes,Yes,Basic,Yes
Male,48,38025.83,Mobile,1.28,4,1,Yes,No,Yes,No Membership,No
Female,21,39918.82,Mobile,2.85,12,0,No,No,Yes,Basic,Yes
Female,55,42571.4,Desktop,2.99,3,2,No,No,No,Basic,No
Female,64,44261.87,Desktop,12.43,4,2,No,No,Yes,No Membership,No
Female,18,22300.12,Tablet,5.78,9,2,Yes,Yes,No,Basic,Yes
Female,20,69220.78,Mobile,3.12,6,1,No,Yes,No,Basic,Yes
Male,54,46794.11,Desktop,4.59,4,1,No,Yes,No,Premium,No
Female,39,63317.34,Mobile,18.47,5,0,Yes,Yes,No,No Membership,Yes
Female,34,49316.36,Desktop,0.72,0,1,Yes,No,No,Basic,No
Male,31,54586.61,Mobile,1.4,9,2,Yes,No,No,Basic,Yes
Male,58,42666.65,Mobile,19.71,4,3,No,No,No,No Membership,Yes
Male,52,54491.36,Tablet,18.92,3,2,No,No,No,Premium,Yes
Male,30,39317.58,Desktop,1.17,4,4,Yes,No,Yes,Basic,Yes
Female,52,54624.89,Tablet,0.94,9,1,Yes,No,No,Basic,Yes
Female,60,81230.02,Mobile,3.28,6,2,Yes,No,No,Premium,No
Male,19,64370.88,Mobile,0.31,5,4,Yes,Yes,No,Basic,Yes
Male,64,60238.93,Mobile,6.38,4,2,No,No,No,No Membership,No
Female,30,31244.67,Desktop,0.48,5,0,Yes,No,No,Premium,Yes
Male,33,65210.62,Desktop,0.36,5,2,No,No,No,No Membership,No
Male,35,66960.16,Tablet,3.98,6,1,No,Yes,Yes,Basic,Yes
Female,24,59828.78,Mobile,18.99,3,3,No,Yes,Yes,Premium,Yes
Female,62,58857.08,Desktop,3.34,4,1,Yes,No,Yes,No Membership,Yes
Male,53,52476.74,Mobile,2.64,1,2,Yes,No,No,Basic,No
Male,58,66689.25,Mobile,37.16,2,2,Yes,No,No,Basic,Yes
Male,47,,Mobile,4.56,4,0,Yes,No,No,No Membership,No
Female,59,60949.51,Mobile,2.82,4,0,No,No,No,Basic,No
Female,58,37509.09,Mobile,2.93,6,1,No,Yes,Yes,No Membership,Yes
Male,24,38886.09,Mobile,1.3,3,0,Yes,Yes,No,No Membership,Yes
Female,32,68072.32,Mobile,4.31,6,3,Yes,Yes,No,Premium,Yes
Female,57,37655.35,Mobile,3.47,5,0,No,No,No,No Membership,No
Male,36,58618.99,Mobile,1.89,0,1,Yes,Yes,No,Basic,Yes
Male,60,48780.23,Mobile,1.05,3,3,No,Yes,No,No Membership,Yes
Female,54,35699.75,Mobile,2.24,3,1,Yes,No,No,No Membership,No
Male,19,69980.85,Tablet,4.26,8,0,No,Yes,Yes,Basic,Yes
Male,59,67721.87,Tablet,0.36,5,1,Yes,No,Yes,Premium,Yes
Female,30,30598.31,Mobile,1.0,6,1,No,Yes,Yes,No Membership,Yes
Female,57,63665.98,Tablet,17.7,5,1,No,No,No,No Membership,Yes
Female,58,61034.68,Desktop,4.7,2,1,Yes,No,Yes,No Membership,Yes
Female,60,70074.23,Mobile,0.39,7,0,No,No,No,No Membership,No
Female,60,58002.07,Mobile,7.09,4,3,No,No,Yes,Basic,No
Male,48,80683.05,Tablet,0.38,6,2,Yes,No,No,Premium,Yes
Female,33,52720.1,Desktop,8.06,6,3,No,Yes,Yes,No Membership,No
Male,59,50102.3,Desktop,8.32,6,1,No,No,No,Basic,No
Male,61,37453.76,Desktop,6.32,6,1,No,No,No,No Membership,No
Female,23,38189.05,Mobile,7.91,5,1,No,Yes,No,No Membership,Yes
Female,45,36559.27,Mobile,0.55,5,4,No,No,No,No Membership,Yes
Male,49,58931.19,Mobile,7.78,7,0,No,No,No,Basic,Yes
Female,61,50156.21,Mobile,0.88,5,1,Yes,No,Yes,No Membership,Yes
Male,27,60952.48,Mobile,2.49,7,1,No,Yes,Yes,Basic,No
Male,35,33233.52,Mobile,17.16,5,2,No,No,No,Basic,Yes
Male,21,39597.54,Mobile,4.19,7,1,No,No,No,No Membership,No
Female,26,39294.22,Mobile,20.55,7,1,Yes,No,Yes,No Membership,Yes
Female,24,94046.87,Mobile,0.56,4,0,No,Yes,No,Basic,Yes
Male,25,52017.74,Mobile,3.9,7,1,Yes,No,No,No Membership,Yes
Female,60,53805.41,Mobile,0.39,3,2,Yes,Yes,No,Basic,Yes
Male,24,53605.85,Mobile,5.97,5,0,Yes,Yes,No,No Membership,Yes
Female,58,82950.93,Desktop,0.49,11,0,Yes,No,Yes,No Membership,Yes
Male,57,25959.89,Tablet,1.16,4,4,No,No,No,Premium,Yes
Male,20,53921.81,Mobile,1.8,4,1,No,No,Yes,Premium,No
Female,34,25791.15,Mobile,8.29,6,1,Yes,Yes,No,Basic,Yes
Male,19,12163.34,Desktop,1.07,4,1,Yes,Yes,Yes,Basic,Yes
Male,32,41783.68,Mobile,11.25,5,0,Yes,Yes,No,Basic,Yes
Female,63,62418.95,Desktop,0.85,7,1,No,No,No,Premium,No
Female,46,40639.95,Mobile,0.22,4,2,No,Yes,No,Premium,No
Male,39,62123.77,Desktop,3.02,3,0,No,Yes,No,No Membership,No
Male,21,56916.57,Tablet,23.31,7,2,No,Yes,No,Basic,Yes
Male,23,52496.82,Desktop,0.7,2,2,No,No,No,No Membership,Yes
Female,55,77769.34,Mobile,0.64,1,3,No,Yes,No,No Membership,Yes
Male,43,44271.34,Desktop,8.35,2,1,No,No,Yes,No Membership,Yes
Female,28,61851.8,Desktop,2.25,3,0,No,Yes,Yes,Basic,Yes
Female,43,22544.44,Desktop,7.58,2,0,Yes,No,Yes,Basic,No
Male,34,56778.03,Mobile,1.34,8,1,No,No,Yes,No Membership,No
Male,41,50370.11,Desktop,3.7,2,1,No,No,No,Basic,No
Male,45,33719.56,Mobile,1.85,7,0,No,Yes,Yes,Basic,No
Male,52,62172.98,Mobile,3.6,2,0,No,No,Yes,No Membership,No
Female,48,41698.88,Desktop,8.79,5,3,No,Yes,No,No Membership,Yes
Male,30,86179.32,Mobile,8.61,4,3,No,No,Yes,Basic,Yes
Male,52,12000.0,Desktop,4.35,3,0,No,No,Yes,No Membership,No
Female,33,59468.65,Desktop,15.82,0,3,No,Yes,No,Premium,Yes
Male,32,55768.55,Mobile,1.84,2,1,No,No,No,Premium,No
Female,60,49944.45,Desktop,1.65,4,2,No,No,Yes,Basic,No
Male,35,45473.76,Tablet,5.71,6,1,No,Yes,Yes,Premium,No
Female,64,56235.31,Mobile,5.83,5,0,No,Yes,No,Premium,No
Female,54,74119.44,Desktop,0.29,5,1,No,No,Yes,Premium,Yes
Female,58,24900.66,Mobile,5.62,3,1,No,No,No,No Membership,Yes
Female,44,40492.24,Mobile,2.81,5,2,Yes,Yes,Yes,Basic,Yes
Male,52,36094.29,Mobile,8.26,5,0,No,Yes,No,Premium,Yes
Male,62,35248.74,Mobile,9.9,8,1,Yes,Yes,No,No Membership,Yes
Female,52,61169.48,Mobile,4.82,4,1,No,Yes,Yes,No Membership,Yes
Female,45,65608.07,Tablet,0.01,4,4,Yes,Yes,No,No Membership,Yes
Male,56,74171.85,Desktop,6.07,4,0,No,No,No,Premium,Yes
Male,55,65891.76,Mobile,8.29,7,3,No,Yes,No,No Membership,Yes
Male,26,67350.55,Mobile,1.72,8,2,Yes,Yes,No,Basic,Yes
Male,29,29587.45,Mobile,3.75,10,0,Yes,No,No,No Membership,Yes
Male,32,81704.14,Mobile,20.24,6,2,No,No,No,Basic,Yes
Female,38,51224.36,Mobile,2.12,3,0,No,Yes,Yes,No Membership,Yes
Male,52,73593.93,Mobile,1.52,5,2,No,No,Yes,No Membership,No
Male,59,30228.99,Mobile,1.42,4,0,No,No,No,Basic,No
Female,50,50654.44,Mobile,4.91,2,5,Yes,Yes,Yes,No Membership,Yes
Female,36,71974.29,Desktop,17.95,4,1,Yes,No,No,Basic,Yes
Female,40,55502.64,Desktop,5.63,2,1,No,No,No,Basic,Yes
Female,30,41428.54,Mobile,2.17,6,3,No,Yes,Yes,No Membership,Yes
Male,61,78576.64,Mobile,6.11,6,0,Yes,Yes,No,Basic,No
Female,18,33914.54,Mobile,5.88,4,3,Yes,No,No,No Membership,No
Female,46,54632.32,Tablet,5.45,3,1,No,No,No,Basic,No
Male,41,66523.07,Desktop,1.04,6,0,Yes,No,No,Basic,No
Female,33,92722.43,Desktop,6.04,7,0,Yes,Yes,No,No Membership,Yes
Female,42,46749.6,Tablet,3.37,8,2,Yes,No,No,Basic,Yes
Male,40,50023.88,Mobile,0.11,2,0,Yes,No,No,Premium,Yes
Male,45,46995.56,Tablet,4.66,4,2,No,Yes,Yes,No Membership,Yes
Male,64,59292.46,Mobile,27.21,1,1,No,Yes,Yes,No Membership,Yes
Male,33,65582.71,Mobile,2.58,3,1,Yes,No,Yes,No Membership,No
Male,60,74679.64,Desktop,20.21,5,0,Yes,No,No,Basic,Yes
Female,55,68608.86,Mobile,0.61,5,2,Yes,No,Yes,No Membership,Yes
Male,28,46047.27,Desktop,7.91,6,1,No,Yes,No,No Membership,Yes
Female,20,69640.68,Mobile,0.73,4,5,No,No,Yes,No Membership,No
Female,32,56647.82,Desktop,1.92,5,2,No,No,No,Basic,No
Female,18,68414.54,Mobile,5.08,5,5,No,No,Yes,No Membership,No
Female,24,69442.61,Mobile,5.39,7,1,No,No,No,Basic,No
Male,18,84342.26,Tablet,8.96,2,1,No,No,Yes,Basic,No
Male,49,48617.37,Desktop,5.73,6,2,No,Yes,No,Premium,Yes
Female,26,45180.05,Tablet,5.4,4,3,No,No,No,No Membership,Yes
Female,46,63048.94,Desktop,14.61,4,1,Yes,Yes,Yes,Basic,Yes
Female,43,76285.3,Desktop,3.61,3,0,No,Yes,No,Basic,No
Male,40,56045.15,Desktop,1.53,4,0,No,No,No,Premium,No
Female,62,77458.82,Mobile,1.06,11,2,No,No,No,Basic,Yes
Male,60,67421.05,Mobile,3.06,3,1,No,No,No,Premium,Yes
Female,46,51378.12,Mobile,7.48,2,0,No,No,No,No Membership,No
Female,55,65140.04,Desktop,0.26,5,1,No,Yes,Yes,No Membership,Yes
Male,50,47173.12,Mobile,0.83,2,2,No,No,No,Premium,Yes
Female,24,59294.8,Tablet,0.67,5,2,No,Yes,No,Basic,Yes
Male,29,35683.14,Mobile,5.28,9,3,Yes,No,No,No Membership,Yes
Male,48,53773.18,Desktop,1.67,7,1,No,No,No,No Membership,No
Female,49,72994.4,Mobile,1.09,6,2,Yes,Yes,No,No Membership,Yes
Female,37,68808.64,Mobile,5.39,11,3,No,No,No,Premium,Yes
Female,34,,Tablet,8.6,2,2,No,No,No,No Membership,No
Female,53,60174.63,Mobile,2.42,7,2,Yes,Yes,No,No Membership,Yes
Male,20,57877.23,Mobile,5.18,6,1,No,Yes,No,Premium,Yes
Female,18,32192.97,Mobile,0.62,5,1,No,Yes,No,No Membership,Yes
Female,44,51290.46,Mobile,16.42,4,1,No,Yes,Yes,Basic,Yes
Male,64,58287.08,Mobile,2.46,7,6,No,No,No,No Membership,Yes
Female,57,34760.74,Desktop,35.96,5,3,Yes,No,No,No Membership,Yes
Male,50,23468.39,Mobile,23.06,4,1,No,Yes,Yes,Premium,Yes
Female,37,75318.99,Desktop,9.05,3,3,No,No,No,No Membership,Yes
Male,31,55915.09,Mobile,0.12,7,4,No,No,Yes,No Membership,Yes
Male,53,58779.63,Desktop,4.7,9,1,No,No,No,No Membership,No
Male,22,65001.28,Desktop,0.55,2,1,No,No,No,No Membership,No
Female,40,37320.99,Mobile,13.53,7,2,Yes,No,No,Basic,No
Male,62,47737.08,Mobile,9.35,3,0,Yes,No,No,Basic,No
Male,32,82073.22,Mobile,21.53,6,2,Yes,Yes,Yes,Basic,Yes
Female,23,46204.2,Desktop,5.62,6,1,Yes,Yes,No,Basic,No
Female,50,50214.6,Desktop,4.43,3,1,Yes,No,No,Premium,Yes
Male,36,42949.21,Tablet,4.39,11,1,No,Yes,Yes,Premium,Yes
Male,30,41664.62,Mobile,2.93,6,1,No,No,Yes,Basic,No
Male,46,74898.66,Mobile,3.79,6,1,Yes,Yes,Yes,Basic,Yes
Male,23,12000.0,Mobile,6.05,4,2,No,No,No,Basic,Yes
Female,32,46773.75,Mobile,16.21,4,3,Yes,No,No,Basic,Yes
Female,33,59057.38,Mobile,5.44,5,2,Yes,No,No,Basic,No
Female,41,85542.24,Mobile,11.67,4,1,Yes,No,No,No Membership,Yes
Male,40,34565.94,Desktop,11.92,7,1,No,No,No,No Membership,No
Female,27,31497.92,Mobile,4.39,6,3,No,No,No,Basic,Yes
Female,58,39518.19,Desktop,2.56,11,2,Yes,Yes,No,No Membership,Yes
Female,58,67630.7,Mobile,6.12,1,4,No,No,No,No Membership,Yes
Female,34,57255.14,Tablet,3.54,4,2,Yes,Yes,No,Premium,No
Female,61,29032.56,Tablet,0.51,8,1,Yes,Yes,Yes,No Membership,No
Female,62,56792.04,Tablet,2.85,1,1,Yes,No,No,No Membership,No
Male,47,82925.88,Desktop,30.77,3,0,Yes,No,No,Basic,Yes
Female,61,59760.65,Desktop,0.3,17,0,No,No,No,Basic,Yes
Female,63,57962.04,Desktop,7.16,5,1,No,Yes,No,No Membership,Yes
Female,27,59045.36,Mobile,11.04,5,3,Yes,No,No,Premium,Yes
Male,36,62461.05,Desktop,6.28,10,0,Yes,Yes,No,Basic,Yes
Female,46,32192.17,Desktop,5.06,5,2,No,No,No,No Membership,No
Female,19,50825.37,Tablet,7.38,6,2,Yes,No,No,No Membership,No
Male,53,51764.39,Mobile,3.37,2,2,No,No,Yes,Basic,No
Male,36,46297.56,Mobile,0.57,3,2,No,Yes,Yes,No Membership,No
Female,24,67350.19,Desktop,19.68,3,1,Yes,Yes,No,No Membership,Yes
Female,43,43588.12,Tablet,3.4,10,3,Yes,No,No,Basic,Yes
Female,32,48520.57,Mobile,6.57,5,1,Yes,No,No,Basic,No
Male,64,32316.89,Mobile,4.55,6,2,No,Yes,No,No Membership,No
Female,55,61809.59,Mobile,0.34,5,1,Yes,Yes,No,Basic,No
Male,20,71954.25,Mobile,18.31,1,2,No,Yes,No,Premium,Yes
Male,55,48501.63,Mobile,9.44,2,2,No,Yes,No,Basic,Yes
Male,33,69533.03,Mobile,0.97,6,2,No,No,Yes,No Membership,Yes
Male,19,52354.78,Desktop,23.99,10,2,No,No,No,Basic,Yes
Male,48,12000.0,Mobile,8.01,5,1,No,Yes,No,Basic,Yes
Male,45,54072.72,Mobile,3.84,6,3,Yes,No,Yes,No Membership,Yes
Male,24,51839.72,Desktop,5.67,3,0,No,Yes,Yes,Basic,No
Male,47,56853.92,Tablet,0.68,3,2,No,No,No,Basic,Yes
Female,60,59557.34,Tablet,4.93,2,2,Yes,No,No,Basic,Yes
Male,24,42689.41,Mobile,0.46,2,0,No,No,Yes,Premium,No
Male,53,81483.67,Tablet,4.72,3,3,Yes,No,No,Basic,Yes
Female,46,53809.09,Mobile,4.83,8,1,No,Yes,No,Premium,No
Male,41,51406.05,Desktop,12.45,9,1,No,No,Yes,No Membership,Yes
Female,56,68401.53,Desktop,7.75,3,0,Yes,No,No,Basic,Yes
Male,21,55333.72,Mobile,1.72,4,1,No,Yes,No,No Membership,No
Male,46,101185.15,Mobile,13.16,8,1,Yes,Yes,No,No Membership,Yes
Female,61,51221.66,Mobile,5.11,6,1,No,Yes,Yes,No Membership,No
Female,22,61332.68,Desktop,5.59,7,1,No,No,No,Basic,Yes
Female,46,41515.25,Mobile,1.11,6,0,No,Yes,No,Premium,No
Female,47,70669.64,Desktop,11.7,4,1,Yes,No,No,No Membership,No
Female,46,60556.93,Mobile,16.04,3,0,No,No,No,Basic,No
Male,43,48898.58,Mobile,8.95,6,1,Yes,No,No,No Membership,No
Male,36,39296.11,Tablet,16.96,6,2,Yes,No,Yes,Basic,Yes
Male,43,31430.4,Desktop,2.16,6,2,Yes,No,No,Basic,No
Male,54,62536.86,Tablet,11.84,5,2,No,Yes,No,No Membership,Yes
Female,44,30036.17,Mobile,4.03,7,0,Yes,Yes,No,No Membership,Yes
Female,47,78552.54,Mobile,1.07,4,0,Yes,No,Yes,No Membership,No
Male,47,32268.79,Mobile,6.63,8,2,No,No,No,Basic,Yes
Female,20,51789.25,Mobile,6.91,1,2,Yes,Yes,No,No Membership,Yes
Female,60,39132.26,Mobile,2.03,8,1,No,Yes,No,Basic,No
Male,24,55588.35,Desktop,0.17,8,0,No,No,No,No Membership,No
Male,26,55477.13,Mobile,1.34,8,1,Yes,No,No,Basic,Yes
Male,58,63006.45,Mobile,3.06,3,0,Yes,No,No,No Membership,No
Male,59,27526.98,Mobile,1.1,5,5,No,Yes,No,No Membership,Yes
Male,30,41253.35,Desktop,1.29,3,1,No,No,No,Basic,No
Female,32,72469.85,Desktop,2.98,3,1,No,No,No,Basic,Yes
Male,22,66853.93,Mobile,19.59,11,2,No,No,No,No Membership,Yes
Male,46,12000.0,Mobile,8.67,4,1,No,Yes,No,No Membership,No
Female,52,61790.13,Mobile,2.31,5,1,No,Yes,No,Basic,Yes
Female,44,36415.63,Tablet,18.17,4,2,No,Yes,No,No Membership,Yes
Female,44,44347.19,Tablet,6.22,5,2,Yes,No,No,No Membership,Yes
Male,25,50908.1,Desktop,3.65,8,2,No,No,Yes,Premium,Yes
Male,49,83033.02,Mobile,3.79,3,0,No,No,No,No Membership,No
Female,37,36231.45,Mobile,3.17,7,2,No,No,No,Premium,Yes
Male,27,29729.92,Desktop,1.59,3,1,No,No,No,Premium,No
Male,30,63105.74,Tablet,2.93,2,2,No,No,Yes,Basic,Yes
Female,46,54495.68,Tablet,4.5,5,1,No,Yes,No,No Membership,No
Female,52,76726.06,Desktop,4.51,3,1,No,No,Yes,Basic,No
Male,25,48648.99,Mobile,8.61,8,2,Yes,Yes,No,Basic,Yes
Male,46,76794.71,Tablet,2.67,4,3,Yes,Yes,No,No Membership,Yes
Male,48,55292.83,Desktop,7.57,4,0,No,Yes,No,Basic,Yes
Male,58,64524.07,Desktop,5.18,8,1,No,No,No,Premium,No
Male,47,84230.98,Mobile,19.6,2,2,No,No,No,Basic,Yes
Male,39,51989.54,Mobile,2.92,8,1,No,Yes,No,Basic,Yes
Male,38,73803.99,Mobile,13.89,9,4,Yes,No,Yes,No Membership,Yes
Female,29,43955.23,Mobile,10.31,3,1,Yes,No,No,No Membership,Yes
Female,28,59095.7,Mobile,6.09,6,1,No,Yes,Yes,No Membership,Yes
Female,19,28996.13,Desktop,6.38,5,1,No,Yes,No,No Membership,Yes
Male,58,45922.24,Mobile,0.53,7,0,No,No,No,Premium,No
Male,19,35955.37,Mobile,18.0,4,3,Yes,Yes,Yes,Premium,Yes
Male,51,76973.55,Mobile,0.68,3,1,Yes,No,Yes,Basic,Yes
Male,20,86298.37,Mobile,4.97,5,2,No,No,No,Basic,Yes
Male,33,48615.37,Tablet,2.4,6,2,No,No,No,No Membership,No
Female,21,41085.31,Mobile,3.37,5,1,Yes,No,Yes,No Membership,No
Female,40,31349.0,Mobile,5.65,4,0,No,No,No,Basic,No
Female,37,59761.74,Tablet,14.37,4,4,No,Yes,No,Basic,Yes
Male,42,44158.85,Desktop,3.67,6,2,No,No,No,No Membership,No
Female,47,45123.11,Mobile,26.4,1,0,Yes,Yes,No,No Membership,Yes
Male,35,84332.6,Desktop,5.39,3,1,No,No,Yes,No Membership,No
Male,59,49664.82,Desktop,1.05,8,0,No,No,No,Premium,No
Male,28,65559.69,Desktop,1.26,3,1,Yes,Yes,No,No Membership,No
Female,46,55953.3,Mobile,7.56,4,2,Yes,No,No,No Membership,No
Female,34,30606.3,Tablet,0.31,4,3,No,No,No,No Membership,Yes
Male,43,21792.15,Mobile,3.93,7,1,No,No,Yes,No Membership,No
Female,40,63775.4,Mobile,0.96,12,2,No,No,No,Premium,Yes
Female,37,85673.99,Mobile,3.41,2,2,No,No,No,No Membership,Yes
Male,62,60669.78,Mobile,8.32,6,0,No,Yes,No,Basic,Yes
Male,19,66233.62,Tablet,3.68,8,2,Yes,No,No,Basic,Yes
Male,41,38715.29,Desktop,1.07,2,4,No,No,No,No Membership,Yes
Female,48,73268.1,Mobile,1.74,2,1,Yes,Yes,No,Premium,No
Male,44,73045.08,Mobile,2.75,6,2,Yes,No,No,Premium,Yes
Female,19,42468.43,Mobile,0.43,1,4,No,Yes,No,Premium,Yes
Male,31,64817.36,Tablet,5.27,5,2,Yes,No,No,No Membership,Yes
Female,21,23204.48,Desktop,5.61,5,1,Yes,No,No,No Membership,Yes
Male,30,68030.42,Desktop,0.39,4,1,Yes,No,Yes,Premium,No
Female,53,44696.48,Desktop,3.09,3,3,Yes,No,No,Premium,Yes
Female,52,32911.68,Desktop,3.21,4,0,Yes,No,No,No Membership,No
Female,61,62247.52,Desktop,2.44,6,1,No,Yes,Yes,No Membership,Yes
Female,25,23108.86,Mobile,4.9,7,2,No,Yes,No,No Membership,Yes
Male,19,61163.44,Desktop,2.55,3,0,No,No,No,Basic,Yes
Female,23,34618.98,Desktop,3.23,6,3,Yes,Yes,No,No Membership,Yes
Male,48,30767.03,Desktop,9.58,4,2,Yes,No,No,Basic,No
Male,27,56077.35,Tablet,1.06,5,1,Yes,No,Yes,No Membership,No
Female,61,51894.08,Desktop,5.79,8,2,Yes,Yes,No,Basic,Yes
Male,38,81222.21,Desktop,4.23,8,4,Yes,Yes,Yes,No Membership,Yes
Female,59,31873.58,Tablet,2.18,10,0,No,No,No,No Membership,No
Female,27,79750.98,Mobile,7.8,8,2,Yes,No,Yes,No Membership,Yes
Male,40,34522.4,Mobile,4.81,7,4,Yes,Yes,No,No Membership,Yes
Female,20,71549.96,Desktop,3.89,4,0,No,Yes,Yes,No Membership,No
Male,49,74909.67,Mobile,6.61,2,2,No,No,No,Basic,Yes
Male,37,60786.26,Desktop,9.73,5,2,No,No,No,Premium,Yes
Male,27,40762.83,Desktop,21.6,10,1,No,Yes,No,Premium,Yes
Female,46,27586.82,Desktop,5.95,6,2,Yes,No,No,No Membership,No
Female,58,19868.02,Tablet,12.45,7,1,Yes,No,No,Basic,No
Female,63,88341.24,Mobile,0.01,3,1,Yes,Yes,Yes,No Membership,No
Female,51,49656.61,Desktop,4.53,10,1,No,Yes,No,Premium,Yes
Male,54,35115.98,Desktop,1.45,6,6,No,No,Yes,No Membership,Yes
Male,37,34423.11,Mobile,0.59,3,1,Yes,Yes,Yes,No Membership,No
Female,25,58021.52,Mobile,4.56,7,0,No,Yes,No,No Membership,Yes
Male,24,47892.66,Desktop,8.24,3,2,Yes,No,No,Premium,No
Male,23,20452.73,Desktop,3.19,7,2,No,Yes,Yes,Premium,Yes
Male,28,70561.73,Desktop,6.65,6,0,No,No,Yes,No Membership,No
Female,61,61029.7,Mobile,4.04,2,0,No,Yes,No,No Membership,Yes
Female,35,88118.4,Mobile,3.45,7,0,No,No,No,No Membership,No
Male,59,75534.25,Mobile,2.06,4,2,Yes,Yes,No,Basic,Yes
Male,46,12000.0,Mobile,2.89,0,1,No,No,No,Basic,No
Female,42,80505.53,Tablet,2.58,4,2,Yes,No,No,Basic,Yes
Female,38,76734.84,Mobile,6.23,6,3,Yes,No,No,Basic,Yes
Male,63,41745.29,Tablet,0.74,9,1,No,Yes,No,Basic,No
Female,20,47213.64,Tablet,0.58,2,1,No,No,No,No Membership,Yes
Male,35,62411.05,Tablet,6.47,8,1,No,Yes,No,Basic,Yes
Male,41,36744.13,Mobile,4.74,2,4,No,Yes,No,No Membership,No
Female,64,50630.88,Tablet,3.37,8,1,Yes,Yes,No,No Membership,No
Female,55,73000.67,Mobile,0.99,6,2,No,No,Yes,Basic,No
Male,27,64319.1,Mobile,3.18,5,2,No,No,Yes,Premium,Yes
Female,44,42997.87,Mobile,9.36,5,1,No,No,No,Basic,Yes
Female,29,73409.69,Tablet,13.22,2,1,Yes,Yes,No,Basic,No
Female,24,60452.11,Mobile,7.28,7,2,No,No,No,Premium,Yes
Female,34,59836.7,Mobile,0.37,3,1,No,No,No,Basic,No
Female,18,45731.22,Mobile,6.66,6,4,Yes,No,No,Premium,Yes
Male,43,54882.31,Mobile,1.65,4,1,No,No,No,Basic,Yes
Male,32,41066.35,Mobile,2.27,2,4,No,No,Yes,No Membership,No
Male,50,20070.07,Desktop,1.31,3,3,Yes,No,Yes,Premium,Yes
Male,54,49963.74,Desktop,8.97,5,2,No,No,Yes,Basic,Yes
Female,64,52801.26,Tablet,6.28,9,1,No,No,No,Premium,Yes
Female,48,57471.2,Desktop,5.68,5,0,Yes,No,No,Basic,No
Male,52,76818.78,Tablet,6.62,6,1,Yes,No,No,Premium,Yes
Male,18,43258.87,Mobile,1.62,7,1,Yes,No,Yes,Premium,Yes
Male,25,48380.46,Desktop,3.53,4,1,No,No,No,No Membership,No
Male,29,68791.2,Desktop,6.02,10,0,No,Yes,No,Premium,Yes
Female,36,41454.6,Mobile,6.07,5,3,No,No,No,Basic,Yes
Male,42,57767.49,Desktop,9.42,10,2,No,Yes,No,No Membership,Yes
Female,49,47650.92,Desktop,2.03,7,2,No,Yes,No,Premium,Yes
Female,29,50614.76,Desktop,8.83,2,1,No,No,No,Basic,No
Male,30,68646.61,Desktop,3.48,3,1,Yes,No,No,No Membership,Yes
Male,45,48277.84,Mobile,6.66,5,2,No,No,Yes,Basic,Yes
Male,18,69233.39,Desktop,3.65,2,2,No,No,No,No Membership,Yes
Female,23,19856.2,Mobile,17.81,1,2,Yes,No,Yes,No Membership,Yes
Female,25,29266.94,Desktop,1.19,3,0,No,No,No,Premium,No
Male,21,13272.4,Desktop,6.74,7,5,No,No,No,Basic,Yes
Female,22,34016.13,Tablet,5.16,8,0,No,No,No,Premium,Yes
Female,42,88423.19,Mobile,1.14,9,2,No,No,No,Premium,Yes
Male,39,54684.35,Mobile,0.41,4,1,No,Yes,No,No Membership,No
Male,45,42016.55,Mobile,9.63,0,1,No,No,No,Basic,No
Female,56,69090.52,Mobile,1.03,5,0,Yes,Yes,No,No Membership,No
Female,40,71632.2,Desktop,1.24,2,0,No,No,No,No Membership,No
Female,21,33024.74,Desktop,23.02,7,1,No,No,No,No Membership,Yes
Female,21,99967.6,Desktop,7.58,4,0,No,No,Yes,No Membership,Yes
Female,64,59973.96,Desktop,1.73,2,2,Yes,Yes,No,No Membership,No
Male,38,62242.34,Mobile,5.36,3,0,Yes,No,No,Premium,Yes
Female,54,63950.2,Mobile,4.58,5,1,Yes,No,No,No Membership,No
Female,58,63912.48,Mobile,11.17,5,1,No,Yes,Yes,Basic,Yes
Female,19,43813.48,Desktop,7.84,4,1,Yes,No,No,Premium,Yes
Male,24,93025.35,Desktop,10.69,6,1,No,No,No,Basic,Yes
Male,33,49866.61,Desktop,1.43,8,3,No,Yes,No,No Membership,No
Male,34,72235.32,Mobile,6.13,5,2,Yes,Yes,No,No Membership,Yes
Male,37,46451.18,Mobile,0.25,7,1,No,Yes,No,Premium,No
Male,40,43259.2,Tablet,0.43,1,2,No,Yes,No,Premium,Yes
Female,51,89233.56,Mobile,7.5,5,1,Yes,Yes,No,Premium,Yes
Female,28,53049.32,Desktop,0.15,2,0,No,Yes,No,Basic,No
Male,51,54386.07,Mobile,5.2,4,1,No,No,No,Premium,Yes
Female,50,60105.11,Mobile,11.01,5,1,No,No,No,Basic,Yes
Male,43,101831.87,Desktop,2.87,4,0,No,Yes,Yes,Premium,Yes
Male,19,94037.7,Mobile,0.28,5,1,Yes,Yes,No,No Membership,Yes
Male,40,78108.09,Desktop,7.51,4,0,No,Yes,No,No Membership,Yes
Female,58,106365.21,Desktop,15.93,5,2,Yes,Yes,Yes,Premium,Yes
Male,39,37997.62,Mobile,7.58,8,0,No,Yes,No,No Membership,No
Male,51,66805.91,Desktop,5.18,3,0,Yes,No,Yes,Basic,No
Male,32,56364.81,Desktop,1.57,5,0,Yes,Yes,No,No Membership,Yes
Female,27,23156.42,Mobile,0.09,9,3,Yes,Yes,Yes,Basic,Yes
Male,32,63335.74,Desktop,7.12,8,3,No,No,No,No Membership,Yes
Female,59,46165.12,Desktop,1.58,8,0,No,Yes,No,No Membership,No
Female,46,82603.02,Mobile,11.72,2,1,No,Yes,Yes,No Membership,Yes
Female,40,47889.61,Tablet,3.77,10,2,No,No,No,No Membership,Yes
Female,34,46865.94,Mobile,4.54,1,0,Yes,No,No,Basic,Yes
Male,26,82595.24,Desktop,8.41,0,3,No,Yes,Yes,Basic,Yes
Male,53,53821.83,Desktop,9.07,5,3,Yes,Yes,No,No Membership,Yes
Female,26,75931.8,Mobile,6.17,1,0,Yes,Yes,No,No Membership,Yes
Male,33,62638.47,Mobile,16.73,6,1,Yes,No,No,Basic,Yes
Female,53,62879.89,Mobile,24.2,6,2,Yes,No,Yes,Basic,Yes
Female,50,50607.15,Mobile,17.61,1,1,Yes,Yes,No,No Membership,Yes
Female,48,64039.78,Desktop,10.43,7,1,Yes,Yes,Yes,No Membership,Yes
Female,23,52633.15,Desktop,7.34,5,1,Yes,No,No,Premium,Yes
Female,27,40531.54,Mobile,6.53,5,2,No,Yes,No,Basic,Yes
Female,33,53123.42,Desktop,0.66,6,2,Yes,Yes,Yes,Basic,Yes
Male,21,78180.95,Tablet,1.9,2,2,No,Yes,No,No Membership,No
Female,39,64648.17,Desktop,0.03,2,1,Yes,No,No,Premium,Yes
Male,30,68831.93,Desktop,0.89,4,3,No,Yes,No,Basic,Yes
Male,33,55026.41,Desktop,3.47,9,0,Yes,Yes,Yes,Basic,Yes
Female,46,20119.78,Mobile,0.95,5,1,No,No,Yes,No Membership,No
Male,23,33014.29,Mobile,13.92,4,1,No,No,No,Basic,Yes
Male,43,49797.9,Desktop,9.83,6,1,No,No,No,Premium,Yes
Male,28,34568.88,Mobile,0.45,5,2,Yes,Yes,No,No Membership,No
Female,41,45561.56,Desktop,1.72,10,3,Yes,No,Yes,No Membership,Yes
Female,46,44910.02,Desktop,10.26,6,1,No,Yes,Yes,No Membership,Yes
Female,20,45452.64,Desktop,9.75,11,0,No,Yes,No,Basic,Yes
Male,27,80869.06,Mobile,17.45,7,3,No,Yes,Yes,Basic,Yes
Female,18,54046.39,Mobile,36.06,1,1,No,No,No,Basic,Yes
Female,60,71824.06,Mobile,22.45,7,2,Yes,No,No,Basic,Yes
Male,43,57951.01,Mobile,3.17,3,1,Yes,Yes,Yes,Basic,Yes
Male,29,80483.44,Mobile,1.73,3,1,No,No,No,Basic,No
Male,31,73377.63,Desktop,8.52,2,1,No,No,No,No Membership,Yes
Female,42,44352.71,Mobile,2.13,5,1,No,Yes,Yes,No Membership,Yes
Female,25,90309.33,Mobile,9.85,6,2,No,Yes,No,Basic,Yes
Female,60,46818.6,Mobile,4.58,3,3,Yes,Yes,No,Basic,Yes
Male,21,58600.01,Mobile,9.48,9,1,No,No,No,No Membership,Yes
Female,45,61786.48,Mobile,1.94,2,5,No,No,Yes,Basic,Yes
Female,24,63790.57,Mobile,4.26,3,2,No,Yes,Yes,Basic,Yes
Female,27,69331.24,Tablet,4.98,3,0,Yes,Yes,Yes,Premium,Yes
Female,53,41377.88,Mobile,17.2,4,3,No,Yes,No,Premium,Yes
Male,19,67822.03,Desktop,1.86,5,2,Yes,No,No,No Membership,Yes
Male,43,65460.62,Tablet,16.56,3,2,No,Yes,No,No Membership,Yes
Female,31,55008.5,Mobile,9.8,5,2,Yes,No,No,Premium,Yes
Female,33,51584.62,Desktop,7.88,4,1,No,Yes,No,No Membership,No
Female,60,40454.17,Mobile,9.28,5,6,No,No,No,Basic,Yes
Male,59,63646.32,Mobile,5.58,3,0,No,Yes,No,Premium,Yes
Female,34,43111.55,Mobile,1.68,4,0,No,Yes,Yes,No Membership,Yes
Male,63,59281.85,Mobile,1.26,7,2,No,Yes,No,No Membership,No
Male,39,53176.08,Mobile,12.07,7,0,No,No,No,Basic,No
Female,21,30985.11,Mobile,7.75,4,4,Yes,Yes,No,Basic,Yes
Female,36,38198.11,Desktop,1.44,4,0,No,No,No,Basic,No
Male,19,62285.97,Tablet,5.73,7,3,Yes,Yes,No,Premium,Yes
Male,56,45562.27,Mobile,3.56,7,1,No,Yes,No,Premium,Yes
Male,26,44948.44,Mobile,1.04,5,2,No,No,No,Basic,No
Male,36,41248.95,Mobile,4.55,3,0,Yes,Yes,No,No Membership,Yes
Female,33,41859.79,Mobile,1.98,2,2,No,No,Yes,No Membership,Yes
Female,42,84568.0,Desktop,0.61,4,0,No,No,No,Basic,No
Male,35,34841.1,Mobile,3.77,1,1,No,No,No,Basic,No
Female,40,81512.26,Mobile,5.35,6,1,No,Yes,Yes,No Membership,No
Female,38,49046.84,Desktop,0.29,5,2,No,Yes,No,No Membership,Yes
Female,28,43232.42,Desktop,3.09,8,2,No,Yes,Yes,Basic,Yes
Male,56,61908.82,Mobile,1.79,10,1,No,No,Yes,No Membership,Yes
Female,58,55954.73,Desktop,0.19,4,1,No,No,No,No Membership,Yes
Male,21,51445.0,Mobile,0.81,5,1,No,Yes,Yes,Basic,Yes
Male,42,58957.91,Mobile,0.9,3,4,Yes,No,No,No Membership,Yes
Male,49,55669.57,Mobile,1.21,5,2,Yes,No,No,Basic,Yes
Male,47,51119.24,Mobile,9.76,4,0,No,No,No,Basic,No
Male,62,71842.14,Tablet,3.47,6,2,Yes,Yes,No,Premium,No
Male,43,28954.42,Mobile,0.95,8,2,No,Yes,No,Premium,Yes
Male,53,38536.03,Mobile,0.63,2,3,No,Yes,No,No Membership,No
Female,51,40812.13,Mobile,2.12,5,0,No,Yes,Yes,No Membership,No
Female,26,35957.14,Mobile,9.6,9,2,No,Yes,Yes,Basic,No
Male,29,56546.68,Desktop,2.72,9,2,No,Yes,No,Premium,Yes
Female,19,64097.55,Mobile,1.05,10,1,Yes,Yes,No,No Membership,Yes
Female,55,19674.45,Mobile,3.11,7,1,No,No,No,Basic,Yes
Female,22,46467.04,Desktop,4.86,3,0,Yes,No,Yes,Premium,Yes
Male,22,49210.06,Mobile,0.18,3,0,No,No,Yes,Basic,Yes
Female,39,49854.59,Mobile,5.93,7,1,No,Yes,Yes,Basic,Yes
Female,22,31868.42,Mobile,3.02,3,0,Yes,Yes,No,No Membership,Yes
Female,21,49360.22,Mobile,0.06,10,1,Yes,No,No,Premium,Yes
Male,26,38599.79,Mobile,6.72,5,1,Yes,No,No,Basic,No
Female,46,48981.21,Mobile,7.48,5,2,No,No,Yes,Basic,No
Female,39,24046.7,Desktop,5.95,5,4,No,No,Yes,Basic,Yes
Female,44,49103.93,Desktop,2.51,4,1,No,No,No,No Membership,No
Male,27,42057.4,Desktop,4.53,4,3,No,Yes,Yes,Basic,No
Male,33,50275.34,Desktop,2.94,5,1,Yes,No,No,Premium,No
Female,59,60414.27,Mobile,7.24,6,1,No,No,No,Basic,Yes
Female,59,54194.77,Desktop,5.26,7,1,No,Yes,Yes,Premium,Yes
Male,27,,Mobile,0.51,3,0,No,No,No,Premium,No
Female,23,48506.2,Mobile,6.18,5,2,Yes,Yes,No,No Membership,Yes
Male,22,66139.93,Mobile,6.97,4,2,Yes,Yes,No,No Membership,Yes
Female,23,75249.77,Mobile,2.78,6,3,Yes,No,No,No Membership,Yes
Female,64,59927.67,Tablet,12.51,3,0,No,No,No,Premium,No
Female,42,54625.64,Mobile,11.11,2,4,Yes,Yes,No,No Membership,Yes
Female,21,62458.52,Mobile,1.16,8,0,No,Yes,Yes,No Membership,Yes
Male,57,60563.51,Mobile,14.08,3,2,Yes,Yes,No,Basic,No
Female,49,73022.37,Mobile,3.49,8,4,Yes,Yes,No,No Membership,Yes
Male,52,69288.39,Mobile,7.72,4,0,Yes,Yes,No,Basic,Yes
Female,27,69504.89,Mobile,10.1,3,3,No,No,No,No Membership,Yes
Female,51,55792.47,Mobile,4.22,3,1,No,No,Yes,No Membership,Yes
Female,53,61142.08,Desktop,3.06,7,0,No,Yes,No,Basic,Yes
Male,23,60805.47,Mobile,14.82,1,1,Yes,Yes,No,No Membership,Yes
Female,60,33267.17,Mobile,1.57,6,3,Yes,Yes,Yes,No Membership,No
Male,63,74240.49,Desktop,1.78,7,0,No,Yes,No,No Membership,Yes
Male,33,24952.77,Tablet,2.69,6,1,No,No,Yes,Basic,No
Female,36,67819.36,Mobile,11.77,6,2,Yes,No,Yes,Premium,Yes
Male,51,59805.93,Mobile,16.76,1,1,No,No,No,Basic,No
Female,42,49882.81,Tablet,1.49,5,0,Yes,Yes,No,No Membership,Yes
Male,48,62041.42,Mobile,11.96,0,2,No,Yes,No,Premium,Yes
Male,58,62534.25,Mobile,1.79,5,4,Yes,No,No,No Membership,Yes
Female,34,31459.6,Mobile,21.17,5,4,No,No,No,No Membership,Yes
Female,64,80490.27,Tablet,5.46,5,1,Yes,Yes,No,Basic,Yes
Male,47,56298.48,Tablet,0.04,9,0,No,No,Yes,Premium,No
Female,56,96665.18,Desktop,0.21,8,4,No,No,Yes,Premium,Yes
Female,48,69215.88,Mobile,0.96,3,3,No,No,Yes,Premium,Yes
Female,36,55889.15,Mobile,1.25,3,3,Yes,Yes,No,No Membership,Yes
Male,52,42579.29,Mobile,8.76,8,3,No,No,No,Basic,Yes
Female,46,53004.89,Desktop,1.51,8,0,No,No,No,Premium,Yes
Female,18,57696.95,Tablet,20.87,8,0,No,No,Yes,Basic,Yes
Female,21,81377.74,Mobile,6.07,3,1,No,No,No,Basic,No
Male,45,77079.88,Desktop,7.08,0,2,No,No,Yes,No Membership,Yes
Female,35,63126.79,Mobile,1.47,5,1,No,No,Yes,Basic,No
Female,43,86845.44,Mobile,13.39,5,3,No,No,Yes,Basic,Yes
Female,57,18708.74,Desktop,6.61,3,7,Yes,Yes,No,No Membership,Yes
Male,36,63330.17,Mobile,11.99,9,0,Yes,Yes,No,No Membership,Yes
Female,23,77601.73,Mobile,18.81,11,0,No,Yes,No,Basic,Yes
Female,18,64853.88,Mobile,0.81,2,1,Yes,Yes,No,No Membership,Yes
Male,25,31009.46,Desktop,0.61,5,0,No,Yes,No,No Membership,No
Male,50,80009.98,Desktop,9.76,8,1,Yes,No,No,Basic,Yes
Female,60,68704.27,Tablet,12.07,4,0,Yes,Yes,Yes,No Membership,Yes
Male,38,61174.22,Desktop,5.26,1,0,No,No,No,Premium,No
Female,41,56590.44,Mobile,2.73,6,4,Yes,No,Yes,No Membership,Yes
Female,42,90886.64,Mobile,6.34,9,1,Yes,Yes,No,No Membership,Yes
Female,64,63001.32,Tablet,2.19,6,3,Yes,Yes,No,No Membership,Yes
Male,60,50645.45,Desktop,1.63,4,3,Yes,No,No,Basic,Yes
Male,36,40395.19,Desktop,4.02,6,0,No,Yes,No,No Membership,Yes
Female,46,68635.52,Desktop,1.46,5,2,No,Yes,No,Premium,Yes
Male,27,72752.2,Desktop,3.97,5,1,No,Yes,No,Basic,Yes
Female,29,56017.28,Mobile,18.82,4,0,No,Yes,No,Premium,Yes
Male,50,44959.99,Mobile,10.99,7,2,No,No,No,Premium,Yes
Male,24,78941.02,Desktop,17.05,4,2,No,No,No,No Membership,Yes
Male,34,39026.52,Desktop,9.85,2,2,Yes,Yes,No,No Membership,Yes
Female,27,,Desktop,2.63,4,0,Yes,No,Yes,Basic,Yes
Female,48,41778.39,Mobile,10.03,5,2,No,Yes,No,Basic,Yes
Male,23,31990.64,Mobile,15.38,2,1,Yes,Yes,Yes,Basic,Yes
Male,34,34293.4,Desktop,17.63,1,0,Yes,No,No,No Membership,Yes
Male,54,35025.03,Desktop,6.9,6,2,Yes,No,No,No Membership,Yes
Female,35,50741.27,Desktop,1.42,9,3,No,Yes,No,Premium,Yes
Male,43,46572.89,Mobile,0.24,7,0,No,No,No,Premium,No
Female,33,73443.52,Tablet,0.96,6,1,No,No,No,Basic,Yes
Female,25,70877.35,Desktop,20.21,6,1,Yes,No,No,Premium,Yes
Female,41,50976.8,Desktop,3.72,5,0,Yes,No,No,Basic,No
Male,30,110860.92,Mobile,11.59,5,1,No,Yes,No,Basic,Yes
Female,46,50738.3,Mobile,3.75,5,6,Yes,No,No,Premium,Yes
Male,49,53136.71,Desktop,6.49,3,0,No,Yes,Yes,Basic,Yes
Male,41,32006.48,Mobile,0.15,3,2,No,Yes,No,No Membership,No
Female,33,53550.27,Mobile,1.73,8,1,No,No,No,No Membership,Yes
Female,28,60353.21,Mobile,3.44,5,2,No,No,No,No Membership,Yes
Male,49,33684.02,Desktop,5.98,4,1,Yes,Yes,Yes,Premium,Yes
Male,23,46023.55,Mobile,1.13,2,2,Yes,Yes,No,No Membership,Yes
Female,52,60886.19,Mobile,8.68,4,1,Yes,No,No,No Membership,Yes
Male,50,45552.96,Tablet,2.72,10,1,No,No,Yes,Basic,Yes
Female,35,41785.13,Desktop,10.2,1,1,Yes,No,No,Premium,No
Female,54,69078.39,Mobile,0.62,5,5,Yes,No,No,No Membership,Yes
Male,30,31921.95,Mobile,6.83,2,1,Yes,No,Yes,No Membership,Yes
Male,27,35417.4,Tablet,2.08,3,4,Yes,No,No,No Membership,Yes
Male,54,58192.83,Mobile,9.52,4,1,Yes,No,Yes,Basic,Yes
Female,43,70230.87,Desktop,3.09,4,0,Yes,No,No,Basic,No
Female,63,60499.43,Mobile,6.57,8,0,No,No,No,Premium,No
Male,34,50970.03,Desktop,16.34,3,0,Yes,No,No,Basic,Yes
Female,18,49503.0,Desktop,0.13,2,1,No,No,Yes,Basic,No
Female,42,73187.95,Desktop,0.07,5,2,No,No,Yes,Basic,Yes
Male,51,70462.03,Mobile,8.83,4,1,No,No,No,Basic,Yes
Female,56,55897.29,Desktop,6.24,5,2,Yes,No,No,Basic,Yes
Male,27,50002.86,Mobile,2.08,6,2,No,Yes,No,No Membership,Yes
Male,37,55634.9,Tablet,4.09,4,3,No,No,No,Premium,Yes
Male,24,41910.45,Mobile,0.26,6,1,Yes,Yes,Yes,No Membership,Yes
Male,33,52296.84,Desktop,1.28,6,0,Yes,Yes,Yes,Basic,Yes
Male,54,46188.34,Mobile,3.32,1,1,No,No,No,Basic,No
Male,46,53184.79,Desktop,10.78,2,2,No,Yes,Yes,Basic,Yes
Female,29,46833.68,Mobile,3.92,2,2,No,No,No,No Membership,No
Female,34,64431.13,Mobile,5.3,3,1,No,No,No,Basic,Yes
Female,37,69731.3,Mobile,12.42,5,1,No,No,Yes,Basic,Yes
Male,43,48165.12,Mobile,2.22,7,2,Yes,Yes,No,No Membership,Yes
Male,36,40386.17,Mobile,7.24,1,1,No,Yes,Yes,Basic,No
Male,64,67809.19,Mobile,11.87,3,3,No,Yes,No,No Membership,Yes
Female,29,58325.66,Desktop,1.36,3,2,No,Yes,No,No Membership,Yes
Female,38,48398.75,Mobile,2.64,5,2,No,Yes,No,No Membership,Yes
Male,59,79759.93,Desktop,23.42,7,0,Yes,No,No,No Membership,Yes
Male,51,44829.38,Mobile,24.52,7,2,Yes,Yes,No,Basic,Yes
Female,24,19127.15,Desktop,1.52,5,0,No,No,No,Basic,No
Male,62,42256.73,Mobile,0.41,6,1,No,No,No,Basic,No
Male,52,84130.81,Tablet,1.9,6,0,No,No,No,No Membership,Yes
Female,32,49281.33,Desktop,3.04,3,3,Yes,No,No,No Membership,No
Female,18,45722.09,Mobile,3.49,6,1,No,Yes,No,No Membership,No
Male,43,55478.86,Desktop,5.79,5,4,Yes,No,No,No Membership,Yes
Male,52,73199.14,Mobile,13.79,5,1,No,No,No,Basic,No
Female,42,53507.8,Desktop,2.41,5,1,No,No,No,Basic,Yes
Male,59,65644.26,Mobile,11.38,5,2,No,No,Yes,Premium,Yes
Male,32,51593.21,Mobile,0.59,4,1,No,No,Yes,Basic,No
Male,39,65785.8,Mobile,0.26,11,3,No,No,No,No Membership,Yes
Male,23,58244.73,Desktop,4.21,4,3,Yes,Yes,Yes,Basic,Yes
Male,32,47836.15,Mobile,0.37,8,1,No,Yes,No,No Membership,No
Female,41,59645.66,Desktop,2.99,4,3,Yes,Yes,No,No Membership,Yes
Male,38,45234.82,Mobile,13.63,5,1,No,No,Yes,No Membership,No
Male,24,30192.61,Mobile,1.66,5,2,No,Yes,No,No Membership,No
Female,46,54642.02,Desktop,7.34,6,1,No,Yes,No,No Membership,No
Female,49,31791.26,Desktop,2.16,2,3,Yes,No,Yes,No Membership,Yes
Female,49,65753.73,Tablet,0.28,6,1,Yes,Yes,No,Basic,Yes
Female,22,54325.17,Desktop,4.88,9,1,No,Yes,No,No Membership,No
Male,21,80619.26,Desktop,10.81,8,0,No,No,No,Basic,Yes
Female,39,49055.73,Desktop,3.16,5,1,Yes,No,No,Premium,Yes
Male,35,54639.51,Mobile,5.76,9,0,No,No,Yes,No Membership,Yes
Female,52,28546.73,Mobile,13.82,6,3,Yes,Yes,Yes,Basic,Yes
Male,34,35126.32,Mobile,9.36,3,2,No,No,No,Basic,Yes
Female,41,24782.99,Mobile,1.29,8,1,No,No,No,Basic,Yes
Female,19,74394.89,Mobile,7.93,3,4,Yes,No,No,Basic,Yes
Male,30,46728.02,Tablet,4.18,3,4,No,No,No,No Membership,Yes
Female,32,78887.44,Mobile,8.22,6,1,Yes,Yes,No,Basic,Yes
Female,22,12000.0,Desktop,4.09,6,2,No,No,No,Basic,No
Female,20,82865.34,Desktop,0.82,3,1,No,No,No,No Membership,No
Male,54,53775.59,Mobile,5.06,3,3,No,No,No,Basic,Yes
Female,54,61117.25,Mobile,4.07,7,1,Yes,Yes,No,Basic,No
Male,54,35867.03,Mobile,4.38,4,3,No,No,No,Basic,Yes
Male,20,64491.22,Desktop,12.67,4,3,No,No,No,Basic,No
Male,52,48269.55,Tablet,13.51,7,3,No,Yes,No,Basic,Yes
Male,40,33508.82,Mobile,3.63,4,2,Yes,No,No,No Membership,Yes
Female,45,33262.01,Desktop,3.65,8,3,No,Yes,No,Basic,Yes
Male,47,32943.69,Mobile,4.34,4,0,No,Yes,Yes,Basic,No
Female,35,61844.31,Desktop,4.4,6,0,Yes,No,Yes,No Membership,Yes
Male,53,43558.63,Desktop,18.02,2,1,No,Yes,Yes,Basic,Yes
Male,50,25478.31,Mobile,6.29,6,0,Yes,No,No,Premium,No
Male,43,,Mobile,1.95,6,4,Yes,Yes,Yes,Basic,No
Male,57,15890.87,Mobile,4.55,4,1,Yes,No,No,Premium,Yes
Male,34,78923.3,Mobile,5.92,7,0,Yes,No,No,Basic,Yes
Male,57,90755.39,Desktop,6.13,2,0,No,Yes,Yes,No Membership,Yes
Female,24,31376.37,Mobile,5.28,6,2,No,Yes,No,Premium,Yes
Male,25,73944.11,Desktop,1.17,6,1,No,No,No,No Membership,Yes
Male,48,61283.76,Mobile,0.21,8,0,No,No,No,No Membership,No
Male,29,45999.3,Desktop,2.47,3,3,No,No,No,No Membership,No
Female,48,46839.3,Desktop,3.35,4,0,Yes,Yes,No,No Membership,Yes
Female,61,66780.61,Desktop,0.38,4,2,No,No,No,Basic,No
Male,36,54280.89,Mobile,10.12,5,2,No,No,No,No Membership,Yes
Male,27,12000.0,Mobile,2.53,2,1,Yes,Yes,No,Basic,No
Male,56,92314.26,Desktop,14.69,0,0,No,No,No,Basic,No
Female,29,62797.14,Mobile,1.01,3,2,No,Yes,Yes,Premium,No
Male,37,54063.81,Mobile,0.35,5,1,No,No,No,No Membership,No
Male,54,42068.38,Mobile,3.95,5,0,No,Yes,No,No Membership,Yes
Male,58,51598.71,Desktop,1.26,10,3,Yes,No,No,Premium,Yes
Male,24,77845.37,Desktop,16.63,7,1,Yes,Yes,No,Basic,Yes
Male,31,59709.13,Desktop,0.06,5,1,No,Yes,No,Basic,Yes
Female,28,61756.74,Mobile,3.19,3,0,Yes,Yes,No,Premium,Yes
Male,24,32514.93,Mobile,15.68,8,3,Yes,No,No,Premium,Yes
Female,46,48706.66,Tablet,2.91,1,2,No,Yes,No,Basic,No
Male,27,55918.93,Mobile,0.59,10,1,No,Yes,No,No Membership,Yes
Male,46,67538.19,Mobile,2.16,1,1,Yes,No,No,Basic,Yes
Female,26,47515.31,Desktop,4.14,4,1,Yes,Yes,Yes,Premium,Yes
Male,53,71701.64,Mobile,1.23,6,2,Yes,No,Yes,Premium,Yes
Female,27,34401.64,Mobile,3.77,5,1,No,Yes,No,No Membership,No
Female,36,56251.65,Mobile,10.86,7,2,No,Yes,Yes,No Membership,Yes
Male,48,53242.93,Mobile,12.36,8,0,Yes,Yes,Yes,Basic,Yes
Female,34,27720.52,Mobile,0.3,3,2,Yes,No,Yes,No Membership,Yes
Male,26,54141.25,Desktop,1.05,5,0,Yes,No,No,Basic,No
Female,62,44513.12,Mobile,1.93,8,1,Yes,Yes,No,Basic,Yes
Male,50,80447.95,Mobile,5.42,7,1,No,Yes,No,Premium,Yes
Female,51,47615.39,Desktop,2.69,9,0,No,No,No,No Membership,Yes
Male,62,61315.67,Tablet,11.15,2,2,No,Yes,Yes,No Membership,No
Female,41,32841.24,Mobile,7.57,8,1,No,No,Yes,Premium,No
Female,26,59258.24,Desktop,0.64,3,3,No,No,No,No Membership,Yes
Female,24,47529.17,Desktop,5.88,4,0,No,No,Yes,No Membership,No
Female,33,41027.02,Mobile,0.72,2,2,No,Yes,No,No Membership,Yes
Female,36,106010.06,Mobile,1.77,7,1,No,Yes,No,Basic,No
Female,56,48637.92,Mobile,1.18,2,0,No,No,No,Premium,No
Male,23,51184.92,Desktop,1.14,4,1,No,Yes,Yes,Basic,Yes
Male,28,71235.88,Mobile,5.75,4,1,No,Yes,No,Basic,No
Male,29,41168.32,Mobile,4.98,4,0,No,No,No,No Membership,Yes
Male,59,62258.9,Desktop,1.16,6,3,No,Yes,No,Basic,Yes
Male,30,64185.77,Mobile,27.74,8,1,No,No,No,Basic,Yes
Female,29,59404.61,Desktop,3.29,1,2,Yes,No,No,No Membership,No
Male,38,96334.11,Desktop,0.61,2,1,Yes,Yes,Yes,No Membership,No
Female,27,40523.16,Mobile,0.77,2,2,No,Yes,Yes,Premium,Yes
Male,37,82676.81,Tablet,5.26,1,1,Yes,Yes,Yes,Basic,Yes
Male,53,63498.53,Mobile,23.2,4,1,Yes,Yes,No,Premium,Yes
Female,45,71370.09,Mobile,5.09,8,2,Yes,Yes,Yes,Basic,Yes
Female,41,61142.22,Mobile,17.86,2,1,Yes,Yes,No,No Membership,Yes
Female,22,88808.99,Desktop,3.52,2,2,No,Yes,No,Basic,Yes
Female,54,49238.6,Desktop,3.43,5,0,Yes,No,No,Premium,Yes
Male,29,63949.96,Mobile,4.16,3,1,No,No,No,Basic,Yes
Female,52,78498.51,Mobile,7.17,4,0,Yes,No,No,No Membership,Yes
Male,57,44940.83,Mobile,2.75,6,0,No,Yes,No,No Membership,No
Male,19,73007.86,Desktop,11.97,7,0,No,No,Yes,Premium,Yes
Male,58,54664.51,Desktop,0.18,7,3,No,No,No,Basic,No
Male,62,32772.09,Desktop,3.48,2,1,No,No,No,No Membership,Yes
Male,56,28871.39,Desktop,4.29,7,0,Yes,No,Yes,Premium,Yes
Female,59,53365.24,Desktop,5.6,2,2,No,Yes,No,Basic,Yes
Female,26,72835.93,Mobile,1.94,3,1,Yes,Yes,No,Basic,Yes
Male,39,17578.55,Mobile,3.35,4,1,No,Yes,No,Basic,No
Male,64,58608.1,Desktop,3.98,1,1,No,Yes,Yes,Basic,Yes
Male,22,71062.79,Mobile,6.97,3,1,Yes,No,No,Basic,Yes
Male,29,31996.9,Mobile,8.91,9,1,No,Yes,No,No Membership,No
Female,18,43588.6,Tablet,8.03,0,2,No,Yes,No,Basic,Yes
Male,61,65302.6,Desktop,2.51,2,2,Yes,Yes,No,Premium,Yes
Female,39,70273.68,Mobile,45.04,6,3,No,Yes,Yes,No Membership,Yes
Male,55,83873.77,Desktop,11.33,3,1,Yes,Yes,Yes,No Membership,Yes
Female,36,44445.87,Tablet,1.81,5,3,Yes,No,Yes,No Membership,Yes
Male,33,40319.62,Mobile,1.3,6,1,No,Yes,No,No Membership,No
Female,48,84748.34,Mobile,2.26,2,2,Yes,No,No,Premium,No
Male,20,41411.05,Mobile,3.61,6,3,Yes,Yes,No,No Membership,Yes
Female,40,64131.14,Mobile,11.41,7,1,No,Yes,Yes,Premium,Yes
Male,59,94296.07,Desktop,9.04,8,0,No,Yes,No,Premium,No
Male,35,68548.76,Mobile,11.43,5,3,No,No,No,Basic,Yes
Female,43,69098.86,Mobile,1.9,5,1,No,No,Yes,No Membership,No
Female,30,78005.19,Mobile,5.4,8,3,No,No,No,Basic,Yes
Female,35,64447.62,Mobile,2.0,8,3,No,Yes,No,Basic,Yes
Female,20,69185.27,Mobile,0.69,8,2,No,Yes,Yes,Basic,Yes
Female,40,48833.39,Desktop,6.92,5,2,No,No,No,No Membership,No
Male,20,75879.32,Mobile,0.93,5,2,Yes,No,Yes,Basic,No
Male,42,62442.67,Desktop,6.61,5,2,Yes,Yes,No,No Membership,Yes
Male,44,28394.76,Desktop,6.26,5,2,No,No,No,No Membership,Yes
Female,61,59372.99,Mobile,9.97,5,1,No,No,No,Basic,Yes
Male,44,15946.33,Desktop,0.9,7,1,Yes,Yes,No,No Membership,No
Male,56,67850.43,Desktop,9.18,6,2,No,Yes,Yes,Premium,Yes
Female,42,50796.07,Mobile,43.39,2,1,Yes,No,No,No Membership,Yes
Female,41,89299.95,Mobile,11.42,2,2,Yes,No,Yes,Basic,Yes
Male,25,63813.36,Desktop,8.36,2,0,Yes,Yes,No,No Membership,No
Male,26,71635.27,Tablet,6.51,4,0,No,Yes,Yes,No Membership,Yes
Male,63,36113.98,Mobile,3.29,4,3,Yes,Yes,No,Premium,Yes
Male,54,67322.35,Mobile,7.87,5,2,No,No,Yes,Basic,Yes
Male,47,43468.16,Mobile,7.73,11,0,No,Yes,Yes,No Membership,No
Female,36,74629.32,Mobile,5.99,5,2,Yes,No,No,Premium,Yes
Female,33,34869.66,Desktop,9.55,6,0,No,No,No,No Membership,No
Female,41,56976.53,Mobile,3.57,3,0,Yes,No,No,No Membership,Yes
Male,61,34158.12,Mobile,0.78,4,1,No,No,Yes,No Membership,No
Female,38,57264.58,Mobile,4.91,7,0,No,No,Yes,No Membership,Yes
Male,53,91404.76,Mobile,1.85,7,1,No,No,Yes,Premium,Yes
Male,57,67982.83,Mobile,2.91,4,0,Yes,Yes,No,No Membership,No
Female,56,54412.69,Mobile,0.11,6,3,No,Yes,Yes,Premium,Yes
Male,64,12000.0,Mobile,2.9,5,0,No,No,No,Premium,No
Male,23,45357.63,Desktop,9.93,4,2,No,Yes,No,Basic,Yes
Female,22,63543.77,Tablet,4.69,1,1,No,No,No,Basic,No
Male,31,45804.56,Mobile,0.06,6,3,No,No,No,Basic,Yes
Female,62,80688.7,Mobile,3.81,4,4,Yes,Yes,No,No Membership,Yes
Male,59,56287.69,Mobile,2.07,4,4,No,No,No,No Membership,Yes
Female,21,74414.71,Mobile,3.9,6,2,No,No,No,Premium,Yes
Male,25,58688.22,Mobile,3.11,3,1,Yes,No,No,No Membership,Yes
Male,41,50032.32,Mobile,16.13,2,1,No,Yes,No,No Membership,Yes
Female,28,46516.12,Desktop,0.25,4,2,Yes,No,No,Basic,Yes
Male,34,36781.23,Mobile,6.9,8,5,No,Yes,Yes,Premium,Yes
Male,38,74739.04,Mobile,11.42,7,1,No,Yes,No,Premium,Yes
Male,43,47295.79,Desktop,19.2,7,2,Yes,No,No,Premium,Yes
Male,60,64401.34,Desktop,1.17,3,1,Yes,Yes,No,Basic,Yes
Male,61,45536.59,Mobile,4.55,0,2,No,No,No,Basic,No
Male,62,35505.48,Mobile,0.27,5,1,No,No,No,Basic,No
Female,44,64992.53,Mobile,4.15,6,1,No,Yes,No,No Membership,Yes
Male,33,41559.33,Mobile,0.8,5,2,No,Yes,Yes,Premium,Yes
Male,43,47791.23,Mobile,10.92,7,2,Yes,Yes,No,Premium,Yes
Male,50,32523.61,Mobile,0.73,6,0,Yes,Yes,Yes,No Membership,Yes
Male,48,46123.78,Mobile,4.32,6,0,No,No,Yes,Basic,No
Female,64,55433.93,Desktop,4.42,9,0,No,Yes,No,No Membership,Yes
Male,23,49825.16,Desktop,21.38,7,1,No,No,Yes,No Membership,Yes
Female,61,69728.08,Mobile,6.38,7,1,No,No,No,Basic,No
Male,25,57619.37,Mobile,2.04,2,2,Yes,No,No,Basic,No
Female,24,110571.65,Mobile,1.65,6,0,No,Yes,No,Premium,Yes
Female,51,62636.51,Mobile,0.82,7,1,Yes,No,No,No Membership,Yes
Female,61,23761.22,Mobile,8.48,4,0,No,Yes,No,No Membership,No
Female,31,51168.12,Desktop,7.04,10,0,Yes,No,Yes,No Membership,Yes
Female,33,52727.53,Desktop,5.65,7,5,No,No,No,No Membership,Yes
Male,60,43954.64,Desktop,0.25,4,1,No,No,No,Premium,Yes
Male,26,56307.0,Desktop,8.63,9,2,No,Yes,No,No Membership,Yes
Female,27,43418.85,Tablet,6.16,9,5,Yes,No,No,No Membership,Yes
Male,34,60990.76,Desktop,19.93,3,2,Yes,Yes,Yes,No Membership,Yes
Male,29,20643.62,Tablet,5.31,4,4,Yes,No,No,Premium,Yes
Female,23,75594.85,Mobile,2.17,7,2,No,No,No,Premium,Yes
Male,36,26590.77,Mobile,2.88,5,0,Yes,No,No,Premium,Yes
Female,60,50256.0,Desktop,1.16,7,1,Yes,Yes,No,Premium,Yes
Female,58,41811.28,Tablet,7.7,7,0,No,No,No,Premium,No
Female,46,60506.56,Mobile,7.38,2,3,Yes,Yes,Yes,Basic,Yes
Female,23,51701.66,Mobile,1.34,3,1,No,Yes,No,Premium,No
Male,42,59529.71,Mobile,1.04,2,3,Yes,Yes,Yes,No Membership,Yes
Male,41,75001.46,Desktop,0.48,4,1,No,Yes,No,Premium,No
Male,42,68835.08,Mobile,14.58,1,2,No,No,No,Basic,Yes
Male,33,55653.53,Desktop,1.59,3,1,No,No,No,No Membership,No
Female,33,63271.14,Tablet,2.53,4,2,No,No,No,No Membership,Yes
Female,23,90280.14,Desktop,1.98,3,1,No,Yes,Yes,No Membership,Yes
Male,54,69476.29,Mobile,3.2,8,1,Yes,Yes,No,No Membership,Yes
Male,38,49716.32,Mobile,7.51,2,0,Yes,Yes,No,No Membership,Yes
Female,21,78001.56,Mobile,12.27,6,1,Yes,No,No,No Membership,Yes
Male,51,62043.59,Mobile,1.21,7,1,Yes,Yes,No,No Membership,Yes
Male,45,37670.05,Mobile,6.96,5,2,No,No,No,No Membership,No
Male,55,51747.0,Desktop,2.61,3,0,No,No,No,Premium,No
Female,58,28499.37,Mobile,23.63,9,1,No,Yes,Yes,Basic,Yes
Female,45,13869.64,Desktop,2.13,8,3,No,Yes,No,No Membership,No
Female,34,37917.27,Tablet,0.04,6,0,No,Yes,No,Basic,No
Female,31,57206.46,Mobile,4.35,3,1,Yes,Yes,No,No Membership,Yes
Male,24,57259.16,Tablet,0.98,0,1,No,Yes,Yes,Premium,No
Male,39,29591.64,Desktop,0.27,10,1,No,No,No,No Membership,No
Female,18,12182.29,Mobile,7.19,4,3,No,No,No,Premium,Yes
Male,46,81473.72,Mobile,7.91,2,0,No,Yes,Yes,Premium,Yes
Female,48,56715.28,Mobile,3.7,4,3,Yes,Yes,No,Premium,Yes
Female,47,83002.82,Mobile,6.78,8,0,Yes,No,Yes,Basic,Yes
Female,32,81974.64,Desktop,4.64,1,2,Yes,Yes,Yes,Basic,Yes
Female,35,68224.77,Mobile,5.96,3,1,No,No,Yes,Premium,Yes
Female,52,56064.58,Desktop,5.45,5,2,Yes,Yes,Yes,No Membership,Yes
Female,47,47842.29,Mobile,6.58,3,1,Yes,Yes,No,Premium,Yes
Male,51,67934.74,Mobile,1.34,3,2,No,No,Yes,No Membership,No
Male,59,52122.56,Desktop,1.88,4,0,Yes,No,No,No Membership,No
Male,28,44386.85,Desktop,3.48,2,3,Yes,Yes,No,Basic,Yes
Female,44,17237.72,Mobile,3.54,3,2,No,Yes,No,No Membership,Yes
Male,41,53504.1,Mobile,8.93,7,1,No,Yes,Yes,Premium,No
Female,52,74740.08,Desktop,2.75,5,3,Yes,Yes,No,Basic,No
Male,56,77667.7,Desktop,1.06,5,1,No,No,No,Basic,Yes
Female,25,55959.02,Mobile,1.74,5,0,Yes,Yes,No,Basic,No
Male,35,39003.21,Mobile,1.45,8,3,Yes,Yes,Yes,No Membership,Yes
Female,30,71249.39,Mobile,7.89,8,2,No,Yes,Yes,Premium,Yes
Female,62,54723.42,Mobile,3.81,4,1,No,No,No,Basic,No
Male,41,48417.84,Desktop,7.4,11,2,No,Yes,No,No Membership,Yes
Male,40,28793.53,Desktop,3.23,3,1,Yes,No,No,Basic,No
Female,29,92867.71,Desktop,13.23,7,1,No,Yes,No,No Membership,Yes
Male,47,68291.17,Mobile,24.63,7,0,Yes,Yes,Yes,No Membership,Yes
Male,48,70232.47,Desktop,6.65,5,2,No,No,No,No Membership,Yes
Female,45,39469.43,Mobile,11.96,3,4,Yes,No,No,Premium,Yes
Female,39,56435.49,Tablet,4.25,9,2,No,Yes,No,Basic,Yes
Female,61,53533.11,Mobile,16.37,6,2,Yes,No,No,Premium,Yes
Male,45,69077.7,Mobile,10.69,5,1,No,Yes,Yes,Premium,Yes
Male,30,79474.93,Desktop,28.81,5,1,Yes,No,Yes,No Membership,Yes
Female,42,29184.12,Mobile,5.85,8,2,Yes,Yes,Yes,No Membership,No
Female,61,35655.8,Desktop,9.06,3,2,No,No,No,Basic,Yes
Female,63,66623.28,Desktop,4.7,6,2,No,No,No,Premium,No
Male,24,45855.47,Mobile,1.8,5,0,No,No,No,No Membership,No
Male,62,69667.73,Desktop,2.63,5,3,Yes,No,No,No Membership,Yes
Male,23,48284.93,Mobile,13.47,6,1,Yes,Yes,No,Premium,Yes
Male,41,32522.06,Mobile,0.35,7,4,No,No,No,No Membership,Yes
Male,36,23331.71,Tablet,5.37,5,2,Yes,Yes,No,No Membership,Yes
Male,36,63714.3,Desktop,2.8,4,1,No,Yes,Yes,Basic,Yes
Female,53,64155.71,Mobile,2.93,4,2,No,No,No,Basic,Yes
Male,26,72463.88,Mobile,12.95,5,1,No,No,Yes,No Membership,Yes
Female,53,60901.72,Mobile,11.54,0,0,No,Yes,Yes,Basic,Yes
Female,55,12000.0,Desktop,5.48,7,2,No,No,No,No Membership,No
Female,57,64061.81,Tablet,1.91,5,0,No,Yes,No,Basic,No
Male,46,28765.77,Mobile,3.87,3,2,No,No,No,Basic,No
Female,41,21381.08,Desktop,3.15,0,2,No,No,No,Premium,No
Female,22,19213.22,Mobile,2.62,12,3,No,Yes,Yes,Basic,Yes
Female,59,17556.62,Mobile,0.65,6,0,No,No,No,Basic,No
Female,62,60021.61,Tablet,4.7,1,1,No,Yes,No,Premium,No
Female,43,41838.68,Mobile,2.16,5,1,No,No,No,Basic,No
Female,31,27656.1,Mobile,6.49,3,2,No,No,No,Basic,No
Male,56,55415.49,Desktop,2.31,4,1,Yes,No,Yes,Basic,Yes
Female,46,35093.2,Mobile,3.38,5,1,No,No,No,Premium,Yes
Male,23,72659.28,Mobile,0.32,4,2,No,Yes,No,No Membership,Yes
Female,24,81103.95,Tablet,29.39,4,0,Yes,No,Yes,Basic,Yes
Male,54,51083.16,Desktop,4.25,7,0,No,No,Yes,No Membership,No
Male,35,79790.94,Desktop,0.15,6,3,Yes,No,No,Premium,Yes
Female,40,79760.63,Mobile,4.68,7,0,Yes,Yes,Yes,Basic,No
Female,61,56522.94,Mobile,12.26,5,2,No,No,No,Basic,No
Male,33,39795.02,Mobile,10.24,7,2,No,No,No,Basic,Yes
Male,54,53775.59,Mobile,5.06,3,3,No,No,No,Basic,Yes
Male,34,58069.99,Mobile,0.76,5,2,No,Yes,No,No Membership,No
Female,33,56680.64,Mobile,8.08,7,3,No,Yes,No,Basic,Yes
Female,43,37726.06,Desktop,0.52,3,0,Yes,Yes,Yes,Premium,Yes
Female,22,68757.93,Mobile,0.91,3,2,No,No,No,Basic,No
Female,49,69898.84,Tablet,5.67,6,2,No,No,No,Basic,Yes
Female,19,55675.42,Mobile,10.48,6,0,No,No,No,Basic,No
Female,33,54406.17,Mobile,1.61,8,2,Yes,No,No,No Membership,Yes
Female,58,113975.19,Mobile,0.18,1,1,Yes,Yes,No,Basic,Yes
Female,36,72966.1,Mobile,2.51,11,3,Yes,No,No,No Membership,Yes
Female,56,57206.09,Tablet,0.8,5,1,Yes,Yes,Yes,Basic,Yes
Female,29,80219.87,Mobile,2.33,5,2,Yes,Yes,Yes,Premium,Yes
Female,35,49102.86,Desktop,2.48,3,1,No,Yes,No,Basic,Yes
Male,23,37097.93,Desktop,1.58,6,0,Yes,No,No,No Membership,No
Female,61,64099.14,Desktop,0.8,6,3,Yes,No,No,Basic,Yes
Female,38,36962.13,Tablet,10.09,2,0,Yes,Yes,Yes,No Membership,Yes
Male,40,34221.59,Mobile,18.44,3,2,No,No,Yes,Basic,Yes
Female,35,76807.87,Desktop,2.55,4,2,No,No,No,Premium,Yes
Female,19,67246.17,Desktop,4.05,3,0,No,Yes,No,Basic,Yes
Male,60,86520.44,Tablet,0.17,7,1,No,Yes,No,No Membership,Yes
Male,22,54317.81,Mobile,8.98,8,0,Yes,No,No,Basic,Yes
Male,62,32772.09,Desktop,3.48,2,1,No,No,No,No Membership,Yes
Male,39,47168.08,Desktop,2.16,6,2,Yes,No,No,No Membership,No
Female,63,50389.15,Tablet,15.41,6,1,No,Yes,No,No Membership,No
Male,59,48761.48,Mobile,2.46,3,4,Yes,Yes,No,Basic,Yes
Female,28,60353.21,Mobile,3.44,5,2,No,No,No,No Membership,Yes
Female,34,59836.7,Mobile,0.37,3,1,No,No,No,Basic,No
Male,25,64298.03,Mobile,5.33,4,0,Yes,Yes,Yes,No Membership,No
Female,48,73246.01,Mobile,1.35,2,1,No,No,No,Basic,Yes
